semester,cgpa,attendance,average_marks,highest_marks,lowest_marks,target
3,5.78,86.08,71.23,73.13,61.21,Moderate
5,7.71,81.87,78.72,87.17,68.11,Moderate
8,4.58,66.97,38.81,43.84,28.67,High
4,7.96,95.68,81.42,90.52,76.02,Low
6,6.64,73.99,67.6,76.84,62.31,High
3,6.79,82.18,61.5,61.9,50.75,Moderate
8,8.41,97.06,92.42,100.0,77.63,Low
7,7.43,87.92,77.67,83.05,66.87,Moderate
3,7.78,81.01,63.77,67.07,54.08,Moderate
4,5.29,55.08,50.16,58.53,43.13,High
2,7.32,72.27,68.34,77.97,61.33,Moderate
5,6.09,66.81,57.81,76.64,47.59,High
2,8.98,92.21,88.78,92.17,80.93,Low
4,9.86,72.2,82.96,91.55,72.75,Low
5,7.12,60.17,75.85,81.34,71.63,High
8,9.88,95.32,89.94,97.81,77.86,Low
1,7.5,100.0,68.52,78.81,66.75,Low
3,8.03,100.0,79.58,86.5,75.72,Low
4,8.56,82.09,81.58,86.71,71.14,Low
8,6.68,85.2,62.53,76.2,51.65,High
7,9.08,99.48,94.93,100.0,79.68,Low
4,6.74,88.3,82.02,88.16,73.28,Moderate
7,7.2,75.2,82.38,92.87,75.45,Moderate
7,7.13,85.68,78.87,92.09,64.17,Moderate
5,6.02,73.23,48.88,66.96,37.75,High
2,6.36,100.0,74.69,81.59,64.83,Low
7,8.63,75.88,87.96,96.36,79.66,Low
7,4.33,61.1,50.6,56.61,42.81,High
1,6.55,77.25,65.91,70.71,54.7,High
2,10.0,95.17,83.67,94.81,68.73,Low
1,8.02,70.33,81.73,88.5,68.7,Moderate
5,9.61,100.0,82.72,90.61,74.6,Low
4,7.69,72.42,68.71,75.48,54.44,Moderate
3,5.92,76.27,69.34,73.22,58.69,High
2,10.0,100.0,83.17,89.36,73.7,Low
1,6.33,73.05,76.93,89.28,69.5,High
7,7.58,77.92,76.97,82.59,75.53,Moderate
4,6.53,86.6,68.03,81.0,61.46,Moderate
3,6.21,69.47,67.65,79.97,54.03,High
4,8.61,98.81,96.55,99.98,82.29,Low
1,6.74,66.96,69.36,75.31,59.55,High
1,9.2,93.11,84.74,90.68,79.41,Low
7,6.05,83.14,53.83,59.53,46.83,High
3,8.18,95.15,91.65,98.23,78.79,Low
5,7.77,98.0,93.95,98.64,84.95,Low
6,8.05,67.14,92.24,97.7,88.61,Low
8,7.62,97.25,80.46,86.41,71.33,Low
6,5.42,62.83,48.95,55.76,38.71,High
4,8.58,79.37,85.87,93.06,75.26,Low
8,8.02,83.26,79.93,89.47,69.93,Low
8,7.0,80.17,66.44,73.74,60.36,Moderate
7,7.96,90.59,79.13,83.71,67.86,Moderate
5,8.55,73.1,79.72,92.95,64.54,Moderate
5,8.55,71.94,82.2,97.92,75.03,Moderate
5,7.37,91.0,70.72,78.34,61.48,Moderate
1,6.88,87.7,79.36,89.22,75.99,Moderate
2,8.43,100.0,82.05,88.65,77.72,Low
4,9.22,93.57,95.89,100.0,90.42,Low
4,7.96,100.0,82.37,90.24,72.9,Low
5,8.17,92.98,96.93,98.06,88.64,Low
5,8.6,82.96,78.72,87.28,68.58,Low
2,7.48,80.25,74.5,89.09,62.89,Moderate
2,7.76,50.35,60.65,68.98,49.83,High
6,8.19,100.0,84.42,88.9,71.62,Low
3,7.13,73.68,66.19,76.55,56.8,High
2,10.0,100.0,98.0,100.0,86.08,Low
6,7.22,88.15,71.14,86.53,66.96,Moderate
2,8.13,85.61,82.12,91.32,77.86,Low
6,8.8,93.0,81.45,88.96,71.31,Low
6,7.35,76.45,57.31,66.57,49.79,Moderate
4,7.01,77.0,76.62,86.37,65.75,Moderate
4,7.99,77.27,83.39,90.37,74.59,Low
7,10.0,89.83,92.55,99.11,84.71,Low
3,9.02,89.81,77.9,87.74,72.86,Low
3,6.12,68.79,72.45,75.66,66.45,High
6,7.98,100.0,93.79,93.96,80.58,Low
4,8.96,89.11,90.19,100.0,86.7,Low
1,7.94,68.93,80.77,89.87,70.36,Moderate
2,5.85,92.09,67.06,75.67,59.73,Moderate
3,5.87,85.61,68.65,78.37,55.55,Moderate
8,8.53,84.57,80.65,85.75,77.29,Low
5,7.96,86.67,77.11,80.55,66.44,Low
3,8.36,72.39,81.28,89.52,75.39,Moderate
1,8.69,100.0,81.52,89.7,72.16,Low
5,7.42,79.03,70.08,72.65,63.67,Moderate
5,6.54,50.0,55.39,71.36,48.46,High
3,7.54,73.08,68.86,73.42,63.62,Moderate
5,5.85,74.7,72.75,73.04,65.39,High
1,9.45,100.0,98.0,100.0,80.66,Low
2,7.86,95.27,88.2,90.71,78.65,Low
5,7.47,76.52,68.76,70.75,54.66,Moderate
5,7.56,91.07,67.38,71.14,57.06,Moderate
6,7.58,87.04,80.1,92.13,67.19,Low
4,6.25,74.72,60.96,64.92,52.77,High
1,7.95,93.71,87.3,97.08,82.87,Low
1,7.4,78.75,69.22,79.03,59.15,Moderate
2,5.57,82.58,67.77,78.62,59.09,High
7,6.66,82.57,73.51,83.47,66.3,Moderate
6,7.65,87.58,88.32,93.9,80.16,Low
6,9.3,81.48,81.15,84.32,70.88,Low
3,9.89,100.0,98.0,100.0,89.13,Low
6,9.61,84.78,85.29,95.35,77.32,Low
6,8.04,100.0,82.4,95.44,78.32,Low
2,7.65,79.13,74.89,82.26,67.08,Moderate
3,6.9,100.0,84.43,92.53,76.22,Low
8,7.17,80.71,78.55,83.23,67.4,Moderate
7,9.54,100.0,97.81,99.3,87.4,Low
3,6.97,96.31,69.33,73.57,62.48,Moderate
2,10.0,86.38,98.0,100.0,90.14,Low
4,6.61,74.37,59.83,61.31,50.09,High
3,9.34,75.36,85.67,88.39,77.03,Low
1,6.05,95.19,66.45,76.09,63.28,Moderate
4,6.43,89.5,75.32,80.44,71.23,Moderate
2,8.78,82.59,82.43,90.49,71.1,Low
8,6.73,68.93,67.9,70.53,60.23,Moderate
4,7.33,91.43,71.32,73.07,57.45,Moderate
6,8.6,87.7,89.02,100.0,81.59,Low
7,9.11,87.24,77.37,85.37,63.28,Low
5,7.47,56.04,77.89,86.19,75.61,Moderate
7,9.32,97.55,89.26,96.56,83.07,Low
5,9.44,100.0,98.0,100.0,86.61,Low
4,5.99,74.64,73.68,80.49,67.18,High
8,8.52,67.04,69.98,78.45,59.59,Moderate
6,9.3,75.41,79.77,85.55,70.68,Low
2,7.83,87.98,76.7,82.35,67.14,Moderate
7,8.89,82.85,88.33,88.54,80.6,Low
6,8.59,85.98,87.77,95.48,78.2,Low
3,7.44,82.62,82.77,92.12,71.14,Low
7,6.29,66.57,66.23,72.52,65.59,High
4,9.88,79.41,98.0,100.0,89.7,Low
1,6.99,90.01,75.09,85.45,65.02,Moderate
4,9.25,100.0,87.99,95.23,78.57,Low
8,7.37,90.45,69.13,77.22,64.63,Moderate
4,8.58,89.04,74.86,85.03,71.47,Low
1,6.61,69.18,56.22,65.91,42.73,High
2,7.04,79.66,71.34,83.22,62.89,Moderate
2,6.92,75.06,73.46,75.23,63.79,Moderate
3,9.3,76.63,78.63,84.62,78.09,Low
6,5.95,83.35,63.06,79.36,50.8,High
4,9.43,89.48,84.5,91.45,77.52,Low
1,7.76,70.17,70.73,72.75,61.48,Moderate
5,6.69,96.45,71.71,83.33,65.91,Moderate
5,8.28,83.76,76.29,86.12,63.39,Low
5,8.15,97.14,68.68,77.83,62.01,Low
5,8.27,72.31,91.38,97.5,81.38,Low
5,7.24,76.89,70.74,79.88,69.6,Moderate
8,8.53,69.43,87.54,99.55,79.44,Low
3,6.59,75.81,65.8,73.14,57.73,Moderate
6,7.66,83.5,70.22,71.0,64.64,Moderate
3,4.3,78.03,52.99,57.37,47.91,High
2,7.37,92.31,88.71,99.17,78.84,Low
2,6.59,92.15,78.54,93.71,76.3,Moderate
7,9.16,64.44,87.58,91.35,80.94,Low
4,5.36,91.43,74.71,85.12,66.82,Moderate
5,7.93,66.83,76.74,89.42,66.89,Moderate
3,8.36,77.57,70.03,79.06,64.7,Moderate
4,7.6,77.11,88.07,91.13,77.51,Low
2,6.73,81.73,67.61,70.08,57.84,Moderate
4,8.69,80.92,98.0,100.0,87.05,Low
3,5.78,82.55,55.37,64.2,47.24,High
4,7.06,70.73,71.24,76.56,56.95,Moderate
3,7.36,65.0,72.57,76.4,63.0,Moderate
7,9.18,100.0,81.67,88.22,78.4,Low
6,8.66,77.78,76.32,84.22,69.11,Low
8,10.0,88.56,98.0,100.0,91.78,Low
7,8.22,76.85,67.82,73.8,60.8,Moderate
4,7.81,76.29,81.9,91.51,75.73,Moderate
4,9.07,97.63,88.62,100.0,83.61,Low
3,7.47,100.0,91.1,98.06,83.06,Low
8,8.94,100.0,89.13,96.42,81.63,Low
4,7.92,77.23,75.08,75.71,64.29,Moderate
7,6.1,100.0,73.65,78.25,64.48,Moderate
8,8.79,94.19,98.0,100.0,86.87,Low
6,9.04,62.39,89.34,93.28,81.95,Moderate
7,7.47,96.88,74.19,92.28,65.62,Moderate
5,10.0,97.73,95.21,100.0,87.59,Low
1,5.4,66.91,58.18,63.78,52.47,High
7,6.43,78.03,57.49,68.48,47.9,High
8,5.78,70.5,61.83,67.12,56.94,High
2,7.81,68.71,69.58,72.3,57.0,Moderate
8,7.69,96.2,69.71,81.54,58.11,Moderate
3,8.31,98.12,83.62,94.83,79.01,Low
4,7.0,75.77,79.21,85.76,66.28,Moderate
3,6.26,69.28,57.55,65.63,53.08,High
5,8.2,75.67,73.51,78.7,61.91,Moderate
3,6.49,65.05,48.47,55.73,34.3,High
4,7.08,94.05,84.86,90.0,74.25,Low
2,8.05,85.83,66.09,71.98,51.64,Moderate
1,5.36,97.13,59.46,74.24,49.89,High
7,8.87,72.45,84.41,95.7,71.92,Moderate
7,6.26,76.75,66.63,72.53,50.99,High
1,9.58,94.75,95.52,100.0,81.29,Low
5,7.8,90.94,76.41,83.82,65.5,Low
2,8.45,89.51,77.62,86.73,63.81,Low
8,8.57,85.51,82.13,89.81,70.22,Moderate
3,7.86,64.36,71.43,78.77,65.49,Moderate
8,9.79,87.69,93.98,99.17,79.77,Low
1,9.75,93.33,87.49,96.82,82.28,Low
3,7.65,91.13,82.87,87.18,75.49,Moderate
2,9.6,81.24,87.26,95.04,81.69,Low
5,9.61,84.04,98.0,100.0,87.91,Low
2,6.42,73.18,76.16,87.43,61.23,Moderate
5,6.97,70.11,59.92,71.04,56.26,High
1,7.75,69.3,66.78,72.2,52.68,Moderate
3,6.47,68.63,74.94,90.56,64.57,High
5,7.01,71.36,79.75,85.14,65.18,Moderate
6,9.54,94.04,98.0,100.0,89.99,Low
4,9.17,85.89,91.59,100.0,80.99,Low
2,9.54,77.13,86.45,95.36,75.42,Low
6,7.83,66.33,72.17,86.21,65.9,Moderate
2,7.56,100.0,93.0,99.2,87.09,Low
4,8.64,86.6,89.49,93.21,73.17,Low
6,8.01,96.92,78.6,87.78,72.63,Low
3,7.15,54.8,67.99,72.75,62.74,High
8,4.94,74.64,62.02,76.35,55.58,High
5,6.33,69.53,58.3,72.69,49.36,High
8,6.63,89.57,68.82,69.83,58.02,Moderate
7,7.31,67.99,65.99,76.19,51.6,High
5,6.28,50.0,55.84,56.24,43.21,High
2,9.36,84.78,95.0,100.0,76.72,Low
2,5.36,89.57,64.27,68.2,51.05,High
4,7.24,85.59,75.03,88.52,67.52,Low
5,5.81,85.27,75.16,81.1,67.15,Moderate
4,8.68,83.08,84.14,92.34,73.75,Low
3,5.78,94.08,58.41,69.14,51.13,High
5,9.02,83.68,94.92,100.0,83.99,Low
6,7.94,73.62,82.96,96.06,68.26,Moderate
5,7.01,92.13,67.6,71.44,53.19,Moderate
2,6.69,64.54,66.06,75.73,53.13,High
8,5.95,80.88,74.01,80.53,61.4,Moderate
8,6.74,98.19,71.91,79.49,59.91,Moderate
8,9.53,96.7,98.0,100.0,85.55,Low
5,6.97,71.5,70.56,81.54,61.52,Moderate
5,7.07,67.02,67.16,73.09,59.83,High
1,8.42,86.64,90.87,100.0,82.47,Low
8,4.56,60.9,50.08,66.2,46.46,High
2,8.85,100.0,92.39,100.0,86.97,Low
6,8.03,96.3,79.49,89.12,68.77,Low
4,10.0,100.0,98.0,100.0,82.51,Low
2,8.06,100.0,82.35,92.01,73.24,Low
5,8.62,90.32,95.35,100.0,89.58,Low
1,8.29,80.63,78.77,91.38,72.06,Moderate
8,6.57,70.79,62.88,63.62,51.67,High
5,5.42,79.41,64.97,76.68,56.07,High
4,8.96,92.36,86.12,90.39,77.52,Low
6,7.03,50.0,64.16,68.92,53.38,High
5,6.15,96.66,66.7,74.5,57.32,Moderate
4,9.3,80.6,95.55,100.0,86.78,Low
4,9.76,96.08,98.0,100.0,87.04,Low
8,9.46,98.92,95.02,100.0,85.14,Low
5,8.98,58.29,75.04,76.78,66.89,Moderate
7,5.93,54.29,54.68,59.61,41.27,High
4,8.09,80.84,79.24,92.94,70.94,Low
1,7.85,100.0,80.6,88.61,72.9,Low
6,5.36,76.23,61.48,74.71,55.45,High
1,8.25,81.97,86.7,92.58,73.4,Low
2,7.81,85.69,86.82,92.41,77.2,Low
2,7.25,89.51,75.04,77.06,64.08,Moderate
4,8.02,87.39,86.84,93.65,79.65,Low
2,10.0,74.62,94.6,100.0,76.91,Low
2,8.61,82.08,77.58,80.35,73.49,Moderate
8,7.71,69.16,80.82,89.24,72.54,Moderate
2,4.86,71.1,65.17,66.22,50.23,High
6,7.34,95.33,75.57,77.96,56.45,Moderate
7,7.81,100.0,90.28,99.18,84.32,Low
4,7.43,83.02,67.66,81.78,48.57,Moderate
7,8.37,100.0,78.72,87.22,70.42,Low
7,6.05,81.76,76.94,84.18,61.11,Moderate
8,6.61,57.46,67.97,72.68,52.77,High
2,7.91,85.89,70.44,74.54,59.65,Moderate
2,4.3,55.83,46.42,47.07,40.27,High
6,7.52,83.34,80.19,80.6,66.48,Moderate
6,7.4,86.82,64.76,72.76,52.02,Moderate
7,6.38,92.96,66.5,70.05,52.09,Moderate
4,7.32,97.75,67.84,75.6,55.4,Moderate
6,7.54,89.27,70.07,79.51,57.77,Moderate
3,7.25,79.16,76.25,88.38,64.39,Moderate
1,7.9,80.44,80.35,87.59,68.12,Moderate
4,6.8,84.61,74.83,82.93,64.26,Moderate
5,6.95,76.67,70.7,82.24,68.3,Moderate
8,8.78,86.6,90.99,96.23,80.03,Low
7,6.31,67.01,67.94,76.23,53.59,High
4,5.91,57.87,63.0,70.81,59.51,High
1,7.35,88.12,94.11,98.13,83.55,Low
3,8.72,79.25,75.7,83.0,66.17,Low
1,5.9,84.56,58.02,74.24,48.25,High
6,5.25,69.95,60.49,63.3,47.08,High
2,9.16,82.01,98.0,100.0,87.12,Low
8,8.37,90.24,75.8,81.48,67.32,Low
4,8.18,69.79,83.6,85.42,70.23,Moderate
7,6.08,72.27,58.76,66.4,41.37,High
8,8.94,74.42,84.88,90.05,79.08,Low
4,9.0,59.82,91.43,94.38,84.62,Low
8,9.31,58.22,89.73,100.0,80.32,Moderate
1,8.66,91.1,83.45,99.82,73.81,Low
5,8.57,77.22,90.96,96.79,82.4,Low
4,9.71,100.0,69.87,76.99,65.47,Low
1,8.9,87.1,90.18,96.98,86.37,Low
4,7.86,96.22,75.79,85.1,62.85,Low
6,7.38,50.0,63.03,66.49,54.11,High
4,8.23,63.73,76.45,86.61,74.36,Moderate
1,6.51,81.07,70.01,81.9,55.91,Moderate
4,8.65,73.87,88.67,92.99,76.34,Low
7,8.21,100.0,79.73,83.1,68.66,Low
4,8.04,100.0,72.54,75.79,64.95,Low
5,5.74,83.38,75.44,82.12,69.63,Moderate
7,10.0,100.0,98.0,100.0,84.95,Low
3,8.16,71.78,80.7,84.29,73.63,Low
5,9.61,94.75,98.0,99.13,88.34,Low
2,6.5,80.18,78.18,83.31,65.67,Moderate
3,8.03,99.32,90.4,100.0,89.69,Low
4,8.41,76.81,63.53,76.18,59.62,Moderate
8,5.66,68.07,52.31,61.14,41.67,High
4,8.34,75.64,83.81,93.07,66.16,Moderate
4,6.34,82.92,70.61,75.63,62.39,Moderate
2,6.31,85.71,72.25,78.7,64.62,Moderate
5,8.48,76.74,90.02,93.51,83.82,Low
2,8.12,88.87,79.66,86.39,69.44,Low
1,6.84,100.0,73.58,73.77,67.02,Moderate
2,7.39,80.84,63.12,70.69,52.66,Moderate
7,7.72,68.91,75.51,83.4,65.15,Moderate
3,7.37,62.12,63.8,80.46,58.77,High
3,7.2,82.49,75.5,79.81,59.56,Moderate
3,10.0,80.81,93.09,100.0,87.8,Low
6,7.0,77.04,61.52,73.85,54.42,High
5,5.73,82.95,71.4,73.46,54.06,Moderate
1,5.59,93.09,59.02,64.59,55.52,Moderate
2,9.39,94.29,89.22,97.4,81.36,Low
1,6.59,72.95,62.39,74.89,47.17,High
7,7.65,100.0,67.39,78.45,57.82,Low
2,4.77,67.24,60.09,67.13,46.94,High
6,6.98,86.25,59.17,73.26,50.99,Moderate
5,7.65,84.81,65.63,72.48,61.08,Moderate
3,7.77,80.06,78.83,86.14,73.09,Low
8,4.91,78.13,55.04,64.79,41.63,High
7,9.34,58.33,91.03,100.0,78.96,Low
2,9.53,94.15,98.0,100.0,93.65,Low
5,7.61,94.92,78.8,83.45,70.4,Low
7,9.46,92.93,78.71,84.66,68.44,Low
7,7.95,83.72,78.6,88.39,72.08,Moderate
3,5.89,68.93,60.31,65.04,60.09,High
6,8.32,99.85,86.02,91.85,77.43,Low
6,6.04,77.14,59.66,69.88,57.4,High
4,8.11,84.05,92.76,98.7,84.36,Low
6,8.29,82.59,86.34,96.6,79.38,Low
2,7.0,73.12,67.32,75.76,59.02,Moderate
8,8.62,85.06,88.2,98.61,78.68,Low
7,7.23,100.0,79.46,92.28,77.84,Low
4,8.29,100.0,79.98,83.76,70.43,Low
4,6.55,76.39,67.31,73.62,56.72,High
2,6.02,75.6,59.51,70.92,50.51,High
5,8.06,69.41,82.34,89.76,72.78,Moderate
8,5.2,78.24,61.99,62.29,54.18,High
4,5.64,50.0,50.29,56.87,39.83,High
1,7.57,81.81,76.57,82.9,66.96,Moderate
5,8.43,79.44,76.67,78.65,67.69,Moderate
7,5.55,71.1,57.89,65.1,45.13,High
7,7.7,86.33,69.75,80.37,59.47,Moderate
6,8.18,73.97,81.7,92.58,65.89,Moderate
3,7.17,73.06,78.75,80.93,70.08,Moderate
2,9.66,68.53,94.24,100.0,83.2,Low
8,7.6,74.21,73.38,79.13,64.45,Moderate
2,7.16,86.24,68.33,73.8,56.1,Moderate
4,7.96,87.46,95.43,100.0,78.8,Low
3,7.37,79.29,85.11,96.26,74.53,Moderate
4,9.34,80.97,85.49,100.0,84.87,Low
2,7.68,63.81,78.85,85.97,70.0,Moderate
2,5.49,88.23,52.36,56.91,43.15,High
6,6.65,72.37,71.64,77.82,64.51,Moderate
4,6.65,60.48,61.37,65.73,52.97,High
6,6.34,81.79,68.11,70.4,59.45,Moderate
2,6.57,56.75,61.16,68.85,59.57,High
5,8.77,80.29,74.86,82.88,63.87,Moderate
1,7.98,66.73,74.91,83.01,63.39,Moderate
1,7.26,66.73,58.84,70.55,54.02,Moderate
8,6.24,60.49,76.85,80.98,69.21,High
5,7.73,64.1,83.25,91.7,68.74,Moderate
7,7.33,63.84,78.18,88.6,69.19,Moderate
3,7.29,68.05,72.25,74.98,64.47,Moderate
3,7.67,77.8,88.52,98.39,79.27,Low
6,9.92,100.0,96.62,99.46,94.73,Low
6,6.75,70.99,67.01,73.25,59.49,High
4,6.42,86.43,82.34,85.76,79.67,Moderate
8,9.83,68.64,93.21,96.9,86.26,Low
7,8.81,69.18,79.06,83.26,68.6,Low
1,7.79,54.71,71.36,83.53,56.32,High
4,8.09,74.91,76.81,88.63,66.28,Moderate
5,6.97,100.0,83.44,89.73,75.16,Low
1,6.49,84.23,60.46,68.29,52.57,High
3,7.96,83.24,94.43,100.0,84.6,Low
8,7.79,87.5,73.32,81.92,66.57,Low
4,7.04,86.88,79.51,86.85,66.18,Moderate
6,7.44,94.8,83.63,95.62,73.25,Moderate
8,6.31,70.74,63.04,75.96,54.19,High
5,6.96,66.51,65.68,68.6,58.83,High
7,9.68,84.29,92.17,96.51,84.57,Low
8,6.38,86.88,66.29,75.84,65.9,Moderate
8,7.66,82.67,68.75,74.41,60.54,Moderate
1,8.03,85.88,78.82,85.63,63.99,Low
6,6.66,75.62,74.04,77.61,58.87,Moderate
2,7.87,100.0,83.45,86.37,73.12,Low
5,7.37,56.34,76.39,81.7,66.6,Moderate
6,9.78,86.91,98.0,100.0,83.04,Low
5,9.05,77.03,85.51,94.57,81.85,Low
5,9.0,91.4,96.62,100.0,81.96,Low
2,7.62,83.76,89.74,97.24,81.04,Low
4,7.8,72.48,75.34,85.81,69.28,Moderate
3,5.1,66.0,59.42,63.98,50.07,High
3,8.3,80.11,93.84,100.0,89.58,Low
7,7.01,71.93,54.29,56.86,43.9,High
1,6.13,92.46,65.09,72.23,55.58,Moderate
2,7.41,97.04,85.29,97.99,76.09,Low
4,8.55,89.17,86.59,98.42,84.82,Low
2,7.18,83.96,77.01,85.61,74.02,Moderate
2,9.7,100.0,96.4,97.78,88.92,Low
7,7.55,86.65,87.09,88.52,73.28,Low
8,7.09,91.38,74.3,82.09,66.82,Moderate
3,5.92,76.37,62.16,71.71,49.28,High
4,6.92,85.98,67.71,74.53,62.74,Moderate
2,8.54,98.7,78.63,84.13,68.17,Low
7,9.49,69.39,94.04,96.38,85.17,Low
4,8.56,90.89,81.69,87.01,76.51,Low
4,6.57,72.53,74.98,85.21,65.39,Moderate
7,7.89,89.04,67.3,77.65,60.03,Moderate
3,7.5,76.83,80.9,90.48,72.7,Moderate
1,8.83,79.61,90.3,100.0,80.12,Low
1,8.55,88.34,89.34,100.0,80.91,Low
1,8.94,89.26,82.54,93.21,64.75,Low
1,8.38,62.36,73.16,73.17,62.22,Moderate
5,9.21,88.22,69.3,72.66,55.39,Moderate
7,9.67,89.53,93.78,100.0,87.12,Low
3,8.09,88.49,81.98,85.6,68.77,Low
3,10.0,99.33,94.62,97.04,89.33,Low
2,9.39,85.57,91.34,92.8,74.34,Low
1,7.33,94.31,81.56,88.35,74.94,Low
2,9.08,95.6,81.46,88.75,73.31,Low
2,7.79,100.0,83.64,87.14,82.26,Low
2,6.97,62.59,83.08,86.1,65.93,Moderate
1,7.4,75.16,85.37,95.73,72.16,Moderate
7,10.0,87.1,98.0,100.0,89.98,Low
4,7.86,93.34,59.44,66.35,48.45,Moderate
1,8.65,64.34,77.3,90.38,71.6,Moderate
3,6.34,64.82,59.08,64.84,51.0,High
8,6.82,100.0,75.6,87.05,72.54,Moderate
1,8.4,79.15,88.46,100.0,78.5,Low
2,6.68,54.75,67.21,72.88,54.65,High
3,9.43,62.6,74.56,79.04,70.32,Moderate
8,5.68,73.85,66.66,73.47,57.03,High
7,6.85,73.77,68.03,76.38,51.14,Moderate
2,8.63,97.62,88.27,88.49,83.55,Low
6,7.66,100.0,90.23,95.1,74.83,Low
2,8.09,98.93,98.0,100.0,85.73,Low
1,8.91,90.23,94.77,99.63,82.49,Low
5,7.13,79.08,75.1,87.89,70.34,Moderate
8,9.07,83.16,98.0,100.0,90.09,Low
2,8.43,97.27,86.03,93.0,85.37,Low
4,6.93,95.7,77.46,80.68,66.54,Moderate
3,7.24,68.23,71.92,77.16,70.0,Moderate
8,7.62,100.0,75.27,75.95,57.47,Low
3,10.0,89.99,89.76,100.0,79.12,Low
6,7.92,72.5,71.71,77.73,57.76,Moderate
1,6.15,100.0,64.93,68.91,59.29,Moderate
3,8.59,96.84,88.51,100.0,81.13,Low
7,6.72,76.48,76.57,87.05,68.06,Moderate
1,8.16,100.0,86.59,88.42,74.76,Low
1,9.56,84.4,89.1,100.0,86.27,Low
2,7.24,80.88,83.78,93.7,77.48,Low
2,8.23,98.7,78.52,82.59,70.9,Low
8,8.75,75.96,86.35,96.89,79.1,Low
7,10.0,90.26,96.48,100.0,86.37,Low
5,7.59,75.47,71.49,77.8,59.5,Moderate
8,8.18,88.84,82.26,89.26,71.69,Low
1,5.33,77.44,62.4,64.95,60.41,High
6,7.27,89.76,82.06,93.16,69.53,Low
4,6.68,75.2,74.08,75.59,63.64,Moderate
5,6.4,82.37,81.43,89.51,68.59,Moderate
8,6.38,86.45,54.36,64.51,43.95,High
5,5.86,70.46,64.96,77.26,51.35,High
2,7.98,84.57,78.61,91.24,72.69,Moderate
5,8.66,84.25,93.07,100.0,83.97,Low
7,7.44,66.24,79.49,83.27,75.15,Moderate
4,6.91,90.3,79.56,89.57,65.63,Low
1,8.74,100.0,89.73,94.48,82.06,Low
5,8.14,100.0,82.87,91.22,65.55,Low
2,5.38,72.2,68.15,78.93,63.05,High
2,8.93,67.82,86.48,94.95,83.48,Low
7,8.39,75.2,89.83,89.84,87.25,Low
5,6.77,91.29,73.1,75.31,61.37,Moderate
7,10.0,100.0,98.0,100.0,93.16,Low
6,6.2,75.59,66.72,74.05,63.6,High
8,8.93,100.0,96.18,100.0,84.89,Low
4,4.95,55.53,52.63,62.02,43.71,High
1,7.34,73.24,64.11,73.57,54.97,High
4,9.93,70.5,78.27,85.05,72.27,Low
8,6.89,78.84,69.8,80.59,57.82,Moderate
5,8.35,100.0,92.83,100.0,85.5,Low
5,7.12,91.6,61.39,74.77,46.32,Moderate
2,9.63,100.0,94.98,100.0,87.77,Low
4,8.11,79.41,77.42,84.84,71.23,Low
5,5.9,74.32,59.26,68.81,47.43,High
5,4.95,65.57,49.65,55.91,33.51,High
3,7.62,97.54,76.16,79.83,69.52,Low
8,7.61,81.01,76.61,87.66,67.31,Low
6,8.16,85.58,91.83,96.0,84.52,Low
8,7.5,68.11,66.48,75.97,60.72,Moderate
8,8.4,85.82,84.46,87.01,70.19,Low
7,7.77,71.04,77.74,86.32,70.43,Moderate
7,7.78,78.4,72.61,83.27,64.74,Moderate
3,8.14,100.0,87.07,91.61,76.81,Low
2,6.8,85.88,78.91,80.99,76.27,Low
4,7.48,82.93,72.0,79.38,63.34,Moderate
5,10.0,95.45,82.17,85.55,76.43,Low
3,9.36,100.0,97.66,100.0,92.24,Low
2,6.54,74.5,59.19,65.06,46.78,High
2,7.73,73.69,71.21,74.37,56.38,Moderate
1,7.84,81.86,70.54,70.88,68.04,Moderate
8,7.37,80.04,68.65,74.67,60.79,Moderate
4,6.99,68.14,65.23,78.81,57.66,High
8,6.09,84.28,76.79,80.5,60.89,Moderate
1,7.67,81.36,67.69,78.19,50.74,Moderate
5,7.64,80.18,73.03,75.49,58.86,Moderate
6,5.5,87.08,76.77,88.16,68.42,Moderate
2,9.31,99.64,94.25,100.0,80.45,Low
3,7.28,78.71,81.96,89.1,67.44,Moderate
3,8.37,91.25,95.34,97.74,88.88,Low
5,5.76,100.0,69.47,77.73,53.63,Moderate
3,6.21,84.82,65.64,70.85,57.74,Moderate
1,7.32,88.02,84.69,93.6,76.27,Moderate
5,6.03,81.66,60.44,66.61,51.45,High
3,6.88,58.42,61.67,70.4,52.0,High
1,7.5,73.66,82.77,87.76,72.93,Moderate
5,7.78,80.9,75.36,84.12,67.31,Moderate
6,7.64,96.46,78.25,89.61,73.62,Low
6,6.81,70.16,59.8,65.99,47.01,Moderate
5,7.95,95.51,81.11,90.61,77.14,Low
8,9.65,87.63,90.23,94.64,84.09,Low
6,7.32,54.34,64.31,69.39,55.46,High
7,8.86,84.24,71.36,80.35,61.88,Low
5,8.27,100.0,85.42,85.82,73.7,Low
4,9.3,86.61,87.63,100.0,78.34,Low
2,7.01,72.77,93.83,100.0,79.63,Moderate
3,7.57,80.45,82.25,86.94,75.74,Low
2,8.7,76.38,82.51,93.45,74.21,Moderate
1,7.36,100.0,79.68,88.24,65.07,Moderate
8,6.78,78.45,70.49,71.42,57.46,Moderate
8,9.62,75.48,87.59,91.19,80.99,Low
2,5.74,73.04,70.71,76.2,67.17,High
8,10.0,100.0,98.0,100.0,83.86,Low
7,6.99,80.64,63.4,69.39,44.47,High
2,10.0,87.49,91.16,96.83,87.54,Low
3,8.26,85.78,81.13,83.98,76.34,Low
8,8.39,84.37,74.0,85.69,56.57,Low
1,9.27,100.0,94.84,100.0,83.29,Low
5,6.87,65.36,70.08,76.14,62.99,High
2,6.78,90.43,69.02,73.23,57.87,Moderate
5,8.37,87.0,81.44,82.56,68.3,Low
4,6.8,64.54,67.41,79.91,60.73,High
1,7.94,100.0,81.69,91.75,76.43,Low
6,7.4,95.09,58.53,64.96,50.77,Moderate
1,8.89,91.74,95.1,100.0,85.16,Low
5,8.71,85.2,73.88,82.44,68.74,Low
2,9.03,82.83,93.04,98.38,89.69,Low
2,7.5,73.31,77.16,83.68,63.42,Moderate
2,7.96,100.0,96.99,100.0,91.9,Low
5,7.0,74.01,80.12,86.39,70.42,Moderate
4,7.44,96.0,83.69,99.15,73.86,Low
2,7.13,98.35,78.42,90.28,67.86,Low
7,6.5,72.74,62.92,72.57,48.36,High
7,7.37,95.89,76.87,80.19,71.37,Moderate
8,6.4,74.79,72.76,83.35,62.17,Moderate
2,5.55,82.58,62.98,66.59,58.35,High
4,7.38,97.36,68.37,80.97,62.68,Low
2,7.83,87.46,82.56,87.41,73.51,Low
1,10.0,100.0,96.64,98.64,87.79,Low
2,8.41,96.72,91.1,94.59,77.7,Low
8,8.77,84.08,82.03,93.75,73.13,Low
7,7.96,89.43,75.19,76.81,66.35,Low
8,7.71,62.79,82.56,92.35,79.22,Moderate
4,10.0,91.31,98.0,100.0,86.67,Low
1,6.36,91.71,64.0,71.75,55.05,Moderate
8,9.49,100.0,94.05,100.0,80.13,Low
4,7.9,92.96,74.42,85.42,66.75,Low
4,5.92,90.65,60.41,64.72,50.1,High
3,7.59,86.12,73.58,80.1,54.57,Moderate
4,7.5,78.4,82.15,93.72,77.14,Moderate
8,8.9,100.0,98.0,100.0,89.42,Low
7,7.14,97.49,83.74,97.11,65.55,Low
2,9.43,100.0,91.24,92.48,78.62,Low
5,7.31,53.17,70.16,72.91,60.36,High
7,6.91,84.01,80.29,84.46,71.63,Moderate
5,7.95,74.62,65.08,67.23,57.99,Moderate
2,7.84,83.26,81.45,85.77,75.97,Moderate
2,9.05,86.84,97.41,100.0,88.87,Low
5,5.0,68.26,45.47,57.04,44.57,High
5,6.92,97.58,70.93,74.54,61.47,Moderate
4,5.91,61.55,60.16,70.76,58.83,High
6,5.86,74.69,52.13,61.46,44.09,High
1,6.33,65.19,59.6,69.8,49.99,High
7,9.55,89.67,86.22,86.96,80.55,Low
2,7.48,72.32,78.92,89.82,68.09,Moderate
2,8.16,100.0,85.77,88.93,82.18,Low
1,8.11,89.55,74.28,77.93,73.08,Low
5,6.43,65.87,63.46,66.97,49.18,High
4,5.85,70.77,59.91,66.8,46.82,High
3,6.97,95.36,68.28,68.45,56.88,Moderate
6,8.69,60.83,85.58,98.03,82.82,Low
2,9.05,77.39,84.82,100.0,74.4,Low
1,8.44,81.57,78.75,86.53,69.13,Low
8,8.44,95.16,82.85,94.51,73.4,Low
4,8.58,68.49,84.95,90.91,72.25,Moderate
5,8.17,79.57,86.49,96.44,83.86,Low
7,8.85,66.61,78.95,85.73,70.49,Moderate
5,8.68,73.34,73.96,83.21,69.15,Moderate
8,6.21,65.63,65.04,71.39,58.53,High
4,8.6,79.03,89.45,97.4,80.51,Low
8,9.06,72.39,83.43,85.11,80.04,Low
7,5.84,94.65,61.37,62.06,55.37,High
8,6.82,90.17,82.88,95.1,70.05,Moderate
2,8.99,88.85,90.15,99.02,75.36,Low
7,7.83,89.88,77.9,85.31,63.98,Low
8,7.14,90.61,66.45,79.57,55.75,Moderate
5,8.15,81.55,72.86,85.31,66.08,Moderate
8,7.75,94.3,72.11,86.44,56.67,Low
7,7.96,83.26,89.69,98.23,81.18,Low
2,7.1,85.61,72.87,85.45,62.64,Moderate
4,9.12,100.0,91.04,98.02,79.82,Low
5,9.22,80.19,82.1,86.61,74.08,Low
7,7.72,72.39,74.47,81.36,64.1,Moderate
2,8.24,83.42,84.44,94.26,73.89,Low
5,8.33,81.59,60.86,72.47,53.85,Moderate
6,7.38,50.88,71.09,79.25,60.94,High
4,7.75,71.47,67.4,73.35,50.29,Moderate
4,7.52,90.56,90.36,100.0,80.3,Low
3,8.15,87.47,88.95,100.0,77.26,Low
2,9.13,75.33,81.64,92.9,66.13,Low
2,5.26,68.62,56.43,64.3,46.82,High
8,7.52,82.02,79.68,94.13,69.46,Moderate
8,6.57,70.87,53.17,64.77,44.04,High
2,8.97,76.65,97.31,100.0,85.68,Low
6,6.35,50.0,54.07,59.43,37.06,High
5,5.6,68.09,66.18,70.93,61.31,High
6,7.02,73.94,72.94,79.37,72.78,Moderate
5,6.32,69.35,60.68,70.53,45.36,High
4,7.59,100.0,83.85,95.87,73.14,Low
5,7.19,72.74,76.15,91.82,69.68,Moderate
3,6.73,95.43,58.24,65.74,48.6,High
6,6.08,89.16,66.98,67.36,58.36,Moderate
2,6.39,66.15,60.71,64.91,49.47,Moderate
6,9.31,84.01,88.42,97.19,78.01,Low
4,8.47,87.71,86.25,94.29,84.25,Low
6,8.87,87.7,80.61,91.12,75.34,Low
1,5.84,55.66,62.76,66.42,55.89,High
3,8.85,100.0,87.74,95.07,68.51,Low
3,9.24,96.98,87.84,94.23,80.17,Low
3,7.14,75.19,74.62,88.57,62.16,Moderate
6,6.86,95.75,73.83,80.34,62.6,Moderate
4,8.68,90.47,94.19,100.0,89.05,Low
6,5.82,68.53,50.85,57.56,45.55,High
2,6.46,54.29,58.69,60.3,50.54,High
2,4.86,70.32,62.96,73.5,54.58,High
1,5.56,74.96,64.51,73.97,50.65,High
8,7.51,78.41,74.95,83.14,67.03,Moderate
7,7.84,71.57,71.02,85.39,63.48,Moderate
7,6.27,64.78,64.44,73.38,51.77,High
8,5.52,69.69,67.02,70.21,57.4,High
7,8.77,100.0,80.31,85.47,69.55,Low
5,7.04,81.62,67.82,73.44,55.77,Moderate
8,7.69,91.37,84.96,95.19,81.93,Low
8,6.7,75.45,64.36,69.15,53.63,High
7,9.68,87.04,90.7,96.61,79.33,Low
8,6.49,86.88,74.13,74.77,59.12,Moderate
8,5.82,78.9,63.06,74.92,59.05,High
6,7.73,83.9,78.42,86.8,70.17,Moderate
6,9.73,99.93,90.4,100.0,79.75,Low
3,7.04,71.68,67.18,78.34,53.28,Moderate
8,8.53,54.77,74.78,86.98,72.07,Moderate
6,9.27,85.8,98.0,100.0,91.25,Low
7,9.66,89.69,86.96,89.68,77.07,Low
6,9.37,95.35,87.45,94.18,82.05,Low
6,7.29,100.0,74.66,86.46,70.23,Low
7,8.28,88.15,81.62,100.0,72.3,Low
2,9.69,93.83,98.0,100.0,87.65,Low
4,10.0,100.0,85.38,93.27,77.11,Low
3,7.82,85.05,69.14,71.72,62.0,Moderate
3,7.83,100.0,80.93,87.56,68.05,Low
6,9.66,94.82,93.93,100.0,87.02,Low
4,9.92,77.58,97.5,100.0,93.06,Low
2,5.7,60.4,55.4,63.17,42.92,High
6,7.08,81.14,61.16,77.49,59.63,Moderate
3,5.97,87.21,66.92,79.39,53.34,Moderate
3,7.95,100.0,90.86,100.0,80.71,Low
3,5.41,69.77,50.2,61.07,39.33,High
6,7.02,100.0,82.57,93.15,76.05,Low
1,7.31,82.89,64.98,80.43,57.21,Moderate
4,5.93,65.2,56.04,64.26,41.33,High
8,4.67,57.65,49.86,58.01,43.23,High
3,6.48,73.43,70.49,83.68,56.39,High
1,8.96,87.51,92.47,100.0,81.14,Low
1,8.16,82.21,77.16,79.03,74.73,Low
5,7.32,77.66,59.99,61.47,50.8,High
6,6.6,91.87,70.5,78.97,59.52,Moderate
2,6.99,52.55,59.1,73.84,47.83,High
8,7.67,71.06,78.96,85.45,72.82,Moderate
7,6.44,86.41,80.88,88.75,65.73,Moderate
5,8.28,60.04,82.25,93.29,74.54,Moderate
2,8.14,75.03,73.86,84.66,61.06,Moderate
8,8.36,98.34,82.49,88.84,70.52,Low
2,7.03,81.71,74.32,79.37,63.45,Moderate
4,6.5,67.65,68.71,74.57,62.77,Moderate
6,8.51,67.7,68.4,73.86,63.9,Moderate
5,6.46,65.38,82.78,88.19,81.75,Moderate
2,5.92,72.65,53.87,60.47,42.73,High
5,8.38,78.62,81.13,93.08,72.3,Low
7,7.83,75.36,84.65,93.62,73.96,Moderate
1,6.58,69.98,72.44,77.4,64.28,High
1,8.69,66.34,74.37,81.08,68.94,Moderate
3,6.99,87.98,70.16,78.83,59.28,Moderate
2,6.38,79.67,66.83,72.27,59.61,High
2,5.59,97.87,65.85,72.18,56.22,Moderate
8,7.28,100.0,76.92,90.68,67.83,Low
7,7.45,93.52,75.6,82.07,67.54,Moderate
5,6.31,72.57,68.15,75.51,56.19,High
1,7.51,100.0,78.05,86.75,68.82,Low
5,5.38,79.05,64.45,77.41,56.45,High
6,7.7,86.81,98.0,100.0,89.22,Low
2,7.94,95.82,89.57,98.51,82.96,Low
5,7.56,89.08,89.17,94.66,78.92,Low
5,7.76,70.13,65.63,71.98,59.75,Moderate
3,5.59,79.52,63.15,75.63,54.41,High
7,5.35,89.01,57.03,67.44,46.58,High
2,7.69,94.66,87.24,90.53,79.69,Low
8,6.22,62.17,77.37,84.54,69.16,High
1,7.93,72.05,77.76,82.47,70.67,Moderate
4,8.65,71.84,81.16,86.04,71.68,Moderate
5,9.11,93.03,86.02,87.85,66.49,Low
7,8.53,100.0,98.0,100.0,94.74,Low
4,6.92,73.91,72.94,89.27,60.4,Moderate
1,4.0,64.45,54.23,60.6,43.53,High
1,6.58,77.06,60.26,66.56,50.12,High
5,7.43,91.18,75.9,87.02,64.73,Low
1,7.25,100.0,84.91,86.13,74.08,Low
3,7.79,81.4,70.63,78.97,64.85,Moderate
8,9.19,66.2,70.02,74.17,55.36,Moderate
7,7.54,68.55,71.49,77.61,68.28,Moderate
6,7.29,98.55,71.83,72.77,68.63,Low
8,8.61,100.0,93.3,100.0,82.94,Low
8,7.7,90.67,87.06,94.74,81.74,Low
1,6.44,90.61,73.13,85.02,67.18,Moderate
6,7.43,100.0,72.01,79.69,60.47,Low
3,7.09,97.94,62.74,69.1,56.68,Moderate
1,7.82,52.9,73.82,83.93,62.15,Moderate
1,7.04,93.73,71.31,80.23,61.77,Moderate
5,8.25,64.57,70.53,77.92,60.2,Moderate
4,6.71,71.85,67.06,78.49,56.1,Moderate
6,6.68,90.34,62.57,74.64,47.25,High
3,7.43,50.0,76.59,90.23,71.0,High
5,7.72,86.44,98.0,99.42,89.94,Low
6,9.07,96.54,92.12,98.79,81.89,Low
3,7.58,79.17,85.24,95.7,75.91,Low
7,7.83,89.06,73.0,76.1,69.56,Low
6,7.74,79.96,82.63,92.7,70.03,Moderate
8,10.0,91.62,81.8,92.71,71.94,Low
4,7.32,83.04,69.67,76.25,64.53,Moderate
8,6.25,87.71,60.7,69.44,54.34,High
5,9.5,100.0,93.83,99.22,89.13,Low
8,7.54,87.19,79.87,84.76,72.26,Moderate
6,7.94,66.66,80.3,86.82,69.82,Moderate
3,7.36,89.26,74.09,81.0,64.52,Moderate
4,7.0,78.59,80.04,85.22,69.57,Moderate
7,8.48,72.96,68.21,77.42,52.34,Moderate
6,9.7,95.85,98.0,100.0,90.91,Low
2,9.13,78.66,95.19,100.0,87.56,Low
1,7.23,93.96,67.82,78.28,58.82,Moderate
6,8.94,82.71,77.53,91.35,71.14,Low
3,7.47,88.38,86.56,91.51,69.99,Low
8,7.79,83.63,75.8,86.46,65.06,Moderate
1,5.39,69.04,60.92,70.45,53.14,High
7,5.46,100.0,69.57,80.65,66.77,Moderate
5,10.0,80.84,97.92,100.0,94.06,Low
6,7.87,79.05,80.37,87.35,67.75,Moderate
4,7.94,74.84,77.05,84.67,76.46,Moderate
3,5.28,84.0,52.02,57.04,39.76,High
6,10.0,78.0,93.19,98.93,83.67,Low
1,6.49,83.1,69.35,76.21,65.94,Moderate
8,8.75,61.79,79.39,89.31,68.71,Moderate
6,7.73,82.21,76.96,81.11,70.3,Low
8,8.0,91.07,80.84,88.33,68.29,Low
3,9.59,71.42,86.6,100.0,74.26,Low
4,7.38,58.12,62.19,63.5,53.41,Moderate
8,6.86,98.07,69.08,78.63,61.02,Moderate
2,8.71,77.54,76.7,80.4,71.62,Moderate
8,8.23,86.88,77.7,96.27,76.61,Low
2,8.65,81.92,76.23,88.07,62.83,Low
5,8.54,100.0,84.04,94.68,71.75,Low
6,8.31,69.53,62.89,71.76,52.9,Moderate
8,6.27,51.38,79.96,84.62,67.91,High
3,9.84,100.0,97.26,100.0,82.66,Low
1,9.05,91.41,87.38,90.57,78.23,Low
8,6.03,77.49,84.59,89.77,77.29,Moderate
7,8.37,77.92,77.4,87.58,66.04,Low
7,7.94,70.66,77.99,82.66,73.23,Moderate
3,8.27,100.0,78.0,80.28,69.74,Low
3,8.37,95.45,91.54,100.0,85.16,Low
7,8.48,82.2,77.87,85.47,72.58,Low
1,9.6,69.77,86.33,93.74,73.47,Low
4,9.2,76.88,94.31,100.0,83.06,Low
5,10.0,90.35,98.0,100.0,86.22,Low
7,7.85,90.49,71.31,79.79,62.39,Moderate
5,8.94,100.0,93.27,94.1,86.07,Low
8,7.73,97.39,87.2,92.3,87.06,Low
2,7.39,86.22,78.26,81.06,68.74,Moderate
3,7.14,84.09,81.92,86.25,70.82,Moderate
3,6.98,84.18,65.58,75.55,59.51,Moderate
3,6.26,72.09,53.27,58.37,47.2,High
8,7.31,96.17,86.9,98.13,76.57,Low
8,8.35,79.91,86.61,95.23,84.51,Low
5,9.6,89.99,92.94,100.0,80.14,Low
5,9.19,94.77,92.54,100.0,89.76,Low
6,6.92,54.82,71.62,80.43,67.48,High
1,8.78,88.52,82.11,89.88,75.14,Low
1,6.89,84.39,67.67,69.53,59.58,Moderate
7,6.85,71.26,79.01,82.79,63.43,Moderate
3,10.0,79.07,84.53,95.34,75.5,Low
3,6.42,79.66,69.04,79.79,62.02,Moderate
4,9.86,100.0,96.08,100.0,86.92,Low
4,9.27,83.36,82.26,89.3,70.19,Low
8,5.9,69.73,52.29,55.85,42.12,High
4,7.99,93.26,81.9,89.58,74.53,Low
8,8.67,82.21,95.27,99.28,88.8,Low
2,5.88,94.26,66.89,78.13,58.89,Moderate
5,8.49,100.0,84.69,91.84,71.13,Low
4,7.89,86.94,72.16,77.58,60.45,Moderate
7,7.11,85.52,77.79,93.11,66.35,Moderate
8,9.0,68.69,82.12,90.14,71.6,Low
6,7.72,83.67,87.62,95.39,81.63,Low
8,6.3,65.99,61.03,74.67,45.67,High
6,5.74,74.46,64.29,73.14,48.61,High
1,7.93,93.72,72.43,82.47,62.78,Moderate
2,5.95,91.29,69.63,85.09,60.28,Moderate
6,5.36,65.84,61.35,73.29,60.79,High
4,7.67,94.48,78.17,80.31,63.98,Low
3,8.04,86.76,77.27,86.92,65.6,Moderate
2,8.08,96.86,86.44,95.48,75.3,Low
5,9.08,79.05,80.89,88.74,68.34,Low
7,7.93,86.85,88.53,93.55,76.55,Low
7,8.39,100.0,81.77,90.11,73.92,Low
2,9.17,79.45,91.55,99.25,79.01,Low
6,10.0,98.68,96.43,100.0,91.53,Low
1,6.32,100.0,63.26,68.27,58.28,Moderate
1,8.13,98.51,66.2,68.89,55.31,Moderate
5,8.52,77.9,80.64,96.27,66.95,Low
3,6.29,78.48,71.76,83.89,69.76,High
1,8.23,87.13,77.95,90.98,64.61,Low
8,7.25,73.58,67.53,75.41,52.17,High
3,7.45,84.91,77.7,87.69,61.77,Low
1,8.01,74.74,72.96,83.73,71.2,Moderate
3,8.28,90.57,81.52,90.9,80.88,Low
2,8.63,93.21,89.3,95.68,82.69,Low
8,6.64,67.58,69.81,76.01,63.94,Moderate
4,5.78,77.43,64.18,73.99,55.28,High
6,8.3,84.51,84.27,92.74,79.39,Low
1,6.91,79.89,62.77,72.45,53.42,Moderate
4,7.25,80.11,86.17,87.7,70.6,Moderate
2,7.03,66.71,70.78,82.91,63.5,Moderate
7,10.0,83.86,98.0,100.0,81.67,Low
8,8.53,93.2,82.89,94.51,71.03,Low
4,9.62,100.0,83.1,89.98,71.91,Low
6,7.14,88.89,60.34,61.34,49.33,Moderate
8,8.46,67.76,77.88,85.07,69.5,Moderate
2,9.24,95.94,98.0,100.0,88.07,Low
7,8.53,70.4,90.79,95.84,81.04,Low
2,6.83,72.34,66.16,71.85,57.24,High
2,7.66,94.99,77.32,80.15,64.7,Low
1,8.08,90.52,71.48,78.79,59.95,Moderate
2,7.09,84.9,68.31,79.87,67.35,Moderate
4,10.0,100.0,98.0,100.0,92.16,Low
2,7.88,83.79,65.98,79.88,52.94,Moderate
6,7.85,84.53,62.61,75.46,47.61,Moderate
6,7.04,83.7,77.63,90.38,68.23,Moderate
2,8.35,93.62,90.06,100.0,78.43,Low
5,6.69,85.52,87.95,90.66,76.48,Low
2,8.54,87.35,90.46,94.57,84.65,Low
2,8.61,68.12,86.59,93.74,77.61,Moderate
3,8.61,65.41,79.62,91.16,72.38,Moderate
8,7.6,57.38,87.27,94.12,84.73,Moderate
4,10.0,91.49,96.83,100.0,88.0,Low
6,8.28,79.28,81.0,86.14,69.98,Moderate
1,7.7,84.87,70.76,75.47,66.06,Moderate
3,9.68,89.37,89.99,90.38,85.69,Low
5,7.83,95.22,89.65,97.14,83.88,Low
2,7.9,89.85,69.3,74.3,54.14,Moderate
4,7.5,70.29,63.35,68.89,54.61,Moderate
7,7.81,92.37,74.42,87.58,65.74,Moderate
6,9.47,92.84,81.18,92.89,69.21,Low
2,6.35,91.16,66.83,67.83,56.98,Moderate
5,8.28,87.47,98.0,100.0,89.57,Low
4,4.92,72.85,53.72,56.2,47.86,High
1,7.06,64.1,74.65,81.47,65.4,Moderate
2,7.71,96.69,74.16,77.63,67.91,Moderate
2,5.05,50.0,46.62,52.12,33.42,High
5,7.49,89.46,66.42,75.36,62.15,Moderate
6,8.68,71.85,69.2,72.85,59.74,Moderate
7,9.02,81.66,86.53,94.64,76.35,Low
2,6.46,98.75,65.23,74.19,56.3,Moderate
7,8.6,65.45,76.42,85.38,76.04,Low
8,7.64,91.35,85.59,88.7,69.48,Moderate
7,5.66,100.0,63.9,72.98,57.89,Moderate
1,6.07,67.2,69.75,79.82,63.43,Moderate
1,8.11,75.91,81.0,90.26,68.75,Moderate
6,5.86,56.53,47.21,60.09,41.08,High
1,8.03,79.04,74.91,84.07,65.12,Moderate
5,5.08,74.77,56.38,61.32,47.05,High
3,8.67,100.0,94.14,100.0,85.43,Low
6,9.63,89.49,98.0,100.0,85.56,Low
7,8.37,85.09,88.81,99.6,87.21,Low
6,5.73,73.26,55.44,63.15,53.36,High
7,9.42,83.78,96.75,100.0,86.78,Low
6,8.29,88.82,82.84,88.87,75.15,Low
4,8.83,86.37,91.3,93.66,79.23,Low
6,7.07,79.96,82.87,94.48,75.39,Moderate
3,6.18,57.99,77.37,80.16,70.25,High
8,7.13,90.88,83.12,89.61,75.08,Moderate
8,6.02,72.83,56.73,70.82,52.97,High
8,7.9,65.41,73.91,77.12,65.71,Moderate
7,8.23,98.58,81.75,85.23,80.61,Low
5,7.3,89.6,71.29,79.1,56.43,Moderate
3,7.79,50.31,66.93,81.7,59.57,High
8,7.26,75.35,59.84,61.53,48.03,Moderate
6,10.0,93.14,91.6,95.65,84.33,Low
8,6.46,72.33,61.22,64.56,52.68,High
3,7.11,76.63,64.33,75.43,56.71,Moderate
7,6.16,59.81,63.56,76.75,51.97,High
2,7.44,67.79,79.75,89.8,72.49,Moderate
8,10.0,100.0,94.75,99.48,87.03,Low
6,9.54,90.45,82.27,88.07,72.86,Low
8,8.89,98.29,81.66,89.22,64.73,Low
5,7.91,100.0,86.12,87.86,81.27,Low
1,7.82,99.81,83.72,92.12,74.9,Low
1,8.06,94.69,78.46,83.12,72.26,Moderate
6,5.82,86.62,67.85,78.43,60.19,Moderate
6,7.66,100.0,75.84,94.96,67.95,Low
2,5.89,95.3,63.52,80.33,55.46,Moderate
4,8.23,100.0,74.06,79.19,64.69,Low
8,8.26,83.11,96.77,100.0,95.0,Low
3,6.78,80.85,63.18,66.07,59.8,Moderate
3,7.3,82.28,75.06,78.34,64.11,Moderate
2,7.94,100.0,77.42,83.26,71.95,Low
3,7.9,91.68,84.52,88.88,81.89,Low
4,8.55,85.82,94.28,100.0,85.71,Low
8,8.37,85.5,82.43,82.56,73.43,Low
1,7.47,83.57,73.32,85.86,64.13,Moderate
8,6.24,82.16,63.08,66.8,50.98,High
4,6.03,66.45,56.11,64.44,45.55,High
4,5.03,67.17,69.34,73.36,56.23,High
6,8.37,70.8,85.99,88.8,73.73,Low
8,7.58,79.1,68.06,73.51,59.72,Moderate
3,7.21,90.36,84.05,94.07,79.33,Low
5,8.38,55.48,89.62,100.0,72.27,Moderate
6,6.13,79.27,60.2,66.07,49.5,High
2,9.91,100.0,98.0,100.0,92.88,Low
5,7.3,62.14,73.49,84.12,67.37,Moderate
2,8.36,100.0,83.74,83.76,63.86,Low
1,10.0,100.0,81.71,92.66,76.41,Low
1,9.43,100.0,93.26,95.48,81.58,Low
3,7.38,73.2,71.26,82.46,62.51,Moderate
4,10.0,90.8,98.0,100.0,92.22,Low
4,7.09,59.45,56.81,64.47,40.4,High
4,8.12,96.27,71.98,78.54,56.31,Moderate
5,5.07,70.67,53.42,59.0,52.27,High
1,7.31,98.72,85.26,93.19,73.03,Low
5,9.69,100.0,97.82,100.0,82.22,Low
1,5.52,67.08,64.14,71.01,54.28,High
3,6.34,82.56,60.26,69.16,51.63,Moderate
6,7.75,75.76,80.0,87.5,68.57,Moderate
7,9.2,73.21,85.94,86.76,82.58,Low
4,9.39,97.43,93.2,96.67,82.44,Low
2,5.05,88.51,61.14,67.82,53.41,High
3,9.69,88.39,90.34,100.0,81.74,Low
7,9.72,93.8,98.0,100.0,86.38,Low
2,6.31,60.65,66.49,76.51,55.8,High
7,7.41,96.97,82.5,87.04,72.7,Low
4,5.66,87.36,57.69,61.93,42.95,High
8,6.79,91.21,79.07,88.69,71.53,Moderate
8,8.97,81.38,86.22,94.28,69.57,Low
4,6.63,73.12,74.43,78.89,66.29,Moderate
3,7.42,85.3,76.4,83.51,68.11,Moderate
8,9.43,84.86,94.42,99.34,82.66,Low
2,7.56,65.12,62.93,73.37,48.9,Moderate
6,7.54,65.36,71.42,73.38,58.78,High
4,6.57,75.59,50.73,63.01,45.02,High
5,6.95,64.53,67.93,79.08,62.26,High
3,7.38,88.86,61.44,70.97,44.96,Moderate
8,9.95,93.34,94.5,100.0,89.2,Low
8,7.3,70.82,59.98,69.11,49.56,High
2,6.36,59.86,45.02,51.72,35.03,High
5,8.66,77.82,80.9,81.68,77.72,Low
2,7.27,79.23,90.55,100.0,83.11,Low
6,7.95,83.21,79.03,82.12,73.76,Low
3,7.54,98.25,81.28,86.35,69.45,Low
7,9.48,97.36,72.56,83.86,63.64,Low
7,8.0,100.0,89.64,94.36,77.21,Low
3,7.86,86.53,78.04,93.5,69.53,Low
5,7.88,78.96,79.1,86.57,64.18,Moderate
5,8.13,100.0,98.0,100.0,91.84,Low
7,7.8,81.34,74.93,81.36,66.23,Moderate
6,7.84,91.91,84.86,97.93,72.98,Low
3,6.91,64.02,76.22,81.95,67.26,High
1,9.76,67.99,86.96,89.05,73.61,Low
2,6.05,78.89,59.05,68.27,41.07,High
1,6.39,68.22,65.02,66.45,60.55,High
7,5.68,86.63,51.96,59.55,39.54,High
2,8.36,96.58,80.64,91.59,79.01,Low
6,6.77,79.92,72.95,80.74,69.41,Moderate
5,10.0,74.52,96.35,100.0,95.0,Low
6,9.24,93.08,73.47,80.29,62.43,Low
4,6.52,59.45,68.4,75.28,53.49,High
5,7.11,72.59,80.55,88.23,75.92,Moderate
3,7.95,86.56,87.37,91.71,73.25,Low
4,5.66,78.91,63.34,76.0,52.1,High
6,7.86,68.85,75.63,82.13,69.19,Moderate
5,6.18,75.98,52.44,57.89,49.59,High
7,7.63,83.57,57.56,67.0,46.56,Moderate
5,7.71,83.06,72.85,86.08,62.75,Moderate
6,6.67,71.48,68.9,79.53,54.11,High
1,9.19,83.35,98.0,100.0,87.23,Low
5,8.55,100.0,86.47,91.35,81.86,Low
5,9.92,83.44,98.0,100.0,95.0,Low
7,7.77,92.47,80.85,82.18,76.35,Low
1,7.25,73.06,63.69,72.64,58.09,Moderate
2,5.99,66.19,59.53,73.7,45.95,High
7,8.14,93.6,83.78,84.53,79.58,Low
5,8.31,100.0,91.61,99.48,80.42,Low
3,8.75,100.0,98.0,100.0,87.3,Low
5,8.7,99.74,78.25,90.23,67.42,Low
8,7.78,90.43,79.74,84.42,73.88,Low
3,5.92,78.6,70.48,74.81,60.8,Moderate
1,8.0,85.1,66.28,72.67,58.88,Moderate
4,7.5,92.71,93.47,100.0,79.01,Low
4,7.77,92.8,71.5,74.88,69.07,Moderate
6,7.56,75.3,74.59,81.45,72.31,Moderate
6,9.97,76.51,94.15,100.0,84.6,Low
6,7.84,95.83,79.97,93.07,76.39,Low
5,6.01,56.33,58.48,69.67,55.41,High
5,8.58,100.0,88.32,100.0,80.97,Low
5,9.14,84.85,94.03,100.0,87.97,Low
8,7.37,94.24,72.43,79.34,59.92,Moderate
3,8.34,74.58,81.01,89.97,73.99,Low
3,8.11,94.23,72.87,80.22,55.47,Moderate
3,6.22,68.52,68.22,76.76,59.35,High
4,7.68,95.51,76.02,78.6,70.09,Low
2,7.98,91.64,87.46,99.08,83.57,Low
5,7.96,98.63,75.23,85.18,67.72,Low
7,7.63,83.14,79.81,89.79,79.79,Moderate
6,7.52,78.84,77.42,88.94,69.01,Moderate
1,8.27,87.1,77.92,84.72,68.18,Low
5,7.01,74.99,86.25,89.79,75.78,Moderate
8,7.07,50.0,76.65,82.08,73.87,High
5,7.06,76.17,59.64,70.0,43.85,High
5,7.63,85.83,67.53,72.87,61.6,Moderate
1,7.98,80.87,72.33,82.0,59.43,Moderate
3,6.56,72.57,60.39,68.96,54.56,High
1,8.15,71.47,72.0,79.55,54.02,Moderate
7,7.53,100.0,75.48,77.28,65.58,Moderate
3,8.27,88.56,71.85,73.81,56.82,Moderate
3,7.22,67.65,68.23,84.89,57.89,High
2,8.12,86.55,93.46,100.0,90.1,Low
8,8.02,56.12,62.33,68.94,49.41,High
5,7.42,72.68,76.69,86.2,70.86,Moderate
3,6.04,96.11,62.5,68.48,60.86,Moderate
6,6.98,65.91,78.27,87.04,69.21,Moderate
5,9.17,93.5,92.01,100.0,79.79,Low
5,7.87,78.74,76.16,85.6,66.76,Moderate
7,8.49,76.11,71.54,76.97,68.91,Low
4,6.81,66.06,60.03,85.34,53.95,High
1,8.56,96.92,81.25,90.71,70.79,Low
4,8.94,79.62,83.26,89.59,71.98,Low
5,6.97,78.12,68.7,71.84,62.06,Moderate
2,5.47,76.67,69.75,76.5,56.62,High
5,6.97,84.39,72.14,81.99,66.53,Moderate
2,8.26,80.55,86.32,96.25,75.47,Low
2,7.59,87.06,81.4,93.57,73.37,Low
3,5.66,68.15,58.36,71.22,49.8,High
8,7.58,69.96,70.43,77.94,70.22,Moderate
7,10.0,64.05,98.0,100.0,89.35,Low
5,5.06,63.9,57.83,67.74,45.28,High
3,7.12,88.31,86.61,92.42,76.72,Moderate
8,7.65,78.37,67.96,80.01,60.53,Moderate
4,7.75,69.66,62.91,67.16,48.75,Moderate
8,7.51,83.82,68.56,80.64,64.79,Moderate
8,6.96,88.7,65.26,70.63,59.9,Moderate
7,8.87,76.86,92.67,100.0,90.93,Low
8,7.13,89.1,68.14,79.88,60.09,Moderate
5,7.69,74.96,82.44,90.04,77.36,Moderate
6,8.12,61.42,77.98,86.18,65.99,Moderate
4,8.38,99.3,97.61,100.0,85.6,Low
4,7.08,97.32,78.97,93.53,66.69,Moderate
7,8.75,100.0,92.23,100.0,79.34,Low
7,7.58,83.82,80.7,89.96,68.97,Low
6,6.67,86.19,74.98,76.99,65.23,Moderate
6,6.98,50.0,77.33,82.1,73.61,Moderate
7,7.9,71.31,81.87,87.43,69.02,Moderate
4,7.0,90.82,64.79,73.45,58.23,Moderate
2,9.06,100.0,95.32,100.0,89.72,Low
2,7.82,63.91,68.43,74.74,59.22,Moderate
4,6.8,61.08,62.84,74.57,49.59,High
5,8.42,95.2,90.31,100.0,88.32,Low
2,8.75,80.11,80.58,93.44,70.13,Low
2,9.47,87.4,84.02,99.27,75.86,Low
3,6.08,67.32,56.59,58.3,44.12,High
2,7.27,68.75,73.5,83.17,58.5,Moderate
7,8.59,100.0,80.56,83.82,72.46,Low
8,6.22,62.8,62.97,74.84,51.26,High
4,7.95,79.62,71.86,79.86,55.96,Moderate
2,6.67,68.68,57.71,71.14,50.01,High
7,5.62,56.71,64.39,73.89,48.14,High
6,8.47,84.88,82.47,88.03,70.0,Moderate
7,9.94,96.21,97.72,100.0,86.35,Low
6,7.45,100.0,93.58,98.93,87.15,Low
1,7.05,88.3,64.75,75.23,53.94,Moderate
5,7.37,68.56,71.29,88.26,60.4,Moderate
3,9.69,97.22,94.65,100.0,88.58,Low
2,7.7,83.91,78.75,91.09,66.91,Moderate
1,7.38,72.31,56.3,66.72,46.56,High
1,6.37,80.16,69.83,73.18,58.59,Moderate
6,9.08,76.45,88.02,99.36,80.29,Low
6,9.46,91.83,85.02,94.77,73.04,Low
5,9.61,70.28,89.3,90.0,77.49,Low
5,8.98,97.88,84.44,90.61,78.95,Low
8,8.33,56.26,74.18,74.55,63.38,Moderate
3,8.39,57.95,90.65,100.0,80.97,Moderate
7,6.02,74.96,59.74,71.98,56.61,High
7,8.65,90.94,77.15,85.1,71.73,Low
5,10.0,86.65,95.21,99.7,90.77,Low
1,9.54,100.0,96.29,100.0,91.68,Low
8,7.97,82.16,81.37,95.15,76.35,Moderate
6,7.69,77.55,75.36,80.94,62.51,Moderate
8,6.68,75.35,75.99,82.42,65.55,High
8,7.46,99.25,67.1,75.28,49.49,Moderate
5,8.31,68.77,91.45,95.0,87.18,Low
2,6.73,100.0,74.82,81.65,60.51,Moderate
2,8.15,67.66,79.55,84.29,74.75,Moderate
5,8.05,82.74,81.1,86.91,73.27,Moderate
6,6.79,76.99,71.44,79.37,68.78,Moderate
5,6.28,80.51,68.14,73.71,57.02,Moderate
3,7.1,52.43,67.27,74.56,56.34,High
5,5.65,58.49,40.02,46.82,32.35,High
4,8.39,55.65,70.45,88.11,58.87,Moderate
7,6.68,93.67,81.53,87.91,71.58,Low
5,8.74,86.28,80.86,86.82,78.14,Low
8,7.68,85.7,77.27,79.75,72.85,Low
7,6.74,83.56,61.3,65.04,52.09,Moderate
5,5.29,54.32,48.37,60.82,31.24,High
2,7.72,100.0,68.92,82.37,54.62,Moderate
7,9.72,100.0,90.05,96.87,85.14,Low
3,6.71,99.78,82.28,94.7,72.47,Low
5,6.93,100.0,75.76,84.13,66.19,Moderate
6,7.93,100.0,71.2,73.44,58.64,Low
5,6.81,73.72,71.96,83.91,57.73,Moderate
3,7.1,61.14,63.57,65.42,55.92,High
8,6.78,71.33,83.51,92.32,80.71,Moderate
3,7.14,62.9,69.12,83.84,63.39,High
2,8.51,100.0,92.8,97.59,92.47,Low
5,8.6,81.36,81.96,92.52,65.92,Moderate
3,8.66,72.75,69.31,79.73,59.82,Moderate
1,6.44,84.93,75.69,85.1,69.33,Moderate
6,6.17,82.33,68.77,77.94,61.16,Moderate
3,8.59,100.0,98.0,100.0,93.2,Low
2,5.53,85.45,72.48,83.62,65.9,Moderate
2,7.43,100.0,67.94,79.09,53.74,Moderate
2,9.79,90.26,98.0,100.0,91.34,Low
4,7.45,78.13,82.16,88.26,71.46,Moderate
6,9.48,84.33,83.57,90.88,75.96,Low
8,8.35,98.27,75.9,83.0,61.4,Low
8,8.57,57.78,80.09,94.87,74.7,Moderate
6,8.23,81.5,78.86,89.62,74.1,Low
1,8.23,83.28,87.36,92.22,79.53,Low
2,6.99,100.0,72.13,77.24,55.23,Moderate
7,6.35,86.04,71.03,79.21,58.26,Moderate
5,8.22,90.88,91.18,100.0,77.29,Low
5,8.0,70.24,77.55,78.65,70.48,Low
2,7.89,72.31,96.79,100.0,93.44,Low
2,8.4,86.64,77.69,82.5,70.68,Low
3,9.06,86.29,91.52,100.0,78.71,Low
1,6.86,100.0,91.3,96.82,80.86,Low
2,7.67,97.79,79.66,89.23,69.67,Low
6,8.54,92.33,79.77,90.74,71.94,Low
4,8.09,71.15,78.85,86.84,67.6,Moderate
4,5.59,50.0,55.24,63.47,47.03,High
7,4.05,70.03,50.05,57.6,42.37,High
1,7.48,100.0,70.15,73.23,59.69,Moderate
5,7.69,100.0,74.05,80.89,61.73,Low
7,7.63,100.0,58.92,67.17,52.33,Moderate
3,9.14,78.13,80.87,91.02,75.62,Low
8,8.45,57.63,75.36,86.03,65.71,Moderate
7,7.89,71.18,75.4,90.61,62.92,Moderate
4,9.21,96.99,98.0,100.0,88.65,Low
4,7.55,83.02,67.96,77.65,56.95,Moderate
8,7.71,73.84,85.89,93.28,77.71,Moderate
6,7.8,74.93,75.44,83.7,69.14,Moderate
6,6.79,92.9,75.5,83.74,65.36,Moderate
3,8.38,83.15,89.13,100.0,83.97,Low
8,5.56,67.0,60.03,67.93,53.18,High
4,8.34,66.55,75.99,78.89,62.67,Moderate
7,7.29,100.0,64.5,72.09,45.86,Moderate
7,8.32,76.89,60.41,70.3,51.96,Moderate
7,8.85,88.93,89.31,89.33,81.12,Low
1,9.13,87.96,87.04,95.21,73.1,Low
5,9.55,100.0,92.05,100.0,79.76,Low
4,8.21,75.19,79.77,92.54,70.96,Moderate
5,7.41,100.0,79.58,89.68,77.42,Low
8,7.06,75.74,70.72,77.69,61.74,Moderate
8,6.92,83.29,73.29,79.5,57.83,Moderate
5,8.75,93.76,81.06,89.41,76.26,Low
4,6.74,87.98,80.7,89.6,71.58,Moderate
7,9.06,92.19,86.52,97.86,78.51,Low
2,6.56,91.51,59.51,61.3,53.14,Moderate
5,4.0,59.22,43.06,55.87,36.56,High
6,6.47,100.0,72.87,79.66,64.06,Moderate
2,6.5,67.96,64.39,73.28,54.91,High
4,6.92,73.77,74.64,77.23,67.45,Moderate
7,6.93,80.82,63.7,80.49,56.86,Moderate
3,6.67,70.45,51.57,60.67,44.99,High
3,8.53,94.63,82.52,90.99,72.57,Low
6,9.71,100.0,93.02,100.0,77.76,Low
1,7.97,100.0,83.41,93.69,78.3,Low
2,7.79,94.48,90.09,93.47,88.11,Low
8,8.35,71.85,85.16,90.41,85.13,Low
4,6.1,81.36,72.59,84.62,65.77,Moderate
2,8.03,94.83,83.06,96.73,72.98,Low
8,5.49,87.68,60.24,71.96,50.57,High
4,8.58,90.49,91.19,94.11,79.27,Low
1,8.39,71.82,88.18,100.0,79.94,Low
4,7.13,79.6,68.8,83.33,62.98,Moderate
1,6.89,70.62,74.05,80.37,56.9,Moderate
3,7.61,83.67,80.44,84.83,71.8,Moderate
4,7.02,76.37,76.66,79.23,71.59,Moderate
1,7.77,94.54,86.94,98.02,84.01,Low
4,6.95,75.8,75.61,83.11,55.42,Moderate
3,6.26,50.36,54.68,63.19,44.03,High
2,7.8,89.95,88.67,94.81,74.21,Low
6,6.82,84.87,58.37,70.96,45.12,High
5,7.99,58.92,76.0,83.09,74.09,Moderate
5,7.76,67.49,62.68,72.53,51.27,Moderate
2,7.93,56.94,67.79,71.53,62.78,High
3,8.22,85.34,93.57,100.0,86.77,Low
3,7.19,77.85,82.19,88.56,72.11,Moderate
7,10.0,100.0,90.43,96.52,85.73,Low
1,5.91,68.43,69.21,76.75,59.89,High
2,7.93,64.96,68.47,78.02,63.15,Moderate
4,9.13,100.0,93.25,100.0,83.12,Low
1,9.79,81.17,98.0,100.0,89.33,Low
8,8.52,88.76,94.84,99.24,84.87,Low
2,7.62,87.14,71.38,75.79,67.28,Low
4,8.4,93.43,82.9,85.61,80.43,Low
4,9.54,100.0,98.0,100.0,91.82,Low
2,7.44,90.13,80.12,86.3,74.97,Low
4,4.41,64.75,56.65,66.31,49.41,High
8,7.48,79.17,75.31,81.89,65.36,Moderate
6,10.0,72.96,96.13,100.0,90.35,Low
3,8.82,65.33,80.22,89.81,71.49,Moderate
8,6.74,87.55,79.52,85.63,68.89,Moderate
5,8.92,71.31,74.39,81.51,62.5,Moderate
6,6.19,89.52,76.68,87.14,62.51,Moderate
1,7.29,71.76,64.27,72.75,53.27,Moderate
3,8.82,73.5,95.73,100.0,87.69,Low
2,8.77,88.55,89.44,100.0,79.85,Low
2,9.23,75.66,80.21,91.84,77.15,Low
4,5.04,56.18,59.37,67.0,47.57,High
7,10.0,84.13,83.8,91.33,76.74,Low
3,7.53,100.0,73.09,80.04,72.73,Low
8,5.61,79.64,61.43,72.88,45.38,High
1,9.04,87.23,98.0,100.0,91.27,Low
4,8.09,50.7,72.02,84.86,58.53,Moderate
2,8.19,90.77,77.15,82.56,65.74,Low
6,10.0,80.02,87.93,94.97,78.92,Low
1,7.51,81.21,80.77,88.13,71.41,Moderate
2,7.74,73.63,80.11,85.05,73.54,Moderate
6,6.41,100.0,86.34,95.11,77.17,Moderate
5,6.51,79.86,73.41,81.63,64.41,Moderate
3,6.53,77.51,64.49,70.06,56.15,High
3,10.0,100.0,98.0,100.0,86.02,Low
4,9.91,97.35,94.84,100.0,88.53,Low
4,6.44,85.32,68.12,71.62,59.82,Moderate
3,8.1,89.83,74.57,83.59,62.53,Low
5,6.54,63.51,69.7,73.22,64.91,High
6,5.35,55.04,52.9,58.0,40.06,High
1,7.36,85.1,80.59,89.02,73.43,Moderate
3,8.14,85.77,85.03,92.43,70.71,Low
6,7.74,84.55,84.3,96.14,75.37,Low
1,5.8,77.57,56.26,75.1,45.8,High
7,8.71,84.54,80.58,89.55,69.93,Low
3,7.38,98.55,92.06,98.86,81.03,Low
2,5.92,80.63,66.11,76.29,48.75,High
3,10.0,91.69,95.78,96.02,84.9,Low
8,7.74,85.41,85.04,97.04,72.97,Low
3,5.77,77.03,67.64,71.92,62.92,Moderate
2,5.49,70.49,57.61,71.37,45.55,High
8,6.04,96.98,69.03,70.88,60.02,Moderate
1,8.99,94.27,78.07,84.48,72.84,Low
6,5.55,81.93,69.43,82.25,60.85,Moderate
8,5.82,86.19,57.55,68.66,51.33,Moderate
8,6.48,61.9,71.86,77.25,65.15,High
6,7.98,100.0,83.37,84.26,76.06,Low
7,8.58,94.37,88.75,92.68,73.9,Low
5,6.35,56.09,51.6,54.98,44.7,High
3,8.2,87.77,81.41,88.07,66.84,Low
1,5.59,71.24,50.45,67.71,40.31,High
8,7.76,71.8,79.44,86.68,67.36,Moderate
8,8.27,62.88,79.6,91.87,76.56,Moderate
1,8.25,75.83,89.86,96.48,81.42,Low
7,8.41,83.86,79.54,87.85,64.83,Moderate
4,7.57,81.3,75.07,82.45,65.59,Low
6,9.23,64.56,73.11,86.47,66.27,Moderate
8,6.31,78.11,75.7,80.23,64.12,Moderate
5,5.99,92.0,63.6,74.13,47.15,Moderate
7,6.59,75.85,69.37,75.02,57.2,Moderate
7,8.76,90.76,76.76,83.45,70.62,Low
6,8.42,62.53,79.0,88.36,69.86,Moderate
2,9.75,90.6,97.39,100.0,88.77,Low
3,7.12,77.61,78.85,85.69,74.77,Moderate
5,6.51,85.89,66.91,80.23,63.41,Moderate
1,8.48,100.0,92.77,95.83,77.7,Low
8,8.56,69.04,88.39,97.25,77.84,Moderate
8,6.93,93.59,74.63,85.84,69.74,Moderate
7,5.23,86.57,69.56,70.72,57.94,High
8,6.81,93.05,72.54,76.7,62.35,Moderate
3,8.52,88.33,73.98,84.81,68.77,Low
3,8.84,82.97,84.44,94.51,75.27,Low
5,6.87,65.97,56.66,69.72,48.32,High
6,9.03,99.08,93.5,100.0,86.9,Low
3,5.81,78.01,56.32,63.37,44.1,High
1,8.07,80.97,80.68,85.76,75.19,Moderate
3,8.54,97.43,79.45,85.37,72.7,Low
4,8.68,100.0,95.26,100.0,83.6,Low
2,6.54,78.27,68.14,72.17,58.46,Moderate
3,8.39,71.86,68.01,70.45,53.57,Moderate
6,7.27,68.75,71.15,82.84,60.54,Moderate
7,9.91,100.0,83.94,87.32,74.07,Low
6,7.69,100.0,88.64,100.0,78.32,Low
1,10.0,89.79,88.31,93.7,83.56,Low
6,8.42,86.87,90.98,100.0,87.01,Low
1,8.52,61.09,71.32,83.9,65.48,Moderate
4,6.87,89.27,68.74,79.22,59.08,Moderate
4,7.18,76.03,69.87,81.02,62.79,Moderate
2,9.71,100.0,94.68,95.58,81.51,Low
6,6.84,90.12,64.95,74.0,60.85,Moderate
5,7.17,60.94,56.35,57.44,50.48,High
5,7.78,64.35,86.18,87.33,77.81,Moderate
6,7.06,77.43,54.13,61.01,44.55,High
2,8.25,69.01,85.51,94.39,81.63,Moderate
4,10.0,96.69,98.0,100.0,90.24,Low
8,8.37,73.82,88.32,97.42,77.12,Moderate
6,7.91,84.04,68.75,73.56,61.85,Moderate
7,9.31,96.58,98.0,100.0,90.46,Low
8,7.34,73.87,82.34,88.59,72.43,Low
4,10.0,83.91,98.0,100.0,95.0,Low
3,7.59,75.53,69.69,82.2,59.66,Moderate
1,8.2,83.26,71.68,81.75,57.99,Moderate
7,8.28,83.7,72.35,79.6,60.49,Moderate
1,6.17,54.22,66.64,67.56,59.05,High
5,8.24,99.23,84.59,87.92,73.82,Low
3,6.99,89.49,58.56,65.68,48.94,Moderate
6,5.58,61.01,58.82,70.0,51.75,High
6,9.43,91.9,94.51,100.0,84.14,Low
4,7.45,64.56,57.37,62.4,46.24,High
7,8.3,84.55,73.39,86.26,66.31,Low
3,7.38,88.33,69.1,74.65,52.67,Moderate
1,10.0,93.49,92.8,100.0,82.34,Low
3,7.41,61.46,70.93,84.75,66.66,Moderate
8,6.53,56.79,62.11,78.63,54.13,High
8,9.42,90.11,88.79,91.3,77.49,Low
1,5.36,67.39,56.53,66.83,45.62,High
4,8.8,86.76,95.03,98.37,79.02,Low
4,7.15,80.15,66.52,69.82,59.97,Moderate
4,7.69,100.0,73.47,84.23,62.51,Low
6,7.65,72.69,86.25,92.48,72.5,Moderate
5,7.82,96.5,86.3,95.83,81.74,Low
1,7.78,83.93,82.88,89.61,80.48,Low
7,7.71,87.2,84.68,84.98,71.35,Low
4,6.97,86.95,70.98,81.81,59.98,Moderate
8,6.14,69.13,69.72,78.27,62.78,Moderate
3,9.55,95.88,90.22,97.21,78.02,Low
2,8.37,100.0,91.43,94.54,76.59,Low
5,6.65,97.09,67.48,74.75,58.63,Moderate
1,8.51,95.1,79.61,91.3,65.81,Low
3,7.41,96.09,84.43,100.0,71.69,Low
5,7.18,100.0,79.98,82.75,79.21,Low
6,7.18,81.77,70.39,75.65,62.67,Moderate
3,6.0,96.17,60.93,70.79,52.46,High
2,6.28,74.63,63.84,76.31,59.88,High
6,7.95,91.82,77.28,78.21,71.61,Low
1,9.72,79.98,98.0,100.0,88.85,Low
7,8.45,80.8,77.87,85.61,72.3,Low
4,5.88,77.32,46.77,56.94,33.7,High
2,8.19,95.5,75.85,82.62,73.13,Low
5,7.68,84.06,79.8,92.83,76.5,Moderate
7,10.0,90.07,98.0,100.0,92.61,Low
2,6.16,51.63,62.34,78.32,55.19,High
5,5.83,80.2,59.09,67.56,44.33,High
8,6.44,78.46,65.33,73.78,61.0,Moderate
8,5.01,78.5,64.97,75.44,61.07,High
3,9.08,100.0,97.85,100.0,95.0,Low
6,7.64,91.84,86.42,90.16,73.25,Low
8,10.0,86.63,98.0,100.0,88.86,Low
6,8.38,82.13,88.02,100.0,81.97,Low
8,6.74,63.17,82.46,91.31,72.79,Moderate
3,6.55,81.12,66.49,71.55,66.12,Moderate
2,7.04,72.12,71.63,80.92,63.68,Moderate
8,7.15,69.91,65.08,69.57,56.03,Moderate
7,6.56,92.74,72.12,81.9,65.66,Moderate
6,9.26,82.04,90.86,100.0,86.48,Low
1,7.69,90.11,75.22,77.38,69.61,Low
8,7.29,62.34,67.51,71.38,53.23,High
3,6.87,58.06,62.12,71.05,53.37,High
5,9.43,97.71,98.0,100.0,86.62,Low
4,5.45,100.0,60.51,68.83,45.48,Moderate
6,8.63,86.85,89.29,98.9,80.86,Low
7,6.25,78.62,77.38,86.9,70.34,Moderate
4,9.63,99.71,88.85,99.04,76.42,Low
2,8.35,85.71,79.86,87.22,71.4,Low
1,7.8,86.64,77.66,86.53,64.36,Moderate
3,8.1,50.0,73.85,79.16,64.27,High
4,7.54,100.0,82.69,83.91,77.75,Low
4,8.47,100.0,90.33,99.26,84.08,Low
6,5.98,79.39,71.84,81.9,61.83,Moderate
3,9.5,94.55,96.7,100.0,83.17,Low
8,6.44,74.48,56.63,66.63,50.47,High
1,7.28,100.0,80.94,85.33,68.34,Moderate
6,7.12,81.57,67.5,71.65,62.72,Moderate
4,6.94,95.14,81.54,88.66,72.59,Low
5,6.25,80.11,69.13,71.62,58.76,Moderate
7,8.21,82.72,81.06,92.99,68.67,Low
6,7.86,93.07,92.59,92.67,84.84,Low
5,7.31,79.2,77.14,82.2,70.37,Moderate
2,9.05,94.88,92.39,100.0,86.15,Low
7,10.0,91.58,88.16,92.9,72.85,Low
7,8.27,89.1,74.2,83.82,66.9,Low
2,7.78,89.44,74.11,81.72,67.33,Moderate
2,5.62,77.19,72.17,83.67,65.55,High
2,7.86,93.92,82.91,88.73,78.04,Low
6,10.0,95.81,90.72,96.14,83.85,Low
8,7.17,87.01,65.72,75.26,59.2,Moderate
3,7.09,62.97,67.38,80.96,55.34,High
6,6.46,77.45,74.11,75.43,67.83,Moderate
3,5.84,65.53,60.55,70.91,52.88,High
1,9.09,74.18,92.89,100.0,91.46,Low
5,7.69,69.23,74.95,90.65,59.77,Moderate
3,6.57,66.97,65.28,71.63,55.29,High
2,8.64,92.78,71.44,87.49,59.63,Moderate
7,8.84,85.4,93.74,100.0,77.74,Low
4,5.46,79.26,54.39,61.82,42.33,High
7,7.07,82.2,79.23,84.59,65.0,Moderate
4,6.87,95.25,85.81,96.47,75.71,Low
8,7.48,79.91,65.71,73.06,52.66,Moderate
8,7.06,78.75,59.1,66.56,51.95,High
2,8.61,85.88,90.37,94.19,79.43,Low
1,5.97,79.77,65.92,68.28,59.26,High
3,5.7,82.33,62.62,80.52,53.37,High
7,6.04,77.81,84.25,89.07,76.47,Moderate
8,9.32,76.93,86.14,96.08,77.56,Low
4,9.43,86.67,98.0,100.0,88.56,Low
7,6.4,80.62,70.95,81.99,56.08,Moderate
5,7.78,75.51,90.16,100.0,75.46,Low
5,8.16,61.52,83.77,92.49,68.21,Low
1,9.72,97.55,98.0,100.0,90.26,Low
1,7.22,95.59,77.58,90.87,66.63,Moderate
5,8.75,74.07,79.53,85.03,72.87,Low
5,6.87,75.58,60.27,72.14,55.13,High
8,6.03,96.5,59.36,68.52,44.73,Moderate
5,6.67,82.76,71.96,74.68,60.24,Moderate
4,10.0,76.53,83.61,84.14,82.42,Low
2,9.25,91.4,97.21,100.0,91.9,Low
7,7.87,70.98,67.3,74.78,60.85,Moderate
7,7.65,99.84,85.18,90.52,73.73,Low
7,9.25,79.77,80.4,83.9,71.16,Low
1,8.52,85.41,86.63,95.27,75.32,Low
2,7.6,78.71,85.94,91.8,76.85,Moderate
7,9.4,98.83,92.73,100.0,83.82,Low
3,8.09,92.09,83.61,94.01,76.56,Low
5,5.91,72.05,51.62,67.75,40.36,High
3,5.19,63.45,55.53,66.26,42.68,High
1,6.95,81.74,77.7,84.83,64.02,Moderate
5,5.99,88.24,48.21,64.03,46.46,High
4,7.38,74.57,70.12,83.99,65.16,Moderate
7,7.23,99.56,85.21,94.93,75.58,Moderate
8,7.72,100.0,78.68,86.2,68.16,Low
5,8.75,90.6,94.76,98.19,91.03,Low
5,4.36,73.16,60.67,63.63,49.39,High
5,6.44,78.12,56.87,68.87,51.14,High
3,8.05,85.02,73.45,80.05,63.39,Moderate
8,8.97,92.11,98.0,100.0,80.44,Low
4,7.12,71.21,81.43,85.86,70.76,Moderate
6,9.71,100.0,92.91,99.76,85.72,Low
8,7.62,60.59,73.01,80.65,63.86,Moderate
6,5.77,63.56,63.4,75.93,53.89,High
3,8.9,70.9,80.94,84.55,71.44,Low
6,7.29,58.56,74.39,81.47,71.84,High
5,7.48,96.59,79.37,85.36,66.9,Moderate
8,6.75,72.59,90.54,100.0,80.53,Moderate
7,8.31,64.3,77.93,81.1,75.3,Moderate
2,8.47,100.0,79.37,92.22,64.14,Low
3,7.07,73.41,68.05,74.93,56.79,Moderate
1,9.42,100.0,93.0,100.0,86.03,Low
3,9.04,89.1,65.7,75.5,60.0,Moderate
3,6.15,58.26,53.38,66.01,36.38,High
7,6.88,74.37,69.7,79.02,63.05,Moderate
2,8.09,77.35,73.48,83.12,68.67,Moderate
8,7.2,88.5,76.81,85.72,70.8,Moderate
4,5.7,66.66,61.76,68.94,57.54,High
3,8.26,100.0,90.64,92.45,74.55,Low
1,7.93,62.0,64.09,74.29,50.82,High
4,9.45,100.0,89.77,98.38,83.52,Low
4,10.0,74.96,87.57,91.42,74.74,Low
4,7.87,86.66,75.88,76.61,63.46,Low
5,8.06,100.0,74.94,84.09,68.23,Low
7,7.88,94.87,89.33,97.61,78.22,Low
8,7.05,79.37,77.82,85.67,74.61,Moderate
5,6.59,87.98,78.47,82.89,72.07,Moderate
2,5.34,93.53,69.85,74.19,62.25,High
7,8.17,77.16,75.74,84.17,68.86,Moderate
5,7.84,99.54,80.37,83.71,66.33,Low
4,8.8,68.6,83.87,85.57,75.19,Low
8,8.48,79.88,90.47,95.36,83.45,Low
6,8.49,93.71,79.95,85.78,69.15,Low
6,8.44,70.67,81.94,89.4,73.96,Moderate
6,6.13,59.33,68.32,72.39,58.03,High
7,7.67,72.59,88.34,94.55,79.17,Moderate
7,7.03,78.93,63.44,77.54,51.92,Moderate
5,8.14,90.88,78.58,91.71,71.07,Moderate
7,6.05,83.88,58.78,63.56,54.97,High
4,7.98,77.4,78.18,89.25,70.48,Moderate
6,6.74,85.61,69.07,86.07,66.73,Moderate
7,8.41,100.0,81.38,88.3,75.56,Low
7,7.62,89.61,79.17,88.02,68.59,Low
3,8.5,100.0,96.26,100.0,93.86,Low
8,9.14,100.0,92.94,97.69,84.39,Low
2,7.16,77.52,73.97,86.77,64.84,Moderate
4,7.66,82.39,73.79,78.29,68.05,Moderate
5,10.0,100.0,93.35,100.0,90.43,Low
2,8.66,100.0,92.63,97.23,83.36,Low
6,5.61,86.85,53.22,63.52,41.42,High
7,5.75,92.18,72.0,79.15,58.59,Moderate
4,5.75,81.96,57.08,72.73,46.91,High
5,7.72,89.0,70.8,78.89,56.09,Moderate
8,6.61,99.56,73.11,81.57,68.95,Moderate
3,8.6,85.54,88.79,96.94,76.46,Low
7,7.07,76.95,71.38,77.84,57.76,Moderate
3,7.49,92.55,76.75,86.55,70.57,Moderate
1,5.44,94.71,84.77,84.9,72.1,Moderate
4,9.33,100.0,98.0,100.0,80.92,Low
2,8.36,97.3,73.84,86.74,68.98,Low
2,7.1,74.42,72.83,83.17,65.15,Moderate
5,7.91,87.26,76.37,83.04,59.31,Moderate
2,7.88,88.97,84.57,93.56,71.65,Low
5,8.06,54.71,72.36,76.57,68.47,Moderate
3,10.0,79.14,98.0,100.0,89.08,Low
1,10.0,78.97,95.49,100.0,86.4,Low
8,7.19,87.12,70.63,76.14,61.56,Moderate
1,6.73,68.03,71.91,82.08,66.96,High
8,7.1,83.42,62.56,80.8,55.48,Moderate
7,5.75,64.9,58.25,58.78,43.28,High
4,7.69,75.11,62.81,70.29,56.42,High
5,9.73,98.31,96.77,100.0,95.0,Low
5,7.07,91.74,85.9,100.0,73.4,Low
5,6.02,82.1,67.17,75.46,60.16,Moderate
7,8.79,100.0,93.58,98.38,81.64,Low
2,8.58,82.3,91.2,96.29,84.85,Low
5,7.49,80.95,56.03,56.94,46.67,Moderate
8,8.99,87.12,93.51,100.0,84.7,Low
2,7.53,87.31,82.03,92.08,72.16,Low
8,8.76,72.55,65.98,71.97,47.13,Moderate
5,7.47,100.0,74.43,83.78,65.26,Low
7,9.64,100.0,87.01,94.6,80.93,Low
2,8.03,78.78,81.72,92.0,69.5,Moderate
5,8.82,100.0,79.23,84.84,72.9,Low
4,6.58,80.02,68.69,81.35,60.67,Moderate
8,6.0,81.79,50.95,58.38,40.67,High
1,7.17,59.2,68.03,77.16,59.22,High
6,6.19,80.09,54.41,66.76,43.96,High
1,7.0,74.2,68.17,70.77,55.71,Moderate
5,6.84,72.96,82.06,90.8,69.48,Moderate
1,9.98,94.57,98.0,100.0,88.19,Low
8,7.91,91.33,73.96,82.14,59.92,Moderate
6,8.48,81.4,86.09,92.1,75.51,Low
7,8.41,89.57,85.03,91.54,82.99,Low
5,9.66,100.0,90.77,97.12,81.84,Low
8,6.52,75.1,70.99,77.52,58.05,Moderate
1,8.18,76.46,75.27,80.12,68.45,Moderate
2,8.5,95.45,87.23,94.77,74.31,Low
7,9.69,90.99,98.0,100.0,87.75,Low
1,5.04,69.15,57.39,65.37,49.7,High
3,6.95,82.64,66.4,75.66,58.21,Moderate
7,6.98,69.44,69.16,81.05,58.51,Moderate
3,5.32,100.0,66.92,78.78,57.48,Moderate
8,6.46,82.28,81.9,93.86,73.08,Moderate
5,7.52,100.0,87.78,98.99,71.9,Low
5,5.22,100.0,67.76,70.94,51.07,Moderate
2,7.12,87.52,80.64,81.7,66.85,Moderate
2,7.56,50.0,75.72,89.71,66.21,High
4,8.19,100.0,72.59,88.3,68.68,Low
3,8.47,100.0,82.18,91.02,72.23,Low
8,7.66,98.9,73.7,76.8,60.64,Low
1,6.33,76.06,66.29,76.7,54.47,High
6,7.95,78.86,72.9,73.24,63.5,Moderate
2,6.53,84.95,76.52,88.1,73.63,Moderate
1,6.17,86.83,56.24,69.87,42.87,Moderate
4,7.5,100.0,77.33,79.32,68.83,Moderate
4,7.0,89.28,56.61,65.11,47.34,Moderate
4,7.19,99.03,69.63,79.19,62.52,Moderate
1,5.88,95.09,58.96,67.06,49.55,Moderate
4,7.78,75.15,64.54,65.77,53.09,Moderate
8,9.68,89.57,86.68,96.74,79.65,Low
7,5.76,54.8,57.75,65.89,46.82,High
1,6.23,67.15,48.86,55.91,45.55,High
1,8.6,79.36,87.15,94.92,74.72,Low
7,8.24,82.13,80.61,86.25,73.44,Low
7,7.41,93.76,79.76,84.32,71.4,Low
3,8.75,81.41,82.26,89.08,69.0,Low
3,6.12,77.75,71.0,79.73,55.25,High
4,9.74,61.76,84.33,92.09,74.49,Low
5,6.06,60.22,60.22,70.76,53.82,High
2,6.77,79.02,66.03,79.65,61.2,High
8,9.34,100.0,91.01,92.24,90.93,Low
5,8.6,92.12,80.14,89.36,65.5,Low
3,8.49,100.0,89.87,96.05,78.57,Low
5,7.14,80.76,71.78,86.0,58.87,Moderate
5,7.78,65.52,89.52,97.45,84.05,Low
6,10.0,79.98,98.0,100.0,85.93,Low
1,7.5,68.29,72.63,85.17,63.07,Moderate
2,7.23,73.36,85.74,95.36,75.22,Moderate
4,9.32,77.48,94.58,100.0,89.71,Low
5,9.84,95.55,98.0,99.1,95.0,Low
8,6.32,51.32,50.08,57.59,36.83,High
8,7.33,100.0,84.87,92.14,73.06,Low
3,6.1,67.42,61.24,66.42,48.35,High
4,6.6,85.61,51.98,63.14,39.62,High
2,7.29,83.04,79.72,90.32,71.75,Moderate
1,7.4,64.12,74.4,82.48,60.63,Moderate
6,9.01,100.0,98.0,100.0,87.3,Low
6,8.53,83.7,87.1,98.32,78.06,Low
8,4.32,52.86,48.69,57.03,44.11,High
2,7.44,67.4,70.4,77.91,63.81,Moderate
6,10.0,86.31,98.0,100.0,89.19,Low
8,6.28,84.88,75.08,75.61,57.91,Moderate
8,7.56,75.09,71.62,83.96,63.16,Moderate
7,5.58,72.46,56.03,61.9,44.37,High
8,4.74,71.3,47.89,52.0,40.78,High
3,7.74,73.3,84.21,93.71,76.5,Moderate
5,7.73,96.2,80.05,83.65,71.93,Low
5,7.7,79.67,66.62,82.74,56.03,Moderate
6,8.29,100.0,86.82,89.02,75.78,Low
3,7.99,82.78,80.59,91.29,74.13,Moderate
7,7.06,68.87,65.26,73.83,53.66,High
4,6.86,91.92,71.04,81.26,60.02,Moderate
3,8.26,93.56,84.6,86.29,74.58,Low
8,6.73,84.92,54.02,54.88,40.11,High
7,6.77,72.58,60.97,68.65,52.78,High
4,6.65,70.42,72.49,89.95,65.77,Moderate
6,6.29,67.15,63.42,68.13,54.24,High
8,7.6,70.73,74.42,83.76,58.33,Moderate
8,9.15,71.02,75.69,87.01,62.53,Moderate
8,8.59,66.5,74.03,87.78,64.4,Moderate
1,7.71,70.56,72.36,76.29,61.38,Moderate
5,8.59,95.5,88.85,100.0,73.35,Low
8,8.36,100.0,89.8,100.0,81.66,Low
8,6.81,94.06,68.29,71.21,61.26,Moderate
5,7.88,100.0,70.34,75.83,65.15,Low
4,7.33,91.5,73.74,81.13,70.02,Low
5,7.25,83.65,77.79,92.72,69.76,Moderate
7,6.65,64.99,67.48,71.35,48.29,High
7,6.9,71.57,62.79,68.34,55.09,High
8,10.0,88.52,86.44,93.41,74.28,Low
6,8.0,70.25,72.31,77.99,64.18,Moderate
1,6.62,90.27,78.33,87.5,67.65,Moderate
1,6.9,50.12,74.87,81.34,56.98,High
7,9.03,88.07,88.67,99.09,86.63,Low
3,7.0,98.43,89.47,97.13,76.66,Low
4,7.7,76.13,83.84,91.5,75.87,Low
6,10.0,93.91,98.0,100.0,86.53,Low
8,7.7,86.68,70.78,83.69,61.33,Moderate
2,7.44,64.12,64.85,67.15,55.12,High
5,8.63,97.17,82.73,92.52,75.42,Low
8,7.87,76.34,62.47,69.68,57.07,Moderate
6,8.57,74.73,89.87,98.59,80.74,Low
7,9.06,89.25,85.53,89.77,80.68,Low
3,8.0,73.33,89.91,100.0,78.0,Low
2,7.02,68.63,65.32,68.57,55.22,Moderate
8,9.46,75.1,80.78,95.17,69.92,Low
6,6.73,52.3,47.04,55.5,36.86,High
2,8.73,74.69,88.52,98.65,83.61,Low
6,8.77,74.89,75.99,87.18,69.49,Moderate
4,10.0,100.0,98.0,100.0,95.0,Low
3,7.69,100.0,89.67,97.65,80.72,Low
3,8.41,97.07,80.68,82.26,71.26,Low
4,7.72,98.59,87.46,91.71,78.63,Low
4,6.27,89.33,67.23,75.82,55.57,Moderate
2,6.76,79.99,69.23,76.33,58.78,Moderate
6,7.01,88.48,83.95,93.37,68.32,Low
3,7.37,95.76,74.57,82.01,61.77,Moderate
5,8.82,100.0,91.35,98.45,77.65,Low
3,6.88,98.7,78.67,89.9,73.39,Low
2,6.98,95.58,84.18,96.57,71.28,Low
4,8.8,86.41,74.94,81.32,66.29,Low
5,9.47,79.15,86.72,100.0,77.24,Low
5,8.39,85.07,82.43,90.24,71.1,Low
8,8.84,76.58,87.36,95.01,78.29,Low
8,6.74,96.63,72.25,77.99,59.89,Moderate
8,7.82,84.54,86.76,94.23,73.36,Moderate
4,8.54,81.79,82.54,86.03,76.33,Low
5,8.36,67.93,80.54,81.41,75.66,Moderate
6,7.8,86.91,74.33,83.46,66.14,Moderate
1,6.22,86.34,77.99,91.23,68.63,Moderate
6,8.1,100.0,85.09,92.34,72.4,Low
2,8.01,66.29,73.53,74.89,65.03,Moderate
1,7.15,54.0,53.42,58.17,47.51,High
4,5.95,97.23,72.77,91.16,60.79,Moderate
8,4.0,75.75,41.84,47.4,36.18,High
2,8.17,99.04,77.24,90.56,64.07,Low
8,4.4,65.1,45.78,52.93,35.05,High
3,7.65,86.33,75.04,84.96,64.88,Moderate
2,8.91,88.4,78.97,91.41,70.5,Low
2,6.96,100.0,80.53,82.09,68.33,Low
7,5.47,62.11,59.1,67.65,56.68,High
1,7.13,86.49,77.61,88.77,73.0,Moderate
2,6.39,84.78,64.97,71.01,55.42,High
6,8.08,96.27,77.52,82.12,74.9,Low
4,9.95,94.78,79.95,87.0,72.82,Low
1,8.66,82.45,88.55,99.58,86.7,Low
3,7.22,66.89,75.23,84.91,68.69,Moderate
1,6.41,67.11,71.57,72.35,57.9,High
1,5.51,68.1,61.73,74.57,55.5,High
4,6.51,100.0,79.66,89.55,65.84,Moderate
3,7.03,77.67,77.68,84.17,69.86,Moderate
5,6.22,65.32,64.65,68.73,52.41,High
1,6.83,73.37,79.25,84.89,71.91,Moderate
8,6.55,71.96,60.68,67.1,46.32,High
1,6.86,51.76,59.95,65.16,56.72,High
3,6.57,68.21,64.1,65.45,57.65,High
6,7.6,100.0,80.91,92.18,68.7,Low
4,7.63,98.0,85.62,94.49,75.38,Low
7,7.59,92.5,79.6,88.77,72.04,Low
4,8.16,83.36,75.58,82.64,63.52,Low
5,9.27,78.91,79.87,83.04,71.83,Low
8,7.42,61.02,73.5,84.51,55.62,High
2,7.46,69.52,56.83,69.48,44.69,High
4,7.28,78.76,71.61,79.94,61.72,Moderate
3,6.08,75.44,66.75,68.54,55.68,High
5,6.74,74.92,70.06,76.15,61.56,Moderate
5,9.11,94.3,83.8,84.5,67.39,Low
6,5.87,77.13,65.15,69.99,50.82,Moderate
1,9.68,73.4,78.81,88.62,68.09,Low
5,7.24,76.59,56.76,66.68,42.99,Moderate
2,6.43,86.81,85.28,92.17,83.79,Moderate
6,7.21,78.97,67.52,78.91,65.97,Moderate
3,10.0,98.44,96.14,100.0,87.33,Low
3,8.91,100.0,98.0,100.0,84.62,Low
1,8.08,91.53,83.15,92.29,64.43,Low
5,7.41,68.28,85.67,96.03,79.1,Moderate
3,6.5,77.23,75.48,80.75,61.78,Moderate
6,9.07,95.14,82.03,88.38,70.64,Low
4,6.82,81.25,76.78,85.19,73.11,Moderate
7,9.08,92.89,81.05,87.25,68.16,Low
8,6.51,82.92,77.86,85.37,68.95,Moderate
7,5.54,68.2,42.13,47.87,28.26,High
3,5.6,84.42,58.41,71.31,51.77,High
8,8.64,100.0,94.36,100.0,84.95,Low
8,8.36,86.39,77.2,88.19,67.72,Low
5,7.09,71.15,68.46,75.28,62.93,Moderate
1,7.67,100.0,75.81,83.05,75.46,Low
6,8.13,60.94,71.97,81.82,58.32,Moderate
1,6.55,76.82,49.97,59.2,40.98,High
3,7.13,78.32,79.57,83.66,71.55,Moderate
3,6.55,92.12,72.84,81.76,61.17,Moderate
1,8.19,57.8,77.41,80.33,65.75,Moderate
4,4.94,80.6,44.9,56.17,36.96,High
4,8.13,100.0,85.48,94.54,83.29,Low
3,7.76,95.6,83.12,91.43,74.35,Low
6,7.57,73.34,75.39,87.74,65.56,Moderate
5,8.9,73.67,80.31,88.46,71.24,Moderate
7,9.3,84.78,98.0,100.0,94.68,Low
2,7.61,67.98,77.41,80.1,71.46,Moderate
7,5.01,73.11,58.1,66.65,49.0,High
4,8.56,90.65,81.38,90.55,71.66,Low
6,7.94,69.97,77.91,82.61,63.24,Moderate
1,7.92,84.09,85.56,92.54,80.91,Low
3,8.73,92.2,84.47,92.79,76.85,Low
1,8.3,83.89,78.2,90.13,63.21,Low
7,7.29,87.27,78.28,88.12,67.08,Moderate
8,8.5,75.69,85.15,89.94,80.49,Low
3,7.9,80.78,91.63,92.32,81.06,Low
3,4.75,64.31,57.43,65.13,39.43,High
1,7.0,65.97,69.77,79.75,63.18,Moderate
5,6.4,94.24,72.16,83.35,67.82,Moderate
4,8.72,55.33,82.64,87.2,75.86,Moderate
6,8.23,100.0,94.77,100.0,83.15,Low
4,7.05,77.28,67.48,74.18,59.64,Moderate
7,9.29,77.64,88.39,94.28,72.68,Low
8,7.43,53.65,71.06,79.57,63.16,High
7,8.18,50.0,74.11,76.19,63.45,High
4,7.37,76.12,67.62,75.48,59.28,Moderate
7,6.8,81.03,71.85,76.51,63.59,Moderate
4,7.57,65.16,63.6,76.18,53.33,High
3,9.29,100.0,83.18,88.15,66.98,Low
5,7.89,81.54,83.36,92.42,77.81,Moderate
4,7.41,57.9,71.94,73.62,65.8,Moderate
4,7.94,73.43,83.57,88.67,79.52,Moderate
4,7.99,74.25,75.02,80.44,68.96,Moderate
8,5.24,77.95,60.29,68.34,52.93,High
2,9.08,100.0,79.36,94.7,71.24,Low
6,7.9,87.39,79.04,90.41,68.3,Low
5,5.94,69.19,65.67,75.25,52.98,High
8,7.94,81.04,79.38,81.02,73.71,Low
6,8.4,100.0,66.04,75.06,52.31,Moderate
8,7.49,62.0,69.6,81.71,62.84,High
1,4.9,59.43,47.11,50.3,38.27,High
8,6.43,64.41,67.96,77.08,62.89,High
1,7.55,87.81,68.23,78.01,67.92,Moderate
8,6.99,86.24,76.54,86.16,62.12,Moderate
6,8.94,70.53,81.76,85.38,75.81,Low
6,7.16,72.17,74.83,85.16,60.33,Moderate
5,7.63,91.66,68.36,74.81,58.28,Moderate
1,8.33,85.92,84.94,97.57,82.46,Low
5,7.53,88.39,90.2,100.0,77.2,Low
1,8.07,96.26,72.37,80.75,61.6,Moderate
6,8.2,52.31,63.45,67.62,52.19,High
3,9.73,77.24,80.02,92.2,71.58,Low
2,10.0,92.02,98.0,100.0,87.57,Low
1,7.1,98.25,64.76,75.29,51.81,Moderate
4,6.78,72.98,58.99,66.74,57.57,Moderate
8,6.77,80.66,71.25,81.82,66.15,Moderate
8,7.4,75.7,86.92,100.0,83.25,Moderate
4,7.45,85.63,79.38,92.92,77.86,Low
7,8.66,74.08,79.87,86.19,72.98,Low
8,8.27,82.1,75.76,84.67,61.79,Moderate
7,5.62,94.14,78.86,84.71,70.25,Moderate
2,6.18,90.53,67.41,70.83,63.86,Moderate
4,7.28,86.51,65.19,76.16,62.49,Moderate
7,7.33,75.85,92.62,100.0,85.53,Low
2,8.51,98.19,79.34,94.19,76.04,Low
1,6.63,100.0,76.03,88.74,70.13,Moderate
6,9.1,91.6,98.0,98.75,92.2,Low
4,6.87,68.64,69.23,70.66,62.22,High
8,7.48,66.65,81.23,87.18,73.59,Moderate
8,7.93,100.0,84.75,93.83,74.6,Low
6,5.99,68.8,67.2,73.38,55.7,High
8,6.55,78.46,55.72,69.84,55.36,High
3,8.24,100.0,85.34,90.02,80.76,Low
3,8.12,91.34,82.16,82.64,66.76,Low
8,9.19,89.23,85.58,89.37,74.9,Low
2,5.38,84.41,45.07,51.04,37.6,High
3,8.81,85.4,74.33,78.18,63.38,Low
2,8.18,100.0,86.05,100.0,76.13,Low
3,8.84,92.42,86.54,93.59,83.28,Low
6,9.03,89.38,85.4,93.73,80.09,Low
6,10.0,90.31,98.0,100.0,84.8,Low
3,8.33,100.0,91.43,100.0,84.51,Low
5,5.79,88.28,57.24,71.51,46.4,High
7,8.03,88.77,82.13,98.3,67.7,Low
4,8.04,90.39,85.42,96.26,79.02,Low
7,6.32,80.44,58.48,60.96,46.52,High
3,7.96,86.65,74.97,84.55,69.82,Low
6,7.43,77.98,76.5,83.07,64.86,Moderate
8,7.83,86.98,75.43,78.17,63.04,Low
4,8.15,74.84,80.53,85.4,72.99,Low
7,8.9,68.84,87.06,88.87,69.94,Low
3,6.74,89.61,62.38,78.92,55.96,Moderate
2,8.18,70.29,77.14,84.8,68.98,Moderate
3,7.66,77.22,77.48,81.58,63.44,Moderate
6,6.91,58.58,75.25,80.06,57.4,High
8,10.0,86.17,92.48,100.0,85.13,Low
8,8.28,90.57,84.61,86.82,75.77,Low
2,6.45,83.96,59.4,66.64,52.93,High
2,6.91,65.86,60.21,69.8,48.89,High
8,7.3,100.0,94.35,100.0,81.79,Low
7,9.28,94.45,98.0,100.0,90.5,Low
7,7.58,88.18,74.49,82.65,66.36,Moderate
6,7.46,80.62,70.17,72.0,64.35,Moderate
5,7.02,76.57,47.36,57.19,35.39,High
4,7.57,82.85,76.6,81.02,66.71,Moderate
8,8.63,82.79,77.85,81.62,67.57,Low
3,8.82,81.17,88.97,98.45,88.64,Low
8,9.5,94.76,97.33,99.39,86.67,Low
2,8.28,76.59,80.03,93.04,66.3,Low
1,7.82,89.47,81.0,83.98,67.91,Moderate
3,5.99,84.91,73.71,83.46,62.12,High
7,8.4,77.84,72.0,82.74,61.23,Moderate
5,9.37,61.21,92.65,98.58,83.99,Low
5,7.82,77.63,74.19,83.27,65.16,Moderate
8,9.24,99.85,98.0,100.0,90.86,Low
2,7.44,79.23,85.32,93.91,73.41,Low
5,7.45,78.59,80.15,81.89,63.14,Moderate
2,7.8,90.33,69.23,81.13,53.28,Moderate
7,8.57,87.32,77.45,86.59,68.87,Low
5,8.71,84.57,80.3,91.67,71.1,Low
5,7.72,92.35,81.92,93.11,75.95,Moderate
5,7.38,97.38,76.32,85.62,66.57,Low
4,7.24,89.95,75.89,84.14,64.24,Moderate
5,7.26,65.76,68.41,75.54,55.62,High
1,7.38,90.57,63.95,68.94,62.7,Moderate
6,6.5,62.43,67.61,75.47,65.44,High
2,6.86,87.04,79.83,92.34,69.32,Moderate
2,7.25,74.6,69.76,72.52,55.03,Moderate
5,8.0,71.75,81.6,89.94,67.63,Moderate
4,7.71,58.0,66.07,71.64,52.87,High
6,10.0,86.45,81.39,93.54,72.86,Low
1,8.82,94.94,83.0,84.34,74.93,Low
1,7.58,70.3,70.01,72.37,62.46,Moderate
2,6.48,61.76,65.07,75.56,58.19,High
2,9.14,82.56,94.25,100.0,85.14,Low
2,7.69,93.39,77.52,81.58,68.89,Moderate
7,7.34,97.06,78.32,84.74,70.32,Low
6,5.69,79.63,67.15,76.47,57.02,High
7,7.29,79.55,78.69,91.88,72.95,Moderate
5,6.85,88.8,64.98,72.98,56.8,Moderate
3,6.25,78.83,65.86,68.24,54.97,High
5,9.37,92.74,94.89,100.0,86.24,Low
7,6.3,94.13,71.02,82.3,55.4,Moderate
6,9.02,85.86,84.3,93.17,79.88,Low
8,9.34,76.48,84.96,89.4,73.32,Low
8,7.2,84.92,80.9,84.51,77.19,Moderate
8,9.46,100.0,93.34,100.0,85.49,Low
1,5.73,78.66,56.16,60.5,47.44,High
3,9.23,75.61,89.77,92.91,86.13,Low
3,8.63,100.0,86.37,95.77,71.13,Low
1,7.39,84.51,72.1,74.92,66.19,Moderate
2,7.96,87.54,75.21,82.89,71.74,Low
8,7.31,94.69,85.98,92.13,83.84,Low
4,7.52,100.0,77.24,83.58,65.77,Low
4,6.86,87.51,66.93,74.39,49.88,Moderate
8,6.63,79.32,68.5,70.66,55.69,Moderate
7,6.63,80.74,55.58,66.95,44.82,High
7,8.17,100.0,81.78,82.7,72.54,Low
3,7.44,94.51,72.45,82.97,63.01,Moderate
4,8.61,70.26,66.96,78.44,56.39,Moderate
7,8.2,70.69,98.0,100.0,91.0,Low
6,6.45,83.09,74.79,88.99,61.48,Moderate
1,6.22,70.27,67.91,76.62,51.52,High
7,6.77,100.0,85.97,91.98,83.8,Low
7,8.2,99.67,81.34,87.34,76.5,Low
8,8.28,96.63,93.4,96.22,84.24,Low
3,6.92,90.04,77.28,87.69,62.73,Moderate
5,7.55,80.16,85.78,96.29,82.78,Low
4,8.69,98.05,78.06,85.39,62.45,Low
5,8.66,100.0,95.44,100.0,85.67,Low
7,7.58,94.44,65.91,68.87,64.85,Moderate
5,6.66,90.21,63.43,76.07,49.18,Moderate
7,6.97,91.94,57.24,63.35,50.49,Moderate
1,8.73,81.83,86.03,96.99,79.36,Low
8,7.47,84.37,78.54,86.08,64.64,Moderate
7,7.21,75.5,73.33,77.76,61.61,Moderate
2,6.76,61.54,60.62,72.78,49.85,High
8,9.28,84.55,93.58,100.0,85.57,Low
1,7.64,72.94,83.55,86.51,75.06,Low
1,7.18,86.24,73.19,80.21,64.31,Moderate
6,7.89,89.54,83.79,86.6,83.32,Low
7,7.17,100.0,91.04,92.87,84.08,Low
3,4.54,72.8,43.94,47.38,35.93,High
7,7.5,84.35,79.27,93.01,66.09,Low
2,8.13,82.31,89.5,98.83,83.44,Low
1,6.94,69.76,66.07,68.41,57.24,Moderate
5,7.63,96.26,74.3,86.33,60.52,Moderate
7,5.56,100.0,65.53,69.66,53.74,Moderate
2,8.05,74.48,80.95,91.06,70.95,Moderate
8,6.32,88.66,74.41,77.61,66.09,Moderate
2,8.14,89.86,81.9,84.08,71.21,Low
4,7.88,83.24,90.11,96.29,81.18,Low
8,5.16,76.53,61.75,67.9,54.72,High
5,7.1,91.93,54.51,62.22,48.98,Moderate
4,7.79,81.66,73.23,80.04,65.37,Moderate
2,7.74,93.37,87.9,95.06,76.95,Low
2,9.24,100.0,88.16,100.0,79.92,Low
3,7.52,70.22,71.22,80.16,68.02,Moderate
4,7.2,93.92,77.44,90.66,70.81,Moderate
7,10.0,100.0,83.11,87.02,69.2,Low
4,6.96,85.85,63.49,71.22,52.68,Moderate
3,7.75,66.3,78.92,87.76,68.43,Moderate
3,7.34,62.61,65.83,68.2,54.67,High
3,9.63,100.0,94.83,99.61,82.41,Low
7,8.13,85.85,87.43,100.0,76.05,Low
5,8.7,92.4,89.51,100.0,74.9,Low
2,8.47,89.95,87.65,99.98,79.55,Low
3,5.62,62.07,47.02,54.44,42.1,High
1,7.64,90.77,75.53,85.82,73.35,Moderate
7,9.8,89.2,98.0,100.0,94.9,Low
4,8.64,100.0,98.0,100.0,89.26,Low
3,10.0,94.71,96.95,97.29,83.08,Low
1,8.32,74.77,78.78,91.95,70.13,Moderate
7,6.14,92.31,68.33,72.55,59.36,Moderate
6,8.5,97.34,89.6,98.55,76.68,Low
3,7.03,69.48,67.65,71.06,60.33,Moderate
1,6.11,90.83,65.56,81.87,54.15,Moderate
7,5.9,74.26,62.14,67.78,50.92,High
4,5.44,82.18,58.57,73.72,46.34,High
8,8.3,100.0,79.6,92.46,73.52,Low
6,9.24,87.3,95.04,100.0,81.77,Low
1,5.73,72.39,59.95,62.5,50.51,High
1,7.81,78.38,78.06,82.2,69.27,Moderate
5,5.84,66.25,54.73,54.96,53.85,High
1,9.33,89.24,93.93,96.81,79.39,Low
7,8.53,80.88,80.16,87.17,69.81,Moderate
7,9.61,92.13,96.87,100.0,93.99,Low
3,8.46,91.28,74.39,82.0,68.05,Low
7,6.5,82.74,63.31,77.4,50.46,Moderate
4,7.4,81.99,74.17,80.1,66.17,Moderate
3,6.77,78.62,74.48,77.79,68.1,Moderate
3,7.52,95.86,77.76,86.56,67.5,Low
3,9.03,97.2,94.38,100.0,91.73,Low
5,8.04,70.06,76.4,85.23,70.03,Moderate
1,9.66,83.16,86.51,100.0,86.4,Low
4,7.41,85.43,74.43,83.37,63.72,Moderate
6,7.75,91.79,85.39,94.33,78.63,Low
3,6.39,80.07,53.31,63.99,40.44,High
8,8.75,86.62,97.91,100.0,90.88,Low
2,8.98,96.36,88.65,94.45,84.72,Low
4,7.74,100.0,87.11,98.91,76.47,Low
2,9.15,89.78,92.76,100.0,88.66,Low
7,8.0,100.0,80.72,83.66,73.36,Low
8,5.04,59.62,60.26,74.54,53.28,High
3,7.66,84.51,85.0,95.56,68.13,Moderate
8,8.42,83.04,76.46,84.53,70.13,Moderate
8,9.49,89.04,93.43,97.55,85.15,Low
4,6.57,72.51,62.6,71.47,59.35,High
1,6.41,80.83,69.98,72.53,65.45,Moderate
5,8.47,100.0,89.7,98.43,81.47,Low
7,9.27,67.5,81.35,85.78,75.41,Moderate
4,7.39,77.3,63.9,67.75,50.65,Moderate
3,10.0,93.17,98.0,100.0,87.08,Low
4,8.05,95.5,88.96,100.0,84.11,Low
5,5.74,63.51,48.69,53.82,41.96,High
2,6.8,85.82,79.33,84.76,67.3,Moderate
8,6.7,100.0,61.07,75.51,56.17,Moderate
8,10.0,87.56,98.0,98.78,85.09,Low
5,7.74,96.43,83.83,93.7,76.54,Low
4,6.97,70.35,80.64,90.45,69.08,Moderate
5,7.39,84.62,72.93,79.72,60.58,Moderate
5,6.71,86.7,69.79,73.15,67.51,Moderate
5,7.61,60.55,63.94,70.07,58.28,High
2,7.16,96.86,74.27,83.51,67.38,Low
1,8.3,91.79,81.03,95.09,74.69,Low
4,5.62,61.96,59.73,68.54,51.18,High
1,6.65,75.25,60.78,67.05,49.38,High
2,8.54,70.56,79.01,84.75,72.46,Low
7,8.29,67.48,86.59,95.33,83.28,Low
4,9.08,83.12,76.86,89.86,66.46,Low
4,9.46,82.1,86.16,90.71,78.95,Low
1,6.21,69.22,67.97,70.86,58.75,High
6,5.21,94.7,56.98,60.96,44.87,High
6,7.2,85.76,67.79,74.22,65.73,Moderate
8,5.97,62.33,67.07,71.53,53.19,High
6,8.39,68.47,82.87,89.87,73.07,Moderate
1,4.93,71.53,48.9,58.87,46.39,High
3,6.12,56.42,58.1,66.02,48.31,High
6,5.98,71.39,60.8,67.48,53.08,High
3,6.35,53.26,44.53,51.82,33.55,High
5,9.11,87.67,78.45,84.7,73.67,Low
4,7.71,75.16,91.91,99.27,76.95,Low
3,8.21,71.61,71.05,72.19,58.3,Moderate
3,8.36,69.79,81.66,95.42,72.61,Moderate
8,8.22,83.69,62.89,76.78,55.61,Moderate
3,6.77,85.64,58.88,64.76,51.25,High
1,6.58,93.53,60.55,64.0,53.43,High
6,8.5,77.41,75.22,86.6,65.01,Moderate
4,9.47,76.68,88.35,97.08,72.09,Low
4,7.79,78.55,81.09,95.35,80.43,Moderate
5,6.41,50.0,61.97,68.56,49.26,High
1,7.78,88.16,84.73,96.49,84.72,Low
5,7.49,70.1,85.17,89.34,74.73,Moderate
4,8.71,82.06,83.31,92.68,79.32,Low
5,6.56,83.27,56.83,73.61,50.46,High
7,6.41,78.85,72.32,80.89,59.06,Moderate
8,10.0,74.44,89.0,96.15,74.91,Low
6,8.89,92.85,83.52,96.17,71.45,Low
2,7.44,86.99,65.91,71.87,57.86,Moderate
4,6.16,65.26,57.96,66.1,54.45,High
7,7.25,100.0,59.4,71.35,57.08,Moderate
3,7.97,83.36,66.82,70.91,58.53,Moderate
6,6.95,83.43,78.75,90.62,70.09,Moderate
3,9.13,100.0,92.41,100.0,84.99,Low
4,8.08,84.73,82.98,88.24,72.82,Low
4,9.1,100.0,96.02,100.0,90.84,Low
4,7.58,94.7,75.21,95.5,65.25,Low
5,7.68,61.51,70.36,77.31,64.86,Moderate
3,7.94,88.14,73.92,80.24,62.0,Low
7,7.41,89.2,79.33,87.52,70.5,Moderate
4,7.16,68.22,86.8,87.14,78.39,Low
6,5.36,64.67,51.71,58.19,51.0,High
6,5.24,68.43,64.02,68.18,56.76,High
1,7.81,82.68,79.61,96.19,72.79,Moderate
8,8.48,83.22,96.24,100.0,89.32,Low
7,8.49,87.78,89.09,99.51,80.51,Low
4,7.42,76.96,69.83,79.68,59.2,Moderate
6,9.39,88.25,87.22,96.73,70.83,Low
3,8.7,64.56,91.21,91.84,84.48,Low
6,7.8,79.99,66.01,74.47,52.7,Moderate
1,6.47,84.11,60.42,68.32,46.51,Moderate
1,8.04,82.59,87.54,100.0,81.55,Low
7,7.9,100.0,81.98,89.18,75.55,Low
4,8.94,83.95,90.08,95.36,78.11,Low
3,7.28,100.0,81.99,83.74,71.42,Low
2,9.26,77.02,92.21,100.0,88.77,Low
4,5.92,62.16,63.72,70.72,51.65,High
8,5.72,72.63,57.21,59.41,34.52,High
2,9.07,75.77,98.0,100.0,87.2,Low
5,7.41,77.83,75.05,82.09,62.42,Moderate
7,7.55,97.59,85.26,96.72,78.04,Low
4,8.94,93.06,91.22,99.24,79.45,Low
8,9.96,79.99,89.1,98.56,77.11,Low
8,10.0,91.11,98.0,100.0,89.62,Low
6,7.74,66.53,76.96,81.48,61.13,Moderate
8,8.47,82.1,87.58,100.0,79.37,Low
8,8.27,91.95,69.62,78.33,56.55,Moderate
6,8.43,71.94,81.02,87.28,71.53,Low
7,5.75,88.59,65.71,74.75,56.49,High
5,8.19,100.0,84.23,88.66,67.16,Low
8,6.82,69.2,60.8,69.15,52.81,High
5,7.34,57.05,68.96,79.21,60.27,High
1,7.91,90.41,80.36,91.71,73.66,Low
7,6.95,87.94,74.15,84.29,61.41,Moderate
4,7.4,81.34,79.05,94.09,74.4,Moderate
7,8.44,74.24,68.68,80.52,67.53,Moderate
7,9.01,72.8,90.67,100.0,81.11,Low
5,7.28,66.49,59.7,60.79,51.42,High
2,8.56,75.75,68.28,80.96,57.77,Moderate
2,6.19,62.85,66.79,78.7,49.16,High
7,8.29,66.46,88.23,97.91,78.05,Moderate
4,8.22,100.0,95.29,99.27,80.43,Low
4,8.07,73.94,79.39,80.84,77.78,Low
2,7.36,100.0,73.36,79.16,59.97,Low
2,7.81,75.15,75.24,85.69,66.14,Moderate
5,6.83,78.84,60.66,67.64,51.97,Moderate
6,9.9,100.0,98.0,100.0,90.26,Low
7,7.78,80.98,76.67,88.16,66.17,Moderate
2,9.11,92.88,98.0,99.59,82.8,Low
6,8.2,75.26,75.76,78.0,58.83,Moderate
8,5.41,59.46,63.28,74.13,55.48,High
1,7.79,77.65,79.63,88.56,77.52,Moderate
7,9.67,100.0,81.41,91.03,73.56,Low
4,8.07,77.89,85.05,95.33,80.57,Low
8,8.18,92.43,81.91,87.26,70.15,Low
7,7.46,85.9,82.13,87.51,69.15,Moderate
1,6.01,66.92,67.2,70.33,59.85,High
8,6.78,75.06,67.5,73.32,62.28,High
5,8.32,100.0,75.63,76.65,71.39,Low
2,7.66,91.08,85.11,98.7,78.53,Low
2,6.72,85.71,71.31,78.15,58.09,Moderate
5,7.0,73.8,83.16,86.71,69.93,Moderate
6,6.19,92.05,61.11,64.97,50.34,Moderate
1,7.67,81.15,93.57,100.0,77.43,Low
8,9.45,75.41,79.94,82.37,69.87,Low
6,7.08,100.0,82.3,84.6,73.82,Moderate
5,8.87,100.0,93.81,100.0,88.85,Low
5,7.16,96.0,78.54,86.25,68.96,Low
8,9.85,91.16,88.28,95.67,79.29,Low
5,8.81,89.49,98.0,100.0,84.56,Low
8,6.49,89.76,61.18,68.34,54.58,Moderate
1,6.05,78.32,60.13,76.26,45.37,High
3,6.03,77.4,58.63,58.83,45.66,High
1,8.04,100.0,82.91,95.12,71.56,Low
5,8.08,61.83,82.1,99.67,72.95,Moderate
7,8.11,89.54,78.26,84.08,61.43,Moderate
8,7.35,79.54,75.19,82.62,65.17,Low
7,7.9,70.43,74.01,81.66,71.23,Moderate
4,7.48,100.0,91.74,98.96,78.71,Low
1,9.57,85.04,94.47,100.0,85.43,Low
3,7.99,83.74,84.52,98.46,74.48,Low
4,7.92,90.3,80.12,82.97,72.08,Low
7,8.54,88.08,91.44,100.0,81.19,Low
1,8.43,87.81,92.41,95.4,86.87,Low
7,10.0,89.17,98.0,100.0,92.86,Low
3,10.0,96.59,80.4,81.0,72.77,Low
4,8.4,87.94,83.59,87.81,75.35,Low
2,5.58,71.06,66.85,71.9,51.89,High
7,6.37,97.85,66.22,73.75,55.07,Moderate
6,6.19,50.0,44.11,54.97,38.86,High
3,7.85,96.62,96.84,100.0,86.53,Low
7,8.83,85.69,85.44,87.11,74.31,Low
7,7.77,73.24,75.19,80.11,71.24,Moderate
7,9.15,65.43,81.51,93.72,75.09,Low
8,7.74,84.26,83.04,90.44,67.1,Low
2,8.57,99.53,95.41,100.0,90.16,Low
8,5.7,65.02,55.69,58.05,48.47,High
5,6.31,84.11,62.26,70.84,55.22,Moderate
5,9.43,72.34,82.88,95.25,69.48,Low
8,8.08,72.04,74.27,86.01,61.3,Moderate
1,8.44,90.71,73.2,79.5,64.98,Low
2,7.19,82.55,65.43,73.09,55.17,Moderate
3,8.17,86.73,78.02,82.08,66.63,Low
3,7.39,82.81,78.86,90.45,72.59,Moderate
3,9.56,100.0,97.52,100.0,90.2,Low
2,7.85,75.34,78.21,83.59,77.12,Moderate
2,9.11,75.98,78.14,86.63,69.18,Low
2,8.4,86.33,88.01,97.26,78.0,Low
8,7.15,87.29,66.03,69.65,52.67,Moderate
6,7.42,98.05,86.74,86.91,81.33,Low
6,9.26,96.93,95.76,100.0,87.14,Low
7,8.09,100.0,86.93,98.57,78.54,Low
5,7.92,62.12,66.7,71.1,54.62,High
3,7.47,92.11,88.73,100.0,79.45,Low
5,7.44,87.54,79.04,84.72,63.84,Low
1,8.47,94.86,95.38,100.0,86.36,Low
3,6.16,55.86,52.5,65.36,45.93,High
5,5.59,59.55,38.42,44.82,33.57,High
8,7.96,71.2,86.34,95.68,73.25,Moderate
4,8.18,90.14,93.24,99.56,83.68,Low
1,6.63,74.46,64.13,71.99,51.58,High
3,6.65,73.14,60.66,65.85,56.03,Moderate
1,5.91,81.58,59.8,71.8,46.64,High
5,5.78,73.39,67.78,79.54,60.76,High
6,7.94,87.99,81.34,89.51,69.89,Low
4,6.86,89.9,73.52,84.52,58.92,Moderate
6,9.2,90.55,95.32,100.0,81.48,Low
4,6.98,90.73,66.02,75.92,54.97,Moderate
7,8.38,68.58,70.51,77.36,62.69,Moderate
7,8.49,97.47,84.43,94.94,73.72,Low
8,7.37,70.3,73.89,78.6,65.36,Moderate
5,8.2,100.0,83.55,90.44,74.66,Low
7,10.0,78.4,91.14,91.8,78.94,Low
5,6.66,94.47,72.9,90.48,64.25,Moderate
3,7.27,69.18,66.31,77.69,55.61,Moderate
5,7.91,61.14,62.99,68.14,52.37,Moderate
8,7.87,96.89,91.2,94.49,89.78,Low
7,10.0,77.96,93.63,100.0,84.4,Low
6,9.14,88.67,92.94,100.0,72.09,Low
5,6.84,85.18,57.27,62.16,50.69,High
3,5.87,73.84,68.55,76.04,54.5,High
3,4.56,72.56,42.4,47.79,32.66,High
7,9.51,91.31,91.82,100.0,77.36,Low
6,7.82,94.81,65.63,76.2,58.24,Low
7,8.68,79.24,77.38,83.15,61.95,Low
6,7.47,78.87,66.64,77.09,62.64,Moderate
7,8.0,82.61,73.43,76.56,61.91,Moderate
5,9.54,53.83,81.15,87.14,78.47,Moderate
5,7.51,91.34,71.02,81.8,67.48,Low
1,9.16,100.0,92.99,96.39,82.74,Low
6,7.02,89.97,70.6,81.0,65.87,Moderate
2,9.96,87.19,94.74,100.0,81.92,Low
8,5.93,100.0,60.73,66.04,58.83,Moderate
7,6.91,85.95,77.93,89.42,70.85,Moderate
3,4.0,68.69,44.2,50.58,36.37,High
1,7.17,82.34,87.58,93.86,86.88,Low
3,8.2,75.26,88.94,99.38,80.07,Low
4,9.07,73.27,79.86,91.89,77.14,Low
5,7.55,81.34,93.71,93.9,80.56,Low
7,4.0,69.19,50.43,54.96,43.86,High
4,9.58,96.08,98.0,100.0,90.41,Low
1,8.37,98.07,87.87,100.0,77.03,Low
7,8.48,100.0,89.84,100.0,83.12,Low
5,8.41,97.08,89.06,95.22,78.19,Low
3,8.27,77.89,84.18,90.7,78.0,Low
3,7.57,88.8,69.18,77.75,67.6,Moderate
1,7.03,75.6,67.23,75.22,62.97,Moderate
7,8.56,96.38,81.35,94.95,70.89,Low
1,7.44,84.93,75.32,79.17,64.85,Moderate
1,6.99,82.97,76.07,77.67,69.0,Moderate
4,7.17,74.79,86.46,95.67,74.43,Moderate
5,7.46,89.3,74.45,81.03,71.86,Moderate
8,6.53,100.0,73.24,82.25,68.11,Moderate
6,7.54,100.0,68.33,85.23,63.1,Low
5,6.19,82.73,71.38,73.17,62.69,High
7,6.43,74.44,71.08,71.24,55.17,High
1,7.23,73.02,70.09,79.82,55.06,Moderate
7,7.26,100.0,86.17,99.24,76.89,Low
7,7.5,81.9,75.48,83.22,69.83,Moderate
4,7.79,97.59,80.83,88.7,79.47,Low
6,7.48,96.07,82.97,97.55,68.14,Moderate
7,7.16,99.5,76.33,90.67,66.32,Moderate
1,9.08,75.81,91.83,98.11,78.01,Low
7,7.52,91.7,81.02,83.71,71.12,Low
2,6.71,91.68,78.06,86.01,72.86,Moderate
4,7.64,92.0,93.27,100.0,87.97,Low
4,8.32,85.66,87.92,98.45,82.44,Low
6,8.9,100.0,87.44,100.0,80.97,Low
5,7.48,65.22,68.88,74.8,59.02,Moderate
5,7.87,71.34,64.65,77.48,60.33,Moderate
4,8.83,78.61,86.55,96.21,76.43,Low
4,8.28,73.92,73.5,86.22,60.85,Moderate
7,8.38,71.49,84.57,90.29,69.42,Moderate
3,7.62,100.0,72.84,78.06,65.36,Moderate
6,7.19,75.59,64.32,70.63,55.85,Moderate
5,6.29,93.84,66.11,71.88,58.35,Moderate
2,8.3,82.7,80.33,85.0,70.6,Low
4,7.44,85.92,70.07,81.29,61.5,Moderate
2,6.6,87.57,77.63,83.79,63.64,Moderate
1,6.54,69.72,75.53,83.07,65.86,Moderate
4,5.89,88.75,83.15,87.06,74.27,Moderate
5,7.64,95.39,73.01,79.29,59.22,Moderate
3,7.03,85.22,64.07,77.19,52.96,Moderate
6,9.17,100.0,86.63,89.02,83.22,Low
4,7.15,77.08,61.19,66.27,50.59,Moderate
7,6.53,80.27,68.06,72.22,62.82,Moderate
4,6.14,70.28,63.54,71.64,57.84,High
4,6.59,75.56,75.39,85.2,65.5,Moderate
7,9.47,99.9,98.0,100.0,88.45,Low
8,6.7,66.78,70.6,78.75,65.73,High
2,8.7,87.19,96.6,100.0,85.26,Low
2,8.55,89.79,83.32,85.27,78.51,Low
1,7.66,64.31,69.75,70.69,63.78,Moderate
4,8.3,73.73,79.79,91.13,72.91,Moderate
6,5.52,92.72,60.19,68.12,49.96,High
1,6.08,93.3,48.79,59.3,31.79,High
5,6.8,93.84,78.19,88.81,77.68,Moderate
6,8.42,93.45,95.64,100.0,89.6,Low
8,8.76,67.04,81.08,87.55,62.67,Moderate
2,8.06,74.14,74.69,81.77,58.36,Moderate
8,6.0,50.04,54.33,63.34,43.12,High
6,7.22,69.54,69.53,81.23,64.16,Moderate
5,9.08,100.0,97.22,98.16,89.29,Low
6,7.88,88.46,80.19,87.13,72.01,Low
2,10.0,100.0,96.35,100.0,90.09,Low
3,7.98,100.0,83.04,86.2,77.61,Low
6,8.8,94.73,90.32,93.3,84.69,Low
8,6.49,50.41,62.43,67.52,56.75,High
5,8.03,74.27,79.81,89.63,65.87,Moderate
6,6.66,75.22,63.22,71.52,49.77,Moderate
3,8.1,79.84,86.62,87.04,74.17,Low
4,6.19,100.0,66.39,80.29,56.48,Moderate
1,8.87,90.5,71.43,76.11,62.56,Low
1,9.12,84.74,78.02,86.73,71.0,Low
2,7.34,90.05,75.82,87.58,66.3,Moderate
2,8.91,80.77,85.16,94.27,78.45,Low
3,7.89,55.18,74.19,79.02,68.3,High
2,7.07,84.17,66.03,75.16,53.89,Moderate
6,8.94,93.18,93.63,98.68,89.88,Low
5,7.24,93.12,86.48,96.77,82.16,Low
3,7.43,82.2,71.3,75.11,57.19,Moderate
1,6.36,79.92,75.28,91.08,59.33,Moderate
1,6.68,84.69,76.54,85.79,69.48,Moderate
5,6.78,72.71,59.04,68.52,50.21,Moderate
5,8.12,80.36,80.17,83.57,67.74,Low
7,7.23,77.0,66.53,76.3,61.22,Moderate
2,9.74,100.0,98.0,100.0,85.22,Low
6,8.0,78.29,74.42,87.62,66.91,Moderate
8,8.68,86.67,92.52,100.0,82.59,Low
1,8.83,71.37,80.89,81.76,71.69,Moderate
4,5.96,60.71,58.54,65.46,48.37,High
8,7.54,89.11,76.97,84.45,69.93,Low
1,5.16,72.36,61.99,77.51,55.16,High
5,6.94,86.62,66.46,75.2,52.92,Moderate
8,9.05,96.11,93.25,98.65,81.74,Low
6,6.79,80.39,67.05,68.3,55.68,High
2,7.36,77.21,75.48,83.6,59.81,Moderate
2,7.37,90.6,72.45,82.53,60.25,Moderate
2,8.01,90.83,77.4,79.89,69.41,Low
4,8.22,72.35,92.6,97.79,84.03,Low
3,8.13,77.93,66.84,74.01,57.58,Moderate
2,7.71,85.31,76.33,85.54,74.09,Moderate
6,8.27,96.3,89.79,100.0,76.75,Low
1,6.29,73.61,74.62,82.95,66.25,Moderate
7,5.9,65.66,66.25,67.18,59.72,High
3,8.53,92.87,96.44,100.0,90.69,Low
2,8.89,73.7,73.66,82.06,62.43,Moderate
5,7.46,77.85,67.84,76.85,57.96,Moderate
5,8.05,100.0,83.33,93.51,77.04,Low
1,8.92,73.83,85.05,91.44,75.53,Low
4,7.63,96.89,84.64,90.57,72.21,Low
3,7.12,83.26,75.96,78.94,70.29,Moderate
3,6.72,75.76,77.68,90.23,70.71,Moderate
2,8.34,100.0,93.71,99.02,88.57,Low
5,6.2,71.56,76.55,83.77,68.31,Moderate
4,7.88,98.47,77.7,84.49,71.69,Low
6,9.03,87.1,92.32,97.89,82.47,Low
1,7.92,100.0,73.73,73.99,70.87,Low
3,6.13,66.81,47.45,47.74,32.93,High
1,6.66,75.76,62.08,70.8,53.26,High
6,8.23,94.74,80.48,83.62,79.92,Low
8,6.02,92.83,76.7,81.45,69.63,Moderate
6,7.04,71.91,66.03,79.29,58.17,Moderate
5,4.45,85.96,56.11,66.99,55.75,High
7,8.31,85.82,76.71,86.18,72.85,Low
7,8.45,71.46,70.02,79.57,55.54,Moderate
4,8.42,83.25,81.41,84.27,74.88,Moderate
1,7.51,98.3,86.73,89.35,79.12,Low
3,8.01,96.11,85.92,89.53,80.92,Low
8,8.46,99.52,84.11,98.32,75.8,Low
2,6.75,76.11,69.36,79.63,62.11,High
5,7.31,83.46,70.22,77.47,51.59,Moderate
3,6.22,95.02,79.81,85.81,72.68,Moderate
6,4.39,61.42,51.19,54.58,44.66,High
2,6.36,83.56,61.86,66.15,49.63,High
6,9.37,82.29,98.0,100.0,90.16,Low
8,8.44,94.36,87.62,90.13,86.51,Low
8,7.63,81.79,74.54,74.8,69.32,Moderate
5,8.91,66.8,82.33,88.42,65.51,Low
6,7.11,73.03,74.37,78.64,67.62,Moderate
7,8.83,83.58,91.0,97.5,82.87,Low
4,5.46,75.03,58.2,62.83,56.68,High
4,8.34,80.22,83.67,86.64,67.96,Low
3,8.13,72.48,79.39,89.06,79.02,Low
4,6.49,50.0,58.67,70.58,56.19,High
7,5.37,77.27,51.23,58.39,46.6,High
1,9.19,87.73,85.4,93.42,80.16,Low
3,9.3,96.59,88.85,94.74,81.49,Low
8,7.93,98.09,84.1,87.6,80.6,Low
6,7.35,81.38,71.84,79.18,63.32,Moderate
4,8.14,96.58,82.48,85.9,69.28,Low
3,8.46,100.0,97.51,98.08,85.07,Low
8,6.31,73.01,58.07,68.97,46.07,High
4,6.87,63.54,68.93,74.39,57.12,Moderate
8,7.88,70.71,73.95,83.77,61.0,Moderate
3,7.06,73.69,77.45,81.49,72.86,Moderate
1,7.65,61.57,65.63,69.67,51.35,High
2,8.78,78.34,91.84,100.0,85.03,Low
4,9.06,62.47,83.17,96.05,70.56,Low
7,7.49,77.8,60.38,69.22,49.03,Moderate
4,6.87,79.98,74.72,81.78,66.21,Moderate
4,8.28,89.86,89.06,100.0,82.76,Low
2,4.0,74.64,36.62,40.0,31.15,High
7,9.29,62.7,84.94,91.09,82.95,Low
3,6.61,90.99,78.37,83.6,72.47,Moderate
6,8.3,80.86,84.82,91.09,72.07,Moderate
3,7.85,88.41,74.04,83.24,65.74,Low
1,7.76,82.57,71.71,82.83,59.66,Moderate
2,8.63,91.38,79.24,86.0,72.1,Low
8,6.72,90.05,79.75,90.35,65.86,Moderate
1,9.05,71.53,84.7,91.46,81.77,Low
6,7.34,91.25,91.46,100.0,80.94,Low
7,7.01,77.47,76.23,90.06,65.76,Moderate
2,8.54,95.49,88.4,100.0,76.62,Low
4,6.82,72.77,56.86,57.52,49.96,High
4,6.49,63.92,70.08,83.95,52.46,High
7,7.4,81.93,73.72,80.26,65.76,Moderate
2,9.15,73.34,68.44,75.57,60.94,Low
8,9.22,99.64,91.1,100.0,78.56,Low
1,7.81,93.25,85.6,97.77,69.95,Low
8,7.5,75.69,75.73,83.19,61.98,Moderate
8,6.01,81.22,72.04,73.02,66.92,High
8,7.42,91.61,90.03,100.0,71.89,Low
5,9.03,81.88,92.18,100.0,86.84,Low
4,9.84,100.0,93.1,100.0,85.21,Low
1,6.47,76.19,74.66,85.49,63.14,Moderate
8,10.0,79.87,90.16,99.98,82.96,Low
6,9.03,97.61,86.42,96.76,81.01,Low
6,7.08,100.0,92.02,99.47,83.65,Low
4,7.01,93.39,60.21,69.25,52.46,Moderate
4,7.58,79.59,69.74,71.5,56.79,Moderate
1,9.53,90.1,83.72,86.55,76.84,Low
7,7.89,72.45,78.05,84.75,66.77,Moderate
7,8.1,74.79,79.19,85.53,73.97,Moderate
6,9.51,94.26,91.46,96.7,82.77,Low
2,8.98,82.8,87.43,91.61,81.6,Low
3,9.33,69.31,77.61,81.51,65.61,Moderate
3,7.72,63.67,63.2,70.79,51.14,Moderate
2,5.21,73.7,64.96,67.85,52.98,High
7,7.36,67.0,72.77,81.26,63.67,Moderate
5,7.26,100.0,89.94,100.0,83.19,Low
5,7.19,89.36,86.89,91.69,73.51,Low
6,9.4,95.31,91.43,95.47,85.79,Low
6,8.05,85.76,81.88,82.67,67.82,Low
5,7.17,90.64,76.68,86.92,70.03,Moderate
2,6.68,94.83,62.68,72.7,53.26,Moderate
3,7.95,79.69,75.72,85.45,64.51,Moderate
2,8.61,83.85,65.17,70.35,60.35,Moderate
5,8.31,62.12,74.75,75.78,58.93,Moderate
7,10.0,100.0,98.0,100.0,87.65,Low
6,6.95,71.5,61.74,73.13,52.49,High
2,7.24,96.57,75.92,88.53,71.98,Moderate
7,8.94,74.48,85.74,87.44,84.09,Low
2,8.76,79.16,87.63,97.37,76.48,Low
5,8.09,80.1,74.27,87.95,67.53,Moderate
3,7.5,67.96,74.27,80.07,66.64,Moderate
1,7.46,59.28,65.48,77.26,58.7,High
6,6.4,69.02,73.43,85.23,63.46,Moderate
8,7.93,75.48,86.48,96.94,79.89,Low
8,10.0,87.42,91.02,100.0,80.49,Low
8,5.62,84.59,51.69,53.39,44.08,High
5,5.36,65.83,65.4,74.11,57.02,High
4,6.75,60.77,55.22,68.24,53.62,High
1,8.51,79.29,90.38,97.69,88.16,Low
4,7.16,81.14,89.78,99.94,79.24,Moderate
8,6.85,88.12,71.15,80.88,65.37,Moderate
1,8.3,98.21,77.95,87.95,75.27,Low
2,6.44,71.86,64.43,72.86,58.4,High
1,6.09,65.28,54.01,60.4,50.2,High
4,8.07,82.39,83.36,87.23,74.39,Low
5,8.8,60.4,74.65,92.26,71.41,Moderate
8,8.36,76.77,86.31,92.71,80.61,Low
4,8.66,84.65,85.06,93.4,70.31,Low
2,8.0,100.0,80.59,90.08,67.65,Low
4,5.82,82.55,61.24,72.86,45.97,High
6,9.28,77.08,75.02,81.91,67.81,Low
5,7.75,100.0,76.55,84.03,76.15,Low
7,5.93,79.37,63.83,75.01,44.81,High
1,8.09,72.09,83.15,94.25,74.69,Moderate
6,6.71,86.04,84.67,95.45,76.95,Moderate
1,6.67,63.51,65.34,72.63,54.8,High
1,7.47,73.79,66.05,78.51,62.49,Moderate
7,9.01,80.11,94.65,100.0,85.08,Low
2,8.08,91.36,85.54,96.21,79.28,Low
5,7.09,84.22,65.04,79.03,56.66,Moderate
2,7.44,75.67,76.45,83.18,65.77,Moderate
4,6.06,97.08,57.47,67.8,48.21,Moderate
5,7.25,98.08,83.53,88.17,80.84,Moderate
7,8.65,83.03,69.16,77.58,59.17,Low
5,6.78,81.09,71.12,77.73,62.79,Moderate
6,6.31,83.02,67.86,69.7,58.12,Moderate
8,9.11,87.33,80.99,83.67,74.28,Low
8,7.58,88.21,91.44,100.0,77.44,Low
1,7.4,82.38,85.86,96.1,83.11,Low
7,7.0,79.87,85.93,98.51,67.64,Moderate
2,7.6,77.75,72.8,84.1,63.25,Moderate
6,7.55,91.42,68.09,77.41,53.97,Moderate
5,6.54,72.16,85.67,89.38,75.57,Moderate
3,7.19,75.65,63.01,67.84,52.86,Moderate
2,8.01,75.56,82.33,89.7,76.04,Moderate
4,6.76,83.74,79.39,84.17,73.25,Moderate
2,7.88,100.0,81.86,96.67,71.9,Low
3,9.05,94.53,87.64,99.48,78.72,Low
7,6.61,86.82,69.69,77.26,56.32,Moderate
1,7.25,80.49,82.04,89.64,77.77,Moderate
2,8.68,70.9,81.85,87.6,76.16,Low
6,9.4,88.71,89.26,99.51,80.98,Low
5,8.13,79.88,81.29,84.49,64.9,Low
2,7.48,87.8,67.18,75.27,56.56,Moderate
8,10.0,92.18,88.49,89.11,82.16,Low
4,6.31,75.92,70.17,76.17,62.81,High
1,8.06,79.51,72.93,76.54,69.0,Moderate
7,7.99,100.0,83.87,90.54,78.5,Low
4,8.95,82.25,91.81,100.0,74.05,Low
6,6.0,78.72,70.53,81.45,59.18,High
3,9.19,84.82,78.81,87.67,64.92,Low
5,7.47,64.48,68.94,75.43,60.25,Moderate
1,8.63,91.73,86.0,91.3,69.29,Low
2,7.59,82.28,73.98,86.72,61.43,Moderate
6,6.78,75.26,71.51,74.26,65.84,Moderate
7,8.99,100.0,89.15,93.8,78.9,Low
4,6.85,62.91,74.15,80.94,70.94,High
7,8.9,100.0,96.88,97.88,87.23,Low
1,8.98,100.0,85.88,95.7,72.82,Low
2,7.36,94.8,67.96,79.95,56.69,Moderate
5,9.04,96.61,84.62,93.59,78.15,Low
6,8.29,83.61,76.07,82.76,63.8,Moderate
6,8.32,94.49,76.92,89.35,76.63,Low
8,6.99,82.82,74.89,84.22,63.17,Moderate
1,9.28,76.84,76.97,82.97,69.75,Low
3,7.55,100.0,67.47,79.97,53.6,Low
8,7.74,65.11,73.62,79.41,60.26,High
1,8.84,99.43,98.0,100.0,89.11,Low
3,7.19,61.79,60.51,66.25,52.64,High
3,9.56,91.03,82.61,91.4,74.01,Low
2,8.08,87.18,87.52,96.98,72.86,Low
8,6.46,73.57,55.93,58.08,50.62,High
5,6.93,99.63,72.89,87.6,61.33,Moderate
5,5.12,78.41,56.03,72.13,40.6,High
7,8.32,72.66,78.38,85.41,66.24,Moderate
8,5.24,79.34,56.04,66.76,51.48,High
7,9.37,84.49,94.8,99.03,86.22,Low
1,8.99,72.06,77.35,92.35,67.42,Low
1,7.02,78.66,74.0,88.25,67.32,Moderate
3,7.77,100.0,78.25,82.69,70.99,Low
6,8.05,87.02,85.46,91.61,81.27,Low
8,9.66,90.16,94.91,100.0,79.99,Low
6,7.68,72.35,81.18,89.5,74.65,Moderate
7,7.84,81.86,79.77,89.87,65.74,Moderate
7,7.02,85.38,65.33,83.16,57.87,Moderate
1,7.26,62.38,70.02,74.82,63.79,High
3,9.59,69.68,91.37,95.64,76.71,Low
7,7.99,99.31,72.32,79.44,68.55,Low
5,6.42,73.15,72.0,79.23,69.11,Moderate
1,9.76,100.0,98.0,100.0,86.86,Low
6,5.4,79.14,63.79,77.91,54.73,High
6,7.8,75.33,83.73,92.14,74.2,Low
5,10.0,99.44,98.0,100.0,85.23,Low
6,9.76,85.3,93.34,99.36,90.34,Low
7,7.01,100.0,70.0,76.12,55.8,Moderate
2,6.58,77.36,68.59,73.35,59.01,High
1,8.24,81.61,86.06,93.2,72.31,Moderate
1,7.74,96.44,74.72,76.29,69.25,Moderate
3,7.08,57.48,65.0,73.28,53.46,High
6,5.5,72.8,71.68,79.97,59.09,Moderate
7,7.73,69.82,63.79,70.94,52.46,High
5,8.32,88.82,82.92,94.7,74.32,Low
3,9.87,97.91,82.64,92.29,74.76,Low
7,7.44,67.48,66.8,82.83,56.14,High
3,7.9,74.6,84.8,88.12,77.17,Moderate
7,7.94,88.52,86.23,88.95,76.44,Low
6,8.86,88.66,88.71,93.46,77.03,Low
8,5.52,98.14,58.41,60.53,49.97,Moderate
5,8.46,86.76,79.9,85.62,63.21,Low
1,7.15,79.34,72.72,83.81,67.59,Moderate
4,10.0,100.0,93.69,98.33,87.73,Low
1,8.82,93.9,80.21,88.72,72.21,Low
8,8.23,73.04,80.79,83.81,73.61,Moderate
5,6.23,80.57,66.14,72.79,61.53,High
3,6.96,97.53,76.87,84.71,67.52,Moderate
3,7.19,84.25,71.56,81.4,62.96,Moderate
8,6.24,73.82,66.21,74.38,60.21,High
1,8.42,90.33,75.18,83.04,71.16,Low
2,8.62,89.42,94.81,100.0,89.58,Low
3,7.88,70.47,80.47,87.86,71.64,Moderate
2,9.72,100.0,98.0,100.0,82.47,Low
8,5.23,71.79,57.64,71.84,51.37,High
5,8.05,89.28,85.66,96.22,76.02,Low
8,8.47,85.47,85.31,86.64,73.95,Low
2,8.56,99.02,84.07,85.43,82.76,Low
3,7.75,72.8,79.27,90.52,63.16,Moderate
2,7.25,71.07,79.81,82.45,78.7,Moderate
6,6.14,88.19,65.11,76.06,57.78,High
8,8.42,86.03,83.95,88.14,70.07,Low
8,6.38,66.39,65.23,70.68,56.49,High
8,7.74,85.49,80.18,93.87,64.68,Low
6,7.88,93.01,90.31,95.3,87.11,Low
7,7.71,86.76,70.56,74.58,54.44,Moderate
6,6.06,81.19,56.01,67.6,41.69,High
3,8.44,65.83,75.2,91.54,68.36,Moderate
5,6.98,100.0,71.58,73.92,55.77,Moderate
6,6.45,93.87,80.29,89.52,73.0,Low
3,7.58,91.14,82.37,94.37,76.24,Low
2,7.77,96.92,61.01,69.32,52.68,Moderate
8,7.82,66.16,71.83,74.43,61.55,Moderate
4,8.89,94.38,84.94,95.86,77.17,Low
3,9.15,99.9,82.18,88.13,75.76,Low
4,10.0,100.0,98.0,100.0,90.1,Low
3,9.58,93.66,87.43,97.24,79.84,Low
4,9.04,83.6,86.64,100.0,70.93,Low
2,8.05,92.23,85.05,90.21,76.33,Low
4,8.16,75.0,73.72,78.0,57.29,Moderate
1,9.41,84.06,83.17,86.1,75.83,Low
8,9.46,91.52,90.1,100.0,80.14,Low
2,10.0,100.0,97.43,100.0,93.87,Low
3,6.52,87.01,64.68,74.75,53.78,Moderate
5,7.55,50.0,63.94,74.02,52.05,High
1,7.61,91.66,83.13,91.97,74.54,Low
6,6.79,60.19,62.28,68.36,54.33,High
5,8.61,75.49,73.79,82.48,63.85,Moderate
4,9.83,73.41,89.3,98.82,81.6,Low
5,7.5,63.2,69.11,80.27,64.79,Moderate
8,6.71,84.42,66.99,74.79,54.62,Moderate
1,8.22,100.0,75.68,88.72,64.16,Low
6,6.92,76.59,53.98,61.01,47.55,Moderate
7,5.17,95.94,52.56,58.53,47.94,High
5,7.86,97.6,76.06,83.87,69.17,Low
1,8.22,84.51,88.71,91.33,76.47,Low
1,10.0,99.17,81.55,87.39,72.22,Low
5,9.14,74.54,75.64,83.04,67.46,Low
7,6.86,83.83,61.0,66.76,52.2,Moderate
8,7.83,73.46,84.9,95.39,76.01,Moderate
4,7.56,95.64,82.92,83.32,82.14,Low
8,7.73,75.91,79.25,93.17,71.42,Low
2,9.86,97.23,98.0,100.0,85.18,Low
7,8.65,90.39,88.56,94.65,77.81,Low
2,6.7,86.66,68.69,81.83,58.01,Moderate
8,7.89,87.56,71.68,83.51,65.83,Moderate
4,9.48,93.14,92.92,100.0,86.3,Low
8,9.68,65.09,85.26,94.27,81.96,Low
8,7.93,100.0,70.29,85.3,60.79,Moderate
4,7.9,81.35,79.34,86.35,73.98,Low
5,6.98,78.49,70.7,79.67,59.86,Moderate
4,9.26,86.81,75.99,80.97,64.1,Low
8,9.25,78.19,80.98,88.51,77.91,Moderate
7,7.08,76.12,77.56,86.78,69.82,Moderate
6,7.4,58.9,54.69,57.92,48.72,High
4,8.72,81.15,92.57,100.0,78.31,Low
3,7.07,72.11,74.14,81.45,63.8,Moderate
2,7.43,100.0,84.61,85.58,74.28,Low
4,7.19,77.56,66.92,68.94,60.6,Moderate
3,8.51,89.6,81.76,89.65,73.09,Low
4,5.82,67.81,53.0,56.86,41.9,High
7,5.59,61.73,61.25,68.72,51.74,High
3,6.06,74.18,59.65,70.01,46.87,High
6,6.48,100.0,81.12,90.15,71.0,Low
4,7.67,78.92,79.79,89.96,62.43,Moderate
4,6.5,61.09,62.88,67.7,52.01,High
4,5.76,52.33,57.07,66.85,52.2,High
7,7.69,95.97,76.32,79.24,72.25,Low
4,7.31,82.35,80.72,90.89,71.43,Moderate
6,6.96,89.52,81.23,91.5,73.89,Low
7,6.38,69.28,56.52,59.65,44.6,High
4,7.72,78.78,75.95,78.66,62.03,Moderate
5,6.85,84.69,57.59,60.48,49.64,Moderate
1,9.21,100.0,84.88,89.63,76.14,Low
5,8.38,94.31,82.1,93.93,75.23,Low
6,8.19,82.54,84.11,89.16,83.7,Low
8,5.75,85.6,68.44,73.58,57.67,High
2,7.11,62.01,57.56,67.86,38.01,High
8,8.11,94.91,80.39,96.59,71.31,Low
5,9.21,100.0,82.38,84.03,75.39,Low
3,7.64,77.31,73.77,79.35,61.48,Moderate
6,8.46,85.2,78.97,83.72,71.38,Low
7,6.46,86.26,60.76,67.99,47.52,High
6,7.35,77.33,76.15,77.14,69.29,Moderate
3,9.96,82.82,84.69,94.65,74.19,Low
8,6.03,88.68,48.73,62.94,46.47,High
3,7.61,63.55,86.59,94.83,79.38,Moderate
5,7.42,50.0,68.04,75.94,66.24,High
5,9.17,79.57,77.52,93.82,65.76,Low
4,8.97,78.73,79.2,91.56,76.44,Low
8,9.22,100.0,98.0,100.0,87.67,Low
4,8.24,67.52,73.03,85.67,56.43,Moderate
1,8.41,97.45,75.72,88.36,64.67,Low
6,7.73,82.31,76.86,84.81,66.18,Moderate
2,7.46,70.71,83.1,90.7,82.88,Moderate
7,7.51,63.58,65.74,72.32,55.9,High
8,7.91,86.91,80.38,91.46,66.46,Moderate
2,9.34,79.29,84.11,92.52,70.67,Low
6,6.91,86.15,67.49,80.88,65.62,Moderate
2,5.26,63.11,51.57,62.9,43.61,High
4,7.36,89.22,76.39,85.69,67.98,Moderate
1,8.14,70.06,78.32,88.97,71.31,Moderate
8,7.03,69.06,72.33,78.86,58.09,Moderate
6,8.1,80.3,85.83,95.05,80.65,Low
8,7.39,67.48,81.4,88.17,76.71,Moderate
4,7.08,71.01,73.36,84.75,67.46,Moderate
1,4.0,74.88,48.46,58.01,41.17,High
8,7.3,74.41,65.48,73.23,56.87,High
4,5.26,66.39,60.77,65.12,56.54,High
1,6.53,72.97,62.35,69.94,58.49,High
3,5.35,97.93,68.32,79.74,53.46,Moderate
4,8.14,66.5,64.27,77.27,49.41,Moderate
3,5.62,67.06,68.6,69.37,56.07,High
2,8.24,82.58,78.28,88.36,72.13,Low
1,4.5,68.06,36.08,40.0,30.92,High
4,9.14,100.0,94.96,100.0,90.83,Low
4,8.46,100.0,98.0,100.0,88.26,Low
1,7.87,96.75,76.48,90.79,65.43,Low
7,7.28,100.0,78.0,83.35,61.73,Low
1,5.26,69.23,51.19,53.0,39.71,High
1,7.61,100.0,73.8,74.79,67.95,Moderate
7,8.26,86.45,90.51,100.0,84.07,Low
1,8.48,97.96,81.51,87.53,79.45,Low
2,7.26,93.36,78.38,83.08,65.54,Low
1,8.48,91.85,86.97,97.06,77.87,Low
6,5.84,65.12,54.31,72.88,49.61,High
6,6.54,77.51,75.25,78.22,62.27,Moderate
1,7.47,75.06,80.28,84.46,69.79,Moderate
2,5.38,58.83,58.35,66.3,42.12,High
4,8.48,78.25,84.89,85.39,74.4,Low
3,6.4,82.1,80.89,82.67,72.99,Moderate
3,7.19,100.0,87.81,97.72,70.9,Low
6,8.16,63.78,87.93,100.0,85.13,Low
4,6.71,85.6,73.93,81.24,66.05,Moderate
7,7.3,63.82,80.77,93.12,72.48,Moderate
2,5.6,72.71,63.65,72.48,56.99,High
3,8.18,77.04,74.98,86.2,64.63,Moderate
3,8.63,83.71,86.34,88.78,73.24,Low
2,8.27,76.72,85.99,92.63,75.46,Low
3,9.07,82.08,73.75,80.41,64.25,Low
4,5.44,74.13,53.89,59.25,44.05,High
8,5.69,79.29,54.88,62.66,39.84,High
4,7.64,79.96,78.22,82.89,64.8,Moderate
4,8.33,80.94,83.34,90.47,69.97,Low
1,5.14,65.95,57.67,62.83,52.34,High
7,7.38,92.74,74.98,83.37,69.9,Low
5,10.0,100.0,94.79,100.0,90.33,Low
5,7.96,77.07,79.03,85.91,72.78,Moderate
4,8.14,83.41,77.0,89.92,61.98,Low
3,7.41,61.65,67.6,78.92,59.99,High
8,6.99,59.67,73.97,83.62,65.34,High
8,4.24,88.49,61.91,75.12,55.47,High
6,5.76,80.46,74.64,81.6,69.8,Moderate
1,7.9,76.19,56.8,70.98,50.77,Moderate
4,6.95,64.97,71.1,84.88,69.52,High
5,7.96,95.58,78.57,93.75,67.46,Low
6,6.56,76.76,65.67,75.0,60.57,Moderate
7,8.01,91.75,93.52,100.0,81.94,Low
6,7.02,74.05,79.19,84.12,59.29,Moderate
7,7.64,82.25,91.49,100.0,80.67,Low
7,7.56,69.04,67.12,76.08,59.54,Moderate
4,6.72,83.93,63.17,71.23,52.14,Moderate
3,8.59,61.74,69.48,76.09,52.96,Moderate
2,7.04,71.17,70.73,79.86,68.79,Moderate
1,7.27,65.2,76.28,88.35,68.25,Moderate
6,9.69,98.83,98.0,100.0,86.26,Low
5,7.71,86.41,73.47,84.7,66.42,Low
5,6.44,66.67,73.65,73.74,65.62,High
6,8.36,85.28,93.49,100.0,87.01,Low
7,9.01,92.15,87.72,95.56,78.56,Low
1,7.35,69.15,68.54,79.25,55.52,High
8,9.67,75.99,98.0,100.0,89.07,Low
5,8.35,100.0,93.8,98.28,81.37,Low
7,5.81,75.89,59.12,70.32,53.54,High
1,10.0,84.5,98.0,100.0,84.45,Low
5,9.43,75.28,82.71,91.0,75.45,Low
7,6.41,82.52,74.3,81.4,66.4,Moderate
7,6.77,76.6,70.35,82.04,64.59,Moderate
5,8.54,92.93,83.42,88.3,77.53,Low
7,7.95,84.15,79.85,89.23,67.85,Moderate
5,6.55,74.62,55.58,63.9,49.79,High
4,8.95,81.01,85.99,94.37,74.0,Low
6,8.69,100.0,90.03,97.83,80.13,Low
4,10.0,70.52,96.65,100.0,90.71,Low
1,8.76,88.3,86.1,90.55,74.33,Low
4,5.92,100.0,56.94,60.63,50.19,Moderate
2,5.61,72.42,65.27,74.08,50.6,High
7,8.3,71.24,97.11,100.0,88.9,Low
4,10.0,100.0,98.0,100.0,89.35,Low
3,8.86,100.0,79.9,85.63,71.9,Low
2,8.31,75.93,64.96,67.17,46.32,Moderate
6,7.48,84.87,75.08,87.41,66.29,Low
4,7.45,89.28,87.14,100.0,80.19,Low
8,6.87,100.0,79.53,86.2,74.2,Low
7,10.0,100.0,94.54,99.25,85.09,Low
7,9.08,83.74,98.0,100.0,95.0,Low
7,9.46,73.02,85.17,90.88,69.5,Low
2,6.45,92.26,76.54,85.17,63.97,Moderate
3,4.42,64.67,42.05,47.59,34.08,High
8,5.6,82.94,59.72,72.39,47.73,High
6,8.42,72.14,87.41,88.87,79.11,Low
7,8.31,100.0,77.79,79.19,72.99,Low
4,7.83,84.75,85.59,95.84,75.78,Low
6,7.7,67.21,62.79,73.78,51.81,Moderate
6,6.68,68.78,64.67,77.54,55.32,High
1,9.33,68.16,88.72,97.36,75.21,Low
1,7.16,92.98,77.38,86.19,61.22,Moderate
8,8.21,100.0,88.24,97.69,71.06,Low
4,8.93,82.35,89.69,100.0,82.06,Low
4,6.37,75.19,58.21,61.84,47.14,High
3,8.88,100.0,88.65,94.18,81.54,Low
2,6.39,65.71,63.87,65.49,46.58,High
5,7.85,97.82,80.47,84.43,67.8,Low
5,6.56,78.34,73.02,81.81,61.59,Moderate
7,9.43,96.95,75.54,82.92,69.2,Low
7,6.27,93.44,59.32,71.86,54.78,Moderate
3,6.97,97.7,79.74,83.38,68.79,Moderate
5,8.72,83.98,98.0,100.0,87.82,Low
1,8.56,97.61,89.66,100.0,79.83,Low
5,7.32,97.96,72.02,81.84,67.09,Moderate
1,9.25,95.06,87.59,100.0,78.23,Low
3,7.74,97.59,76.86,85.0,68.58,Low
7,8.76,79.28,79.29,89.75,65.03,Low
7,7.65,87.55,84.0,84.01,82.06,Low
6,6.32,68.36,59.26,66.22,45.61,High
2,8.12,88.71,93.87,97.13,89.25,Low
4,6.13,80.4,60.09,66.92,54.26,High
6,7.82,92.88,84.03,87.13,79.84,Low
1,5.69,82.09,53.59,56.05,43.72,High
4,8.24,86.26,73.27,83.02,55.99,Moderate
6,5.67,92.71,64.31,72.05,54.94,Moderate
1,7.33,92.53,76.73,83.8,67.6,Moderate
6,7.5,87.07,86.28,96.5,76.78,Moderate
8,6.72,66.51,78.09,90.37,71.06,Moderate
6,6.64,67.12,63.1,71.58,54.45,High
4,5.76,73.05,54.09,59.87,48.82,High
3,7.75,86.16,77.44,86.53,66.61,Moderate
2,8.93,92.73,91.31,94.07,72.02,Low
3,6.98,55.22,66.05,73.52,56.4,High
7,7.73,65.38,62.95,70.94,50.87,High
8,4.78,66.43,45.11,52.86,37.68,High
3,6.76,85.98,80.64,89.0,78.83,Moderate
8,6.86,81.98,63.29,71.02,53.61,Moderate
3,7.3,79.35,72.63,81.36,66.16,Moderate
7,8.23,84.3,74.58,77.57,65.93,Moderate
3,7.55,74.86,76.04,87.62,70.42,Moderate
8,6.29,80.47,57.25,64.7,50.75,High
5,7.73,75.98,86.22,98.37,79.71,Low
3,7.05,92.07,78.73,85.28,72.56,Moderate
5,6.35,89.37,60.43,71.79,57.11,Moderate
6,7.05,72.08,72.23,79.37,59.44,Moderate
1,8.67,70.7,78.39,79.63,65.92,Moderate
7,6.27,61.58,69.19,71.35,60.2,High
7,6.42,91.92,62.51,71.2,47.06,Moderate
6,6.54,77.49,59.59,60.59,45.85,High
8,7.3,75.34,77.22,78.09,70.75,Moderate
4,6.94,88.93,68.13,73.96,61.35,Moderate
4,8.41,86.06,86.39,94.59,78.26,Low
3,7.37,81.94,76.6,93.44,69.97,Moderate
4,9.65,92.81,97.89,100.0,89.85,Low
1,6.05,56.45,65.25,79.41,55.14,High
4,10.0,88.9,86.99,96.1,75.6,Low
3,7.55,84.56,91.08,97.92,85.85,Low
3,6.54,60.38,59.97,68.65,46.13,High
6,10.0,82.14,84.63,96.19,75.55,Low
4,8.39,88.11,82.02,93.85,77.63,Low
3,6.24,71.05,67.34,71.5,54.72,Moderate
8,7.37,50.11,61.3,65.3,52.74,High
8,8.2,100.0,95.2,99.41,87.14,Low
6,8.48,82.62,82.52,96.12,73.18,Moderate
4,7.02,100.0,62.24,80.66,46.79,Moderate
7,8.84,84.52,86.9,95.12,73.54,Low
5,7.92,78.27,75.38,86.32,67.86,Moderate
5,6.95,78.4,67.42,78.96,57.64,Moderate
3,7.62,100.0,90.65,100.0,85.86,Low
1,7.63,75.56,70.36,74.06,62.23,Moderate
6,5.99,61.42,67.94,70.49,56.44,High
6,7.83,76.51,70.76,80.95,53.56,Moderate
8,8.3,91.24,84.22,91.09,78.08,Low
7,6.65,82.46,83.45,89.11,71.04,Low
7,9.87,88.51,96.79,100.0,82.5,Low
6,8.15,100.0,78.09,84.34,69.96,Low
2,7.76,99.31,87.75,100.0,82.25,Low
5,7.91,59.09,76.47,81.33,64.77,Moderate
4,6.68,77.31,66.65,73.91,48.89,Moderate
5,7.46,100.0,74.27,83.88,65.8,Moderate
4,8.99,87.06,90.2,95.53,77.93,Low
6,7.43,82.42,83.0,92.73,70.48,Moderate
8,6.73,100.0,71.66,84.39,50.08,Moderate
4,9.06,85.27,80.05,92.14,71.69,Low
8,6.57,70.76,62.19,67.54,47.75,High
5,8.44,93.99,72.84,81.58,67.08,Low
2,6.45,77.8,69.87,83.86,62.13,Moderate
7,8.01,100.0,88.65,100.0,80.5,Low
2,8.75,93.49,94.77,100.0,86.55,Low
1,7.46,80.77,61.65,76.39,60.02,High
6,7.0,70.56,69.35,77.97,60.27,Moderate
2,6.72,66.96,66.13,73.07,59.28,High
4,8.48,88.7,94.7,99.28,87.68,Low
5,7.4,75.16,68.4,82.44,59.54,Moderate
1,6.76,92.2,76.51,78.01,68.65,Moderate
8,7.18,92.2,71.74,81.46,57.7,Moderate
6,8.06,85.28,83.27,89.43,77.71,Low
7,5.76,77.73,65.16,75.61,45.41,High
3,7.53,100.0,80.37,93.57,67.28,Low
4,7.79,76.17,85.84,88.58,70.69,Low
7,7.54,92.41,76.56,83.62,65.69,Moderate
7,7.65,84.65,83.87,90.13,80.88,Low
4,5.46,73.93,52.48,60.66,40.98,High
3,7.55,100.0,85.47,96.1,76.34,Low
4,7.2,87.08,66.84,75.97,50.21,Moderate
1,8.42,81.99,91.79,98.91,72.41,Low
4,6.9,82.59,67.89,73.23,61.52,Moderate
7,6.8,68.16,71.74,85.52,57.53,Moderate
3,7.66,87.53,81.06,83.03,72.02,Low
6,7.62,77.61,74.48,88.36,63.8,Moderate
6,7.22,50.0,69.66,79.07,60.6,High
1,8.57,81.65,83.78,85.02,77.73,Low
5,6.86,76.9,68.8,70.05,61.74,High
1,6.07,70.99,68.89,78.55,57.32,High
6,7.93,68.74,64.7,73.88,56.33,Moderate
2,9.16,100.0,98.0,100.0,87.8,Low
6,5.95,70.76,59.53,66.95,53.58,High
6,8.37,100.0,93.12,100.0,86.24,Low
8,9.14,77.28,78.19,89.76,67.8,Low
8,8.24,69.36,71.69,73.31,60.86,Moderate
1,5.28,58.94,63.27,71.35,54.15,High
1,9.47,100.0,90.64,96.69,89.9,Low
8,4.12,80.77,57.75,72.03,48.88,High
6,8.22,84.99,81.08,90.87,67.59,Low
8,9.86,93.95,96.06,96.69,92.13,Low
4,6.81,67.15,59.06,69.69,45.22,High
7,8.29,91.33,87.48,98.29,83.31,Low
7,7.56,100.0,69.91,82.43,67.58,Moderate
5,8.65,84.97,88.7,98.16,76.13,Low
3,7.71,64.36,72.88,78.12,59.25,Moderate
2,9.74,97.75,98.0,100.0,90.0,Low
1,6.55,74.86,64.68,74.9,58.76,Moderate
7,8.69,63.21,89.47,100.0,80.86,Low
5,7.96,60.78,71.66,80.88,60.78,Moderate
2,7.73,79.25,79.64,81.44,68.72,Moderate
1,7.67,84.41,85.45,94.17,71.87,Low
8,7.42,84.86,78.29,78.81,71.8,Moderate
3,7.7,100.0,74.08,79.92,61.6,Moderate
4,7.74,72.96,70.74,81.01,67.32,Moderate
6,8.91,100.0,90.51,100.0,80.52,Low
6,6.05,100.0,62.85,76.74,53.61,Moderate
2,8.2,100.0,82.6,96.13,73.7,Low
7,5.79,66.76,45.75,60.57,42.39,High
3,7.1,82.6,70.5,84.56,62.32,Moderate
7,10.0,100.0,98.0,100.0,90.79,Low
7,8.03,90.06,85.38,92.4,72.53,Low
4,8.75,100.0,96.33,100.0,94.85,Low
6,6.09,64.94,64.84,67.98,50.89,High
1,8.56,88.69,75.97,86.42,70.53,Low
3,6.39,96.91,70.65,82.06,65.15,Moderate
3,8.55,80.42,82.83,91.88,76.93,Low
5,6.86,69.89,81.33,84.03,72.33,Moderate
5,6.33,54.69,49.86,58.01,41.57,High
1,6.09,76.15,53.75,57.61,37.74,High
5,7.27,86.23,74.19,74.76,58.49,Moderate
8,7.01,98.85,83.52,97.48,67.72,Low
1,9.03,95.1,92.92,100.0,84.61,Low
7,8.79,76.91,92.12,100.0,84.15,Low
4,7.86,92.98,76.43,77.13,73.3,Low
4,7.85,92.51,75.34,80.02,64.16,Low
2,9.05,74.43,91.17,96.19,68.19,Low
7,7.87,96.64,93.6,100.0,89.71,Low
4,7.31,94.85,82.29,94.84,79.84,Low
3,7.57,70.45,67.01,78.28,59.83,High
1,7.89,100.0,87.02,97.11,79.5,Low
8,4.79,83.78,44.38,58.39,31.3,High
7,5.4,53.57,50.28,51.63,35.94,High
7,9.3,71.13,96.4,100.0,83.05,Low
1,5.54,71.26,54.0,68.13,43.59,High
2,9.75,87.17,96.7,100.0,91.66,Low
2,6.11,91.76,70.84,73.1,55.56,Moderate
7,7.81,91.58,93.99,100.0,83.4,Low
8,9.04,79.67,86.94,92.93,79.81,Low
2,6.49,81.77,76.45,84.51,71.74,Moderate
6,5.02,72.29,55.77,63.5,40.65,High
5,5.31,92.24,56.22,59.31,40.82,High
1,6.18,77.29,67.11,70.7,57.53,High
6,6.77,93.57,76.35,86.86,65.67,Moderate
3,7.16,54.64,75.62,82.25,65.93,High
6,8.37,100.0,85.02,98.27,76.01,Low
1,9.5,62.32,97.42,100.0,93.1,Low
5,7.66,97.49,72.72,83.49,60.96,Low
1,8.76,76.76,96.29,100.0,89.27,Low
3,10.0,96.23,98.0,100.0,80.96,Low
3,6.88,78.42,76.91,84.38,63.28,Moderate
2,8.05,65.29,68.64,81.59,62.22,Moderate
2,7.5,81.34,73.41,81.2,61.6,Moderate
4,7.67,75.47,72.24,82.77,57.69,Moderate
4,7.93,67.09,75.11,82.68,69.89,Moderate
4,7.19,77.04,65.83,80.53,60.53,Moderate
1,6.67,65.25,65.93,71.07,62.44,High
7,6.16,74.07,72.63,78.08,69.47,Moderate
1,8.11,100.0,84.76,92.94,78.02,Low
7,7.7,63.96,73.1,88.19,60.99,High
4,8.23,75.61,79.75,88.58,67.4,Moderate
2,8.63,97.81,86.05,92.16,76.88,Low
3,6.27,60.67,62.06,72.55,50.26,High
2,8.42,96.53,81.06,87.45,71.46,Low
5,7.89,83.05,76.46,85.81,68.67,Low
5,7.85,92.22,84.58,94.44,74.67,Low
6,6.83,80.71,77.01,82.99,68.07,Moderate
5,7.23,66.19,66.27,85.24,62.08,High
3,8.68,77.32,85.34,89.79,77.78,Low
3,7.41,95.35,76.64,87.52,70.42,Low
3,7.86,58.47,94.43,100.0,88.03,Moderate
1,8.86,64.7,72.17,79.84,62.99,Moderate
2,7.77,86.2,66.42,70.3,58.34,Moderate
4,6.6,81.2,82.5,91.58,74.9,Moderate
8,8.05,68.74,74.35,77.46,65.32,Moderate
4,10.0,91.89,98.0,100.0,89.26,Low
7,6.29,68.55,59.88,73.08,53.09,High
2,8.63,65.14,74.37,80.17,65.82,Moderate
1,5.28,94.94,77.03,86.12,65.73,Moderate
3,8.98,98.96,86.35,95.73,73.42,Low
1,9.03,95.78,81.14,87.9,79.1,Low
4,6.42,78.31,62.06,71.39,50.63,Moderate
2,7.2,80.33,78.27,78.8,69.95,Moderate
6,9.0,98.28,88.89,92.06,78.22,Low
2,5.21,91.95,52.91,62.17,50.47,High
4,7.11,91.11,76.22,84.18,69.99,Low
2,6.23,68.85,48.27,56.14,45.35,High
1,6.62,98.91,76.66,85.95,67.67,Moderate
8,5.19,86.24,63.46,71.19,51.76,High
6,6.03,69.96,56.68,60.01,51.4,High
6,7.55,83.31,67.48,72.96,54.14,Moderate
6,6.83,86.75,64.53,73.81,56.46,Moderate
8,6.92,88.75,64.02,69.27,51.53,Moderate
5,8.1,100.0,79.34,90.15,64.9,Low
2,9.49,93.48,98.0,100.0,84.19,Low
5,7.64,80.23,79.75,79.94,73.57,Low
3,4.0,50.0,42.14,50.43,34.73,High
7,6.69,84.5,73.54,81.56,60.22,Moderate
6,8.87,85.84,92.45,100.0,83.57,Low
7,6.36,75.21,71.76,82.46,59.16,High
1,9.85,89.95,97.3,99.57,85.45,Low
8,5.4,72.96,51.78,66.88,47.86,High
8,8.22,75.45,73.64,85.13,64.95,Moderate
6,7.6,88.93,94.19,100.0,84.09,Low
3,6.85,90.82,84.64,95.2,73.57,Low
5,6.79,91.11,65.64,79.44,53.83,Moderate
2,7.82,85.34,80.38,89.67,66.29,Moderate
6,8.67,98.52,84.66,91.96,73.37,Low
5,7.19,65.57,85.69,93.4,73.29,Moderate
4,8.92,94.98,81.34,98.73,70.13,Low
8,8.02,84.4,86.83,97.26,83.47,Low
8,8.55,76.3,72.37,84.51,69.3,Moderate
3,8.3,79.65,86.29,95.19,83.72,Low
1,8.71,96.57,87.4,93.39,77.27,Low
1,7.96,73.37,72.19,72.88,66.76,Moderate
4,7.2,84.21,62.31,68.73,43.9,Moderate
8,7.1,61.84,72.23,73.54,62.47,High
1,7.84,100.0,87.03,98.08,76.17,Low
5,7.49,73.79,78.15,88.11,61.13,Moderate
8,7.0,90.62,73.51,78.25,63.84,Moderate
7,6.88,70.1,69.83,70.33,59.19,High
2,9.47,100.0,85.92,95.72,75.67,Low
5,8.76,89.39,81.11,85.33,76.37,Low
3,7.77,86.27,82.02,83.01,72.8,Low
3,7.69,50.0,61.98,66.49,48.4,High
4,7.88,100.0,80.8,88.85,69.95,Low
1,7.57,85.66,65.48,76.43,55.31,Moderate
8,7.49,83.38,72.88,75.24,61.88,Moderate
4,8.94,74.16,84.37,92.18,83.59,Low
4,5.77,65.98,68.28,82.12,58.39,High
8,9.12,88.79,89.19,97.07,80.82,Low
1,7.82,88.52,76.87,86.39,66.99,Low
3,7.88,76.44,86.83,95.24,69.69,Low
5,7.56,67.46,68.44,69.55,60.15,Moderate
5,7.67,95.11,74.78,88.4,59.81,Low
7,7.81,86.03,80.78,91.08,64.69,Moderate
8,7.28,85.27,66.97,75.56,48.64,Moderate
3,7.32,70.71,73.62,85.64,64.5,Moderate
8,7.72,67.5,68.13,77.48,58.03,Moderate
3,8.63,100.0,77.6,79.86,71.23,Low
8,7.57,82.93,82.83,88.98,77.37,Low
7,6.7,81.95,58.59,65.53,53.34,High
2,6.52,74.45,63.03,72.11,55.0,High
5,6.91,90.49,75.0,85.61,72.32,Moderate
4,7.2,85.29,68.56,74.16,58.52,Moderate
1,7.19,73.38,65.53,75.02,54.36,Moderate
7,8.27,100.0,93.08,100.0,89.6,Low
8,7.43,77.93,80.12,90.58,73.63,Moderate
3,8.12,96.23,81.21,88.16,69.44,Low
8,5.9,68.51,81.77,97.19,74.3,Moderate
6,6.57,82.27,79.99,90.38,70.51,Moderate
8,7.9,93.73,85.18,85.94,74.35,Low
6,8.22,91.06,76.42,86.54,66.11,Low
2,8.27,92.46,98.0,100.0,83.2,Low
6,7.39,58.92,58.28,65.05,46.11,High
5,6.7,79.06,71.31,79.81,64.53,Moderate
7,8.22,97.78,80.83,98.91,72.44,Low
1,6.63,65.0,73.66,80.59,71.26,High
7,5.89,74.61,51.52,58.61,47.02,High
7,8.12,79.19,66.42,73.49,63.8,Moderate
1,9.01,88.79,90.66,96.16,79.61,Low
6,5.37,77.76,55.8,73.26,46.49,High
5,7.65,95.13,69.34,79.94,58.17,Moderate
7,8.52,87.7,94.51,100.0,83.97,Low
4,7.75,100.0,85.86,89.1,77.86,Low
4,9.93,100.0,98.0,100.0,91.41,Low
7,9.44,73.89,95.63,100.0,77.21,Low
8,5.88,71.57,62.27,62.68,54.44,High
2,7.53,79.38,80.65,91.46,70.59,Moderate
3,9.69,85.92,88.65,94.74,79.24,Low
1,9.01,86.64,87.16,93.45,78.56,Low
8,6.1,93.12,54.74,54.94,50.7,High
3,7.39,95.48,86.29,95.95,78.52,Low
6,5.66,76.86,60.64,68.91,46.84,High
6,7.33,93.82,71.29,79.72,65.3,Moderate
5,7.79,69.61,69.0,80.69,61.55,Moderate
6,7.07,65.46,72.68,81.23,59.48,Moderate
3,5.77,69.57,59.67,69.87,50.01,High
2,6.32,87.84,68.3,69.24,52.51,Moderate
4,5.88,79.56,52.8,55.59,49.34,High
8,7.99,90.78,81.3,91.93,73.91,Low
7,7.32,69.54,72.68,78.98,61.6,Moderate
4,7.32,74.09,74.61,95.0,62.56,Moderate
8,7.79,93.0,65.16,76.73,57.81,Moderate
8,7.91,72.3,63.9,68.14,53.55,Moderate
8,9.87,98.29,98.0,100.0,89.64,Low
2,7.13,50.0,61.55,71.04,53.91,High
1,5.7,74.78,72.2,80.97,60.38,High
3,6.94,83.27,70.55,74.45,66.21,Moderate
6,8.27,68.41,74.32,77.55,66.44,Moderate
7,7.21,87.83,73.38,82.91,67.12,Moderate
8,7.12,78.26,70.6,85.41,57.02,Moderate
3,8.15,50.0,60.37,70.2,51.78,High
1,7.47,61.01,66.52,69.09,61.34,High
4,10.0,81.23,88.25,93.6,86.47,Low
2,5.82,72.54,51.81,62.99,46.4,High
7,7.28,84.25,75.17,89.16,64.39,Moderate
6,9.75,71.32,82.77,86.84,73.88,Low
3,7.58,69.44,77.33,87.23,62.72,Moderate
4,7.21,90.91,79.66,85.2,73.98,Moderate
2,6.65,81.43,64.79,74.36,56.91,Moderate
5,9.0,69.97,71.35,77.01,64.04,Low
2,5.14,66.59,64.39,66.02,55.84,High
3,9.44,76.39,82.3,93.09,70.64,Low
1,8.9,66.6,86.01,96.85,79.77,Moderate
1,7.25,89.52,75.71,87.5,67.17,Low
8,6.84,77.74,71.6,80.69,66.91,High
4,8.62,63.34,83.2,91.43,70.58,Moderate
8,9.0,91.43,88.16,97.39,76.23,Low
6,6.99,67.3,68.4,72.48,60.87,High
1,7.19,82.42,71.19,81.03,65.53,Moderate
6,6.91,70.93,82.91,93.69,72.08,Moderate
8,8.71,75.18,89.97,91.33,86.61,Low
1,7.96,99.01,80.8,92.92,75.15,Low
5,6.53,74.25,57.36,62.39,56.01,High
5,8.16,100.0,74.29,79.25,68.19,Low
5,6.02,67.71,52.75,60.87,41.49,High
6,8.64,71.4,88.67,98.19,84.74,Moderate
8,6.55,54.55,60.55,67.96,52.47,High
7,6.61,97.54,63.01,69.54,53.92,Moderate
1,8.36,94.84,73.87,84.24,63.36,Low
1,8.87,94.22,77.39,94.44,67.67,Low
8,10.0,73.0,86.26,94.43,82.64,Low
8,8.29,100.0,91.98,99.1,82.65,Low
6,5.86,81.53,69.67,74.32,62.97,High
7,5.07,83.93,79.35,89.32,65.63,Moderate
1,6.26,73.17,69.33,74.9,51.63,High
3,6.87,64.61,71.82,75.25,66.6,High
2,6.49,58.71,54.77,60.87,39.43,High
4,9.27,72.81,79.28,86.62,68.83,Low
8,9.11,93.91,83.34,89.91,69.94,Low
4,7.34,93.47,67.95,77.24,58.95,Low
4,5.93,89.72,83.84,91.76,74.29,Moderate
6,7.15,82.44,68.0,77.35,56.09,Moderate
5,7.88,77.71,63.89,69.99,55.52,Moderate
4,5.87,79.78,60.32,66.96,50.02,High
3,6.4,91.6,70.06,74.73,55.24,Moderate
7,6.97,71.76,57.28,62.78,45.73,High
5,5.32,50.0,54.57,65.12,48.56,High
2,7.49,81.35,76.63,84.97,70.52,Moderate
3,10.0,100.0,98.0,100.0,92.83,Low
4,6.63,90.33,83.22,93.73,79.09,Moderate
4,6.72,71.03,74.93,77.05,63.58,Moderate
8,7.44,79.23,84.52,90.84,80.04,Moderate
1,9.06,96.31,79.83,90.34,67.85,Low
1,9.4,81.1,97.39,100.0,90.29,Low
4,9.72,91.23,94.47,100.0,91.12,Low
4,8.41,80.89,76.68,84.48,71.31,Low
4,6.93,90.16,61.11,71.05,56.81,Moderate
3,6.95,76.53,77.66,88.89,67.87,Moderate
3,8.01,65.4,76.75,80.34,60.13,Moderate
7,8.56,100.0,87.46,93.37,75.29,Low
6,8.16,87.6,73.19,80.29,63.65,Low
4,10.0,100.0,91.99,98.73,87.68,Low
3,8.51,82.16,78.91,89.49,65.49,Low
5,6.93,73.58,65.65,72.84,56.7,Moderate
4,8.26,68.56,75.82,85.02,65.51,Moderate
6,6.86,66.99,72.97,81.33,63.13,Moderate
6,7.62,80.97,77.33,89.87,70.67,Low
6,8.01,66.28,74.66,76.0,64.75,Moderate
4,7.81,100.0,96.44,97.92,87.9,Low
5,7.77,91.12,78.14,87.1,62.86,Low
7,8.5,86.13,83.65,90.01,73.91,Low
6,8.41,86.95,82.94,94.63,79.3,Low
6,7.68,91.38,75.8,83.86,69.17,Low
6,8.27,83.56,78.38,91.29,64.85,Low
8,9.69,80.1,98.0,100.0,95.0,Low
8,4.66,63.16,45.75,47.93,31.92,High
1,7.58,92.53,89.85,96.22,80.83,Low
4,8.54,79.42,91.71,100.0,83.65,Low
6,6.08,63.61,45.73,53.69,39.8,High
2,6.21,90.99,68.35,77.39,50.64,Moderate
7,6.46,84.49,68.32,73.14,52.52,Moderate
7,7.73,84.26,80.53,92.19,63.5,Low
5,7.35,86.03,71.44,82.66,61.68,Moderate
6,6.28,84.34,61.86,73.42,47.32,High
7,7.48,78.98,63.25,73.58,54.61,Moderate
2,9.27,91.12,94.19,100.0,80.77,Low
1,7.66,97.27,80.96,91.19,76.06,Low
1,8.06,70.88,67.84,91.31,55.35,Moderate
3,8.97,72.07,94.98,100.0,92.08,Low
8,9.24,69.47,98.0,100.0,88.23,Low
7,6.31,100.0,74.17,87.78,72.18,Moderate
5,8.33,77.86,84.93,92.26,76.76,Low
4,8.86,62.34,82.66,94.55,79.17,Low
5,9.09,80.28,80.02,88.09,67.99,Low
3,4.0,75.85,43.08,56.11,32.21,High
4,8.23,76.53,92.37,97.39,81.92,Low
7,7.08,89.69,70.41,76.63,62.13,Moderate
5,6.36,50.57,56.73,60.51,51.77,High
6,7.19,70.03,64.42,75.2,47.22,Moderate
1,8.79,85.25,74.05,84.3,65.27,Low
8,5.5,60.41,51.45,55.93,39.23,High
4,8.61,100.0,79.2,93.34,66.34,Low
7,8.16,100.0,71.07,78.0,58.68,Low
4,6.3,83.9,72.67,76.6,59.31,Moderate
7,7.63,85.92,73.88,82.25,71.04,Moderate
3,9.48,72.01,77.86,89.86,71.69,Low
5,5.61,55.92,51.27,54.38,39.01,High
7,5.83,71.02,59.76,64.53,57.98,High
8,5.69,97.56,59.35,72.69,52.09,High
3,7.87,87.29,70.53,79.72,65.67,Moderate
1,7.86,81.8,90.07,96.97,80.29,Low
4,7.79,100.0,75.5,83.79,70.03,Low
8,7.47,100.0,71.44,78.78,69.04,Low
1,8.76,80.85,93.79,98.96,90.86,Low
8,7.18,83.03,80.22,86.48,74.7,Moderate
3,8.61,88.41,81.51,87.59,73.26,Low
3,9.15,63.13,86.96,91.46,82.69,Low
2,6.92,100.0,72.95,87.28,63.69,Moderate
1,8.48,80.15,79.28,83.53,74.43,Low
2,7.7,73.86,73.79,85.12,65.44,Moderate
7,9.3,94.39,83.54,89.42,75.43,Low
1,7.66,76.78,71.18,85.67,60.61,Moderate
6,6.98,99.34,69.94,75.61,61.19,Moderate
2,8.83,79.93,90.8,100.0,85.03,Low
4,8.5,83.69,70.76,74.81,62.3,Low
7,6.76,70.07,65.98,71.42,58.92,High
1,4.61,98.71,57.63,65.82,55.46,High
2,8.79,100.0,94.82,100.0,88.3,Low
5,6.35,82.47,60.69,66.57,60.07,Moderate
1,6.98,83.07,83.27,97.67,78.66,Low
3,8.44,70.83,71.09,79.36,57.93,Moderate
7,7.44,60.06,78.91,86.2,68.8,Moderate
8,8.98,95.01,85.1,94.87,77.6,Low
8,8.17,70.02,70.23,74.15,57.98,Moderate
7,6.99,59.96,57.5,72.79,48.49,High
8,6.12,87.49,72.1,77.58,57.49,Moderate
4,7.04,94.04,72.85,82.2,65.99,Moderate
2,8.76,78.37,89.26,100.0,80.95,Low
7,8.07,60.01,65.91,75.26,64.51,Moderate
7,9.35,87.6,94.21,100.0,81.74,Low
2,9.3,76.22,85.39,90.09,75.87,Low
3,7.63,89.62,72.87,83.66,63.55,Moderate
6,9.66,79.31,79.62,80.39,67.87,Low
7,8.4,88.88,82.65,90.76,72.71,Low
1,7.31,66.01,74.86,89.36,70.11,Moderate
6,7.7,79.88,72.93,87.43,59.98,Moderate
7,7.33,67.98,81.34,89.1,70.3,Moderate
8,7.01,73.02,64.19,70.62,55.48,High
7,9.95,96.85,98.0,100.0,87.63,Low
4,8.41,85.52,89.71,100.0,83.61,Low
7,6.81,59.47,57.33,69.9,45.98,High
7,7.45,58.16,79.59,84.74,76.69,High
2,9.9,85.03,97.43,100.0,91.05,Low
3,8.77,92.02,88.41,100.0,84.33,Low
3,7.89,91.24,84.85,90.53,79.09,Low
3,7.99,79.78,83.69,95.0,67.14,Low
4,8.12,96.11,83.86,89.86,72.72,Low
2,6.75,77.58,68.79,78.87,63.46,Moderate
2,9.05,98.54,96.79,100.0,89.33,Low
4,8.76,100.0,71.94,87.3,63.11,Low
5,7.83,81.77,80.51,85.02,73.68,Low
2,7.75,93.26,80.03,95.34,59.54,Low
5,7.76,76.79,79.03,92.41,69.27,Moderate
7,8.63,83.28,83.17,91.19,81.99,Low
1,6.47,68.56,69.65,78.19,64.06,High
1,8.73,90.05,83.76,92.98,74.58,Low
5,7.93,79.57,73.9,82.28,62.39,Moderate
2,8.19,91.42,91.76,95.29,83.89,Low
5,8.24,77.21,82.4,92.94,72.45,Moderate
3,9.58,99.88,95.48,100.0,90.59,Low
2,7.69,94.12,92.17,100.0,84.58,Low
8,9.88,87.55,98.0,100.0,95.0,Low
7,8.84,88.02,74.5,80.62,59.2,Low
1,7.63,88.07,78.63,83.47,73.04,Moderate
4,6.97,100.0,72.95,85.54,59.59,Moderate
2,7.57,87.47,60.34,67.34,45.65,Moderate
2,8.69,85.68,77.78,85.24,67.63,Low
2,8.03,79.83,74.33,83.12,72.02,Moderate
4,10.0,95.42,98.0,100.0,87.47,Low
8,5.87,81.59,68.71,77.01,57.54,Moderate
7,7.31,80.65,72.84,85.31,63.61,Moderate
5,7.46,73.25,74.5,83.25,70.31,Moderate
8,8.45,71.16,83.23,87.8,71.96,Moderate
8,7.87,87.51,65.01,75.64,56.47,Moderate
5,8.19,98.18,96.9,100.0,84.69,Low
2,4.76,68.06,51.73,56.23,32.76,High
7,7.16,78.55,74.08,80.44,65.23,Moderate
1,7.36,90.72,72.39,80.23,70.15,Low
6,6.9,57.02,61.05,67.41,48.47,High
8,8.36,51.4,81.55,84.46,77.65,Moderate
6,6.2,72.16,54.98,61.96,52.95,High
4,7.75,97.91,78.58,86.56,78.41,Low
1,9.27,83.88,81.74,89.91,74.23,Low
5,6.71,80.72,77.45,78.51,61.94,Moderate
7,8.15,100.0,89.86,96.46,84.18,Low
7,8.4,91.84,95.05,100.0,83.42,Low
6,7.94,86.74,65.58,80.42,58.39,Moderate
1,7.67,96.66,86.12,94.58,75.91,Low
3,7.13,95.54,84.36,89.67,77.19,Low
3,5.94,84.22,48.73,53.56,43.25,High
4,4.4,78.16,50.85,54.82,41.61,High
7,7.47,97.51,77.06,82.77,60.95,Moderate
1,8.37,100.0,76.45,89.52,73.81,Low
6,8.55,100.0,73.0,84.8,61.85,Low
1,7.61,85.19,60.23,66.6,56.36,Moderate
5,6.24,53.5,57.24,62.56,47.97,High
7,8.36,63.64,84.08,95.05,74.55,Low
1,8.5,80.01,82.71,91.27,69.67,Low
1,4.49,61.05,50.59,58.62,34.56,High
1,7.36,91.66,62.49,66.96,59.13,Moderate
6,8.6,75.12,84.9,85.4,71.68,Low
8,6.79,79.56,67.62,74.88,61.71,Moderate
3,7.27,74.28,83.11,87.91,76.5,Low
4,9.07,100.0,98.0,100.0,92.17,Low
8,8.32,75.41,87.1,98.71,77.25,Low
7,6.46,67.55,68.63,80.42,64.05,High
1,7.33,86.37,79.4,83.76,71.41,Moderate
8,6.96,80.1,67.52,80.67,51.9,Moderate
2,8.66,83.73,71.2,80.37,59.02,Moderate
1,9.63,90.85,94.46,95.02,83.79,Low
5,7.69,100.0,82.67,95.31,69.58,Low
4,6.53,77.98,68.45,77.04,62.16,Moderate
6,7.19,82.29,59.24,70.22,51.3,Moderate
8,8.95,100.0,91.62,91.63,70.8,Low
5,7.35,75.23,76.54,76.86,68.12,Moderate
7,8.06,82.6,86.52,92.23,79.45,Low
4,9.91,100.0,98.0,100.0,88.47,Low
5,6.84,82.54,76.47,89.33,68.34,Moderate
4,8.76,95.83,94.47,96.94,84.26,Low
2,8.01,96.47,85.33,94.04,75.57,Low
5,8.68,100.0,98.0,100.0,92.64,Low
4,9.25,82.92,86.75,94.83,75.68,Low
7,8.76,83.84,92.18,98.85,76.05,Low
3,8.45,100.0,79.53,89.85,73.3,Low
4,7.95,51.44,69.91,78.02,62.05,Moderate
5,7.8,69.53,78.97,98.42,67.42,Moderate
3,7.51,85.64,75.97,81.1,68.25,Moderate
6,8.76,85.48,81.6,87.51,70.14,Low
3,6.93,80.63,63.43,71.41,45.32,Moderate
7,6.53,88.1,71.08,77.78,63.44,Moderate
6,6.57,76.73,67.08,77.29,60.25,Moderate
2,8.28,100.0,95.68,99.09,84.88,Low
5,7.29,81.61,74.32,84.57,62.34,Moderate
7,6.67,60.54,64.01,79.93,51.21,High
4,7.29,93.13,79.76,82.6,62.65,Moderate
8,10.0,100.0,90.95,100.0,79.03,Low
8,8.65,90.13,75.18,83.92,65.52,Low
2,9.22,63.83,75.58,83.92,69.73,Moderate
5,8.15,57.4,74.06,89.27,60.7,High
4,7.43,87.72,64.31,73.94,59.81,Moderate
2,6.2,97.78,81.42,88.12,73.43,Low
8,6.54,75.95,58.31,71.47,55.46,High
1,9.38,84.26,98.0,100.0,89.39,Low
8,7.04,54.13,64.72,69.71,55.6,High
2,7.59,83.42,78.16,79.44,66.2,Low
1,7.55,56.13,75.99,91.49,64.63,Moderate
7,7.0,62.83,62.0,64.98,51.24,High
2,6.98,97.5,79.01,84.82,68.65,Low
6,9.0,89.26,85.82,91.17,75.38,Low
6,7.13,83.58,81.25,92.45,66.27,Moderate
5,6.74,85.71,63.99,69.79,52.63,Moderate
2,7.41,74.04,73.4,78.51,63.03,Moderate
7,8.26,95.77,81.14,92.35,70.61,Low
6,8.69,87.66,84.47,92.24,80.41,Low
6,8.01,95.5,80.55,89.02,71.09,Low
8,6.02,100.0,64.73,76.08,58.41,Moderate
2,7.63,76.85,88.2,92.38,82.51,Moderate
8,6.95,89.0,75.48,89.82,62.56,Moderate
1,7.06,81.93,78.91,90.98,73.55,Low
1,7.24,93.49,67.62,72.46,63.2,Moderate
3,6.41,71.91,75.1,78.53,67.56,Moderate
3,7.96,86.25,71.11,75.74,63.47,Moderate
5,7.45,97.08,83.1,92.91,70.77,Low
5,8.86,74.55,80.68,89.69,69.3,Moderate
8,8.55,78.7,84.66,98.54,81.66,Low
3,10.0,87.38,93.12,100.0,81.92,Low
4,7.41,55.1,69.8,75.71,62.1,Moderate
8,6.48,52.84,56.22,72.78,50.33,High
5,7.63,84.85,70.72,79.89,56.96,Moderate
8,6.33,76.74,64.25,76.98,54.86,High
7,7.51,69.1,90.81,93.03,90.32,Moderate
8,8.15,87.81,81.79,89.61,73.15,Low
2,7.9,71.32,84.72,97.51,75.15,Moderate
8,10.0,82.57,88.72,91.41,73.84,Low
4,8.25,93.92,75.67,75.79,62.46,Moderate
7,8.64,97.22,92.88,97.34,82.51,Low
7,7.77,71.53,62.94,69.47,60.32,Moderate
4,10.0,96.67,79.95,93.46,68.34,Low
8,6.25,87.44,69.45,73.89,60.7,Moderate
6,7.15,100.0,67.35,75.78,61.49,Moderate
4,6.68,74.77,74.97,88.27,64.74,Moderate
5,6.18,55.05,65.86,78.98,60.33,High
8,7.15,59.33,54.97,60.05,47.34,High
5,9.04,82.51,76.4,87.37,67.57,Low
2,8.78,95.9,83.55,89.42,70.77,Low
5,8.13,83.0,82.64,90.94,78.76,Low
4,6.49,84.53,73.95,79.65,65.73,Moderate
7,9.68,94.9,97.61,99.73,90.61,Low
3,10.0,88.72,89.8,94.89,75.68,Low
8,8.11,89.65,87.82,92.81,77.83,Low
7,9.8,100.0,98.0,100.0,93.33,Low
4,7.45,69.75,83.53,97.55,74.87,Moderate
6,7.52,75.13,72.49,74.8,61.49,Moderate
3,8.21,92.45,82.06,88.59,68.88,Moderate
3,7.28,96.2,81.7,92.45,64.8,Low
4,7.03,69.8,85.3,94.68,73.16,Moderate
5,10.0,99.06,87.78,94.91,74.16,Low
2,8.83,82.86,89.91,100.0,77.29,Low
2,7.85,52.65,68.02,78.48,59.32,High
5,8.76,88.15,79.28,92.49,72.6,Low
4,7.97,73.12,77.42,92.65,71.51,Moderate
6,7.38,93.59,77.91,83.37,66.78,Moderate
2,6.4,62.09,55.23,66.03,41.12,High
2,7.8,82.5,77.15,87.56,65.29,Moderate
6,7.92,66.51,71.77,74.45,60.14,Moderate
8,9.85,85.41,98.0,100.0,90.02,Low
6,7.8,88.97,77.09,79.15,62.9,Low
8,8.78,79.23,78.15,87.65,66.72,Moderate
1,7.02,88.18,64.66,69.32,62.82,Moderate
4,7.27,64.54,66.16,71.46,59.74,Moderate
1,9.15,92.96,85.43,95.74,79.2,Low
7,8.35,85.1,79.28,81.73,70.79,Low
1,6.25,57.32,58.84,69.49,44.54,High
1,9.24,96.39,88.89,99.89,77.39,Low
2,8.0,100.0,98.0,100.0,95.0,Low
7,7.92,81.08,80.7,94.63,75.7,Low
1,9.9,90.09,96.86,99.06,92.74,Low
5,8.08,94.64,66.05,73.72,57.17,Low
7,8.51,100.0,80.75,88.7,71.43,Low
6,9.2,73.37,76.79,81.95,76.75,Low
3,5.46,94.24,59.18,70.9,48.98,Moderate
7,9.24,100.0,83.01,91.63,70.32,Low
2,9.4,89.91,98.0,100.0,82.99,Low
3,5.37,83.49,60.64,70.73,48.31,High
8,7.21,62.6,62.39,67.5,47.48,High
8,8.98,85.79,70.69,75.36,61.56,Low
2,9.01,89.12,93.29,100.0,88.7,Low
3,8.39,89.01,97.61,100.0,86.49,Low
6,10.0,93.42,94.54,96.54,77.99,Low
5,6.9,74.85,61.22,69.51,56.73,Moderate
4,6.75,94.07,80.83,92.87,74.67,Low
8,8.25,83.82,77.68,83.97,74.94,Low
4,9.46,76.57,98.0,100.0,87.83,Low
8,9.47,100.0,88.34,99.36,79.91,Low
7,7.32,82.1,71.49,83.52,67.34,Moderate
5,5.47,100.0,45.19,56.11,41.49,High
2,7.37,87.31,82.83,86.65,74.73,Moderate
4,8.29,86.37,82.73,84.29,62.58,Moderate
8,7.77,82.63,82.02,92.41,67.11,Low
1,7.93,100.0,77.28,95.15,66.87,Low
3,8.49,90.79,83.83,88.77,74.48,Low
3,8.89,87.02,92.55,97.71,90.17,Low
6,8.43,89.37,76.7,87.82,66.68,Low
6,7.84,76.27,79.29,92.14,66.8,Moderate
2,8.55,100.0,83.22,88.17,73.04,Low
1,8.61,95.64,84.41,91.13,79.66,Low
2,6.71,72.09,59.55,65.47,48.13,High
5,7.47,56.04,66.32,80.0,56.54,High
8,8.33,70.41,78.67,89.75,77.84,Moderate
1,6.76,65.22,51.88,62.63,46.42,High
1,6.94,82.38,90.04,100.0,78.75,Low
5,7.9,88.02,76.5,85.68,75.46,Moderate
6,8.65,88.46,88.86,100.0,72.75,Low
1,6.16,85.89,56.08,63.4,44.44,High
3,8.91,94.23,75.87,84.28,71.2,Low
5,8.96,100.0,85.06,90.12,74.51,Low
5,9.2,80.08,91.27,95.56,87.58,Low
6,8.35,100.0,77.6,87.54,68.55,Low
7,8.68,82.29,76.21,81.14,66.78,Moderate
5,7.79,81.38,73.72,76.38,59.99,Moderate
7,7.69,90.39,82.34,97.31,71.78,Low
8,7.95,90.51,89.96,97.36,83.81,Low
8,5.58,100.0,47.17,61.27,35.72,High
5,9.26,96.58,90.81,93.15,86.43,Low
6,6.75,97.65,90.22,100.0,81.13,Low
2,6.38,68.93,70.23,77.42,62.48,High
2,9.59,90.26,81.6,87.76,73.28,Low
2,8.81,83.72,84.96,99.2,73.46,Low
1,9.29,88.11,93.0,100.0,87.04,Low
8,7.49,53.83,74.72,80.32,67.97,Moderate
5,7.23,92.07,65.07,72.51,61.23,Moderate
1,6.58,93.72,65.4,74.36,49.25,Moderate
7,7.23,67.78,68.33,74.48,61.94,High
1,8.63,84.16,79.84,86.25,70.82,Moderate
7,7.4,90.24,67.63,78.02,62.01,Moderate
1,8.34,96.13,80.13,89.63,72.16,Low
5,7.7,83.45,65.35,73.13,58.16,Moderate
5,10.0,81.24,96.88,100.0,85.87,Low
7,5.64,70.76,67.92,81.9,57.28,High
7,6.99,86.51,68.82,78.03,54.79,Moderate
7,8.4,91.62,86.27,86.32,78.44,Low
2,7.24,89.38,73.28,86.0,66.82,Moderate
3,4.0,53.77,56.35,67.95,53.93,High
3,7.04,85.08,84.15,93.74,81.86,Moderate
1,9.84,94.43,98.0,100.0,94.66,Low
2,7.31,100.0,81.28,85.98,70.53,Low
5,8.81,87.05,85.38,86.61,84.52,Low
2,5.31,84.09,73.78,82.62,65.31,High
5,5.92,70.22,65.54,74.62,54.11,High
8,7.14,84.62,78.58,85.38,67.85,Moderate
6,8.13,89.79,83.47,92.19,81.22,Low
2,6.91,95.06,64.4,64.56,52.34,Moderate
1,9.65,74.71,96.73,100.0,86.2,Low
6,8.78,83.39,77.78,81.9,72.58,Low
1,8.68,99.46,79.99,90.86,69.42,Low
2,8.23,76.57,79.7,84.12,65.95,Moderate
7,8.38,71.43,77.8,82.22,70.29,Moderate
3,8.7,66.22,68.11,78.03,64.2,Moderate
4,7.16,84.46,73.22,83.66,60.17,Moderate
7,9.56,88.15,94.61,100.0,87.87,Low
6,7.03,54.04,61.12,78.18,54.58,High
5,7.29,92.73,79.41,87.26,74.03,Low
3,8.66,99.15,72.73,80.24,66.13,Low
2,6.88,64.72,62.8,66.3,60.15,High
2,7.45,81.73,77.07,81.19,67.47,Moderate
6,7.57,90.5,89.09,95.31,75.16,Low
4,9.54,84.64,88.67,97.05,76.7,Low
1,6.84,68.87,62.56,74.06,47.52,High
4,8.75,95.56,88.49,100.0,71.92,Low
2,7.57,89.22,86.8,89.09,78.53,Moderate
2,8.01,100.0,73.27,77.29,67.73,Low
2,5.86,60.02,61.42,65.49,45.11,High
4,7.12,92.9,79.38,92.03,63.37,Low
1,8.5,79.09,79.73,92.83,75.01,Low
7,6.86,81.83,70.2,75.07,60.05,Moderate
8,7.02,65.77,80.92,88.43,78.1,Moderate
1,7.18,65.2,85.24,97.09,79.62,Moderate
3,7.79,93.98,82.34,88.65,73.93,Low
8,5.61,58.04,51.74,56.79,40.41,High
8,9.65,87.62,79.83,87.84,78.01,Low
4,6.52,85.93,76.01,82.54,62.6,Moderate
5,7.43,67.69,68.11,76.31,57.52,Moderate
6,8.32,85.49,88.58,95.65,78.28,Moderate
7,7.32,75.82,88.52,97.15,80.14,Moderate
8,6.77,70.1,68.32,74.2,54.12,Moderate
7,7.22,87.48,81.22,87.02,72.29,Low
4,10.0,99.45,98.0,100.0,84.96,Low
2,5.04,72.05,67.43,73.47,62.55,High
2,7.44,91.83,84.73,91.55,71.6,Moderate
8,7.34,67.46,83.24,90.41,75.03,Moderate
1,7.11,76.81,70.39,79.65,63.03,Moderate
1,8.1,50.0,88.47,100.0,80.32,Moderate
6,7.03,64.91,79.54,89.22,65.59,Moderate
8,9.11,75.72,69.55,81.26,58.08,Moderate
5,9.06,66.93,76.52,82.28,69.56,Moderate
2,7.08,93.75,75.91,81.53,64.76,Low
8,7.83,86.15,85.63,91.94,80.9,Low
1,7.13,80.0,68.43,75.79,53.37,Moderate
5,8.34,88.57,82.79,87.76,66.74,Low
7,8.04,77.81,67.45,81.87,62.48,Moderate
6,9.01,85.51,81.99,88.82,72.47,Low
5,7.19,85.48,77.31,89.31,73.26,Moderate
1,5.56,52.77,63.27,68.78,49.4,High
5,9.92,84.97,98.0,100.0,95.0,Low
4,7.36,82.68,69.51,75.52,64.19,Moderate
4,8.38,100.0,78.51,90.51,71.79,Low
2,8.23,82.74,69.33,80.11,56.81,Moderate
8,7.94,74.66,77.89,86.24,69.85,Moderate
2,7.5,81.34,91.69,100.0,81.59,Moderate
7,8.97,100.0,98.0,100.0,90.34,Low
6,4.86,63.27,55.43,62.97,44.19,High
8,8.98,100.0,86.75,93.74,83.02,Low
6,4.76,50.0,43.32,53.27,33.67,High
1,10.0,92.91,89.15,98.86,77.65,Low
4,8.29,91.76,81.82,87.2,76.62,Low
5,9.24,100.0,88.34,97.37,73.94,Low
7,9.83,77.89,95.58,98.04,83.2,Low
4,7.05,73.41,65.69,70.69,61.71,High
8,6.92,64.98,60.21,70.1,51.06,High
5,8.6,98.19,98.0,100.0,89.58,Low
4,10.0,97.42,98.0,100.0,92.15,Low
4,8.45,81.2,75.21,81.19,63.44,Low
6,7.56,81.66,68.5,78.91,58.87,Moderate
1,7.37,60.49,70.62,82.14,60.85,High
5,6.76,55.72,66.34,70.61,54.4,High
5,6.66,79.29,62.39,67.24,52.21,Moderate
6,8.96,70.82,87.46,100.0,78.85,Low
6,7.89,80.6,85.28,98.69,79.9,Low
2,7.11,72.71,75.16,76.19,66.17,Moderate
6,6.4,78.15,74.57,81.84,64.32,Moderate
4,7.77,73.74,86.41,90.54,78.35,Moderate
2,7.49,80.01,75.11,77.11,60.25,Moderate
8,5.28,89.2,50.54,61.26,44.12,High
5,9.08,63.06,88.96,95.04,79.4,Low
8,7.03,100.0,64.71,73.25,55.05,Moderate
8,7.44,64.42,77.82,78.99,69.09,Moderate
8,7.55,86.28,75.17,86.86,69.28,Moderate
7,7.53,88.8,83.49,83.89,70.77,Low
7,7.75,56.89,76.18,89.16,65.41,High
4,8.77,89.29,81.39,82.37,67.86,Low
5,9.38,100.0,98.0,100.0,85.7,Low
7,7.87,91.84,74.05,88.8,63.24,Moderate
1,6.83,90.28,78.13,78.29,67.99,Moderate
1,9.6,74.93,94.7,100.0,83.94,Low
8,8.22,77.7,69.36,77.98,54.0,Moderate
3,4.9,69.44,55.65,63.93,44.71,High
1,6.56,80.43,63.9,68.47,53.73,High
5,7.4,84.82,78.57,86.88,62.76,Moderate
7,9.2,83.89,88.7,90.88,78.48,Low
1,8.78,68.22,98.0,100.0,85.25,Low
2,7.61,91.47,83.18,92.98,72.09,Low
4,6.82,83.41,63.74,69.32,57.32,Moderate
4,8.92,92.71,88.57,98.56,79.44,Low
4,8.66,91.39,85.33,92.39,76.09,Low
4,8.9,89.03,89.18,96.76,83.22,Low
5,8.18,80.42,77.0,89.98,67.21,Moderate
3,5.24,64.27,60.79,77.87,50.89,High
5,7.84,67.01,67.54,75.8,54.78,Moderate
2,7.01,80.72,79.96,87.74,67.54,Moderate
1,7.69,64.63,77.65,88.07,65.47,Moderate
7,7.46,85.73,75.04,82.73,71.3,Moderate
2,6.94,84.16,81.15,81.68,72.73,Moderate
7,7.59,92.76,93.86,96.35,84.96,Low
6,7.86,78.57,78.75,93.23,71.7,Moderate
5,9.11,88.71,89.77,90.74,82.69,Low
1,7.24,81.5,63.75,73.93,53.31,Moderate
6,10.0,93.08,98.0,100.0,90.35,Low
3,8.78,66.8,86.21,93.6,77.21,Moderate
5,8.39,66.65,75.72,82.58,67.69,Moderate
6,8.36,78.21,70.58,78.83,62.09,Moderate
7,7.69,86.9,78.73,82.15,74.86,Low
5,7.57,70.54,71.27,78.09,60.85,Moderate
2,8.28,76.39,86.28,90.97,71.57,Low
1,6.34,100.0,71.13,79.96,65.01,Moderate
6,8.16,100.0,67.78,74.59,55.02,Moderate
1,10.0,94.72,93.04,100.0,89.04,Low
5,6.83,78.49,73.94,80.87,60.11,Moderate
3,9.94,82.86,86.7,91.31,75.9,Low
2,7.26,78.15,65.97,75.82,59.05,Moderate
5,5.88,100.0,68.72,79.4,67.17,Moderate
2,9.73,76.9,86.26,99.89,78.91,Low
4,8.16,100.0,98.0,100.0,88.09,Low
6,9.24,82.79,91.68,99.8,84.26,Low
1,8.5,89.37,83.97,96.18,81.06,Low
3,7.75,83.9,86.78,99.87,74.11,Low
5,7.12,90.46,72.19,76.9,64.3,Moderate
4,4.63,75.85,62.49,78.03,58.77,High
3,7.14,73.9,68.13,71.88,51.56,High
4,7.35,79.02,75.14,80.11,65.78,Moderate
3,9.56,99.82,91.06,100.0,81.93,Low
4,8.62,83.75,94.16,100.0,90.09,Low
3,8.11,91.2,93.74,95.86,84.87,Low
7,6.47,67.57,58.75,67.35,42.97,High
6,7.32,66.56,66.03,80.82,55.0,High
1,8.28,82.55,83.37,97.15,71.43,Low
5,5.59,66.02,47.05,61.88,41.38,High
4,9.56,95.12,90.74,96.54,83.91,Low
1,4.98,93.24,85.08,100.0,70.83,Moderate
7,7.27,90.77,87.08,96.13,82.43,Low
1,8.66,80.85,81.61,91.24,74.96,Low
3,9.56,97.89,98.0,100.0,84.59,Low
8,8.7,93.59,75.75,85.89,63.77,Low
5,8.32,86.22,83.53,99.01,82.01,Low
7,5.89,78.34,60.07,78.17,54.55,High
4,9.3,100.0,94.44,99.81,83.91,Low
4,8.86,96.29,90.41,97.23,85.45,Low
6,6.27,87.5,64.52,69.54,52.33,High
2,7.85,72.44,79.04,85.68,65.79,Moderate
4,7.85,64.84,78.43,83.95,66.2,Moderate
6,6.03,69.53,55.58,60.1,47.07,High
5,7.14,73.11,72.67,82.48,65.37,Moderate
4,6.99,88.23,66.43,77.62,55.61,Moderate
2,9.52,91.52,98.0,100.0,91.94,Low
1,6.11,67.59,61.46,73.45,48.55,High
8,9.37,85.78,95.96,99.86,95.0,Low
3,7.14,83.69,85.58,87.34,73.98,Moderate
4,6.15,92.46,56.08,61.29,49.6,Moderate
7,7.88,73.45,72.48,89.51,58.19,Moderate
6,9.4,79.52,94.04,100.0,84.18,Low
8,8.65,100.0,92.75,100.0,80.03,Low
6,7.0,82.49,70.78,80.27,61.57,Moderate
6,6.87,72.02,70.73,76.11,64.58,Moderate
4,6.07,89.27,61.04,72.4,48.64,High
1,6.88,75.38,76.04,81.15,63.48,Moderate
8,10.0,71.71,90.87,93.86,78.07,Low
1,7.54,73.18,76.88,82.09,66.42,Moderate
8,5.95,50.0,61.17,67.31,54.22,High
6,8.81,95.63,86.87,92.46,78.21,Low
6,7.39,63.19,64.79,74.88,50.9,High
8,7.83,100.0,74.1,85.18,67.32,Low
4,7.71,100.0,72.15,79.86,65.45,Moderate
5,6.75,80.56,66.98,77.12,53.06,Moderate
3,9.62,100.0,98.0,100.0,94.08,Low
2,7.37,84.19,70.63,80.19,62.91,Moderate
3,8.22,100.0,80.89,96.13,71.44,Low
2,9.15,68.72,85.93,94.26,74.09,Low
1,7.9,77.27,71.0,77.58,58.99,Moderate
4,5.47,80.72,79.63,87.64,69.48,Moderate
1,7.32,100.0,88.07,98.14,82.34,Low
2,7.09,86.54,60.06,66.33,50.7,Moderate
6,7.93,91.83,80.36,88.57,76.26,Moderate
4,6.09,52.01,60.34,66.32,49.52,High
1,6.26,82.82,73.84,81.24,69.11,Moderate
8,6.25,76.69,63.63,71.85,57.27,High
1,7.91,81.38,72.15,73.61,57.12,Moderate
5,8.04,82.44,76.52,83.56,68.21,Low
6,6.23,93.5,68.06,74.21,60.26,Moderate
3,6.94,63.59,68.9,80.16,63.32,High
3,10.0,69.01,83.75,93.07,77.68,Low
7,9.74,100.0,93.4,96.28,87.37,Low
6,6.86,91.34,57.62,68.14,56.47,Moderate
2,5.54,53.95,50.31,56.45,45.25,High
2,7.24,95.91,72.95,76.4,63.51,Low
1,6.99,62.58,73.1,77.73,63.82,High
2,6.69,76.22,68.27,73.2,65.02,Moderate
8,6.0,80.61,61.46,72.47,56.53,High
6,5.21,71.39,58.99,66.61,53.5,High
1,7.05,78.79,76.68,79.96,69.78,Moderate
3,6.29,75.82,70.89,78.89,57.96,High
8,5.86,59.58,59.9,67.42,48.03,High
1,8.75,100.0,78.39,86.24,73.49,Low
3,6.88,83.21,72.35,78.67,63.56,Moderate
2,8.0,83.68,70.79,87.86,57.98,Moderate
2,9.23,85.55,78.69,86.34,72.77,Low
6,9.73,76.63,76.07,87.67,66.33,Low
5,8.07,98.97,92.31,100.0,88.78,Low
7,7.8,68.88,67.19,75.66,57.8,Moderate
4,9.41,100.0,67.96,74.36,59.27,Low
6,9.23,69.11,96.91,100.0,90.9,Low
4,9.46,85.65,98.0,100.0,87.45,Low
1,9.36,100.0,80.11,91.29,70.23,Low
8,9.32,73.26,84.03,92.14,69.83,Low
4,9.37,87.58,97.49,100.0,92.86,Low
4,10.0,100.0,91.54,99.61,73.48,Low
5,6.36,83.5,70.15,83.12,67.44,Moderate
3,7.8,82.52,84.4,88.7,79.34,Moderate
5,7.05,80.68,68.1,76.61,62.74,Moderate
4,8.4,100.0,86.59,91.93,76.2,Low
7,7.47,50.0,67.08,80.25,57.76,High
2,7.47,83.68,79.28,84.61,78.14,Moderate
3,8.73,85.44,76.88,86.18,66.17,Low
4,6.81,73.02,76.54,81.44,66.47,Moderate
2,6.71,82.47,68.39,78.02,62.22,Moderate
1,8.18,89.01,93.57,96.96,86.88,Low
5,7.13,100.0,82.61,93.82,76.38,Low
7,6.92,84.52,82.97,92.0,72.9,Moderate
5,5.57,81.27,74.32,81.07,64.17,Moderate
8,6.98,77.9,67.29,82.48,56.81,High
4,8.19,98.1,98.0,100.0,92.61,Low
2,7.46,83.01,66.73,67.79,61.42,Moderate
4,6.99,100.0,72.66,82.13,69.54,Moderate
1,7.5,79.18,68.12,72.71,57.67,Moderate
4,7.53,81.21,84.62,97.73,77.43,Moderate
7,8.28,98.96,85.71,89.66,74.91,Low
8,10.0,78.48,93.03,100.0,88.19,Low
1,7.38,74.32,81.96,87.26,78.45,Moderate
7,7.15,88.53,74.43,78.35,70.46,Moderate
7,8.18,83.43,98.0,100.0,87.47,Low
4,6.94,78.64,72.62,87.38,61.24,Moderate
5,6.56,61.02,67.22,79.61,55.71,High
5,6.7,71.99,66.31,77.29,58.52,Moderate
3,8.05,87.91,83.92,96.16,75.43,Low
5,9.03,76.35,85.17,91.0,74.26,Low
4,9.44,97.35,98.0,100.0,86.03,Low
8,7.63,78.05,81.18,87.35,67.83,Moderate
3,9.71,100.0,92.01,100.0,89.33,Low
8,7.78,77.61,88.82,96.0,80.63,Low
1,5.54,89.23,53.74,54.89,50.45,High
8,8.19,67.79,90.6,94.45,83.76,Moderate
3,9.23,88.83,97.48,100.0,91.31,Low
8,6.21,98.13,73.88,85.05,64.34,Moderate
1,8.28,85.07,86.22,98.91,78.05,Low
2,7.62,54.93,71.68,78.96,62.36,High
4,6.48,79.63,65.83,71.11,60.63,Moderate
3,10.0,75.6,91.62,95.93,80.2,Low
5,8.82,86.66,88.25,94.55,82.26,Low
5,7.31,84.58,73.99,81.18,60.15,Moderate
4,8.99,85.49,81.94,88.9,66.48,Low
7,8.58,96.7,82.61,91.35,73.56,Low
7,9.09,100.0,98.0,100.0,87.31,Low
3,7.62,73.51,65.72,71.76,57.53,Moderate
6,7.46,85.66,90.23,96.28,80.54,Low
2,7.96,92.57,83.33,91.73,67.82,Low
7,6.58,71.61,66.74,71.07,60.83,High
5,8.25,86.14,77.8,85.52,70.68,Moderate
2,5.4,77.05,65.71,80.93,54.49,High
6,8.05,64.93,69.4,77.65,54.81,Moderate
5,7.43,74.24,72.82,75.89,64.7,Moderate
6,8.18,100.0,76.55,80.06,68.73,Low
3,6.78,73.2,63.11,68.84,50.93,High
2,6.5,63.74,55.58,59.5,49.95,High
8,7.73,59.38,64.67,72.59,56.48,High
7,8.84,74.64,98.0,100.0,89.39,Low
4,7.32,73.84,78.7,79.16,76.2,Moderate
3,8.18,96.65,73.91,84.95,67.85,Low
1,10.0,86.79,98.0,100.0,81.13,Low
2,9.51,100.0,98.0,100.0,92.76,Low
6,8.14,82.54,76.08,92.18,60.49,Low
8,7.21,89.65,74.11,81.26,61.25,Moderate
3,7.62,78.34,79.01,85.03,77.12,Low
8,6.65,82.49,63.74,67.2,48.81,Moderate
1,10.0,91.88,81.5,89.66,76.49,Low
8,7.19,73.11,69.61,83.48,59.39,Moderate
5,7.55,84.17,84.33,100.0,73.25,Moderate
8,9.19,92.23,98.0,100.0,84.58,Low
4,6.26,83.28,74.65,81.28,67.86,Moderate
2,8.75,100.0,86.08,95.48,76.31,Low
8,6.96,78.51,66.64,77.28,55.19,Moderate
5,7.28,87.64,89.6,95.61,86.44,Low
6,5.64,88.93,43.13,47.74,38.05,High
3,7.79,100.0,77.3,88.48,69.0,Low
8,9.36,83.85,92.11,100.0,78.06,Low
7,5.84,100.0,73.73,81.42,62.98,Moderate
1,8.06,91.22,75.26,91.79,61.65,Low
7,7.21,74.42,69.25,74.67,56.33,High
5,7.82,100.0,83.55,91.51,83.35,Low
2,9.53,88.91,98.0,100.0,82.29,Low
7,5.43,78.52,52.5,54.43,36.27,High
4,7.83,83.81,74.37,81.01,62.0,Moderate
3,5.57,95.25,55.91,72.55,48.92,High
1,9.34,93.58,78.22,87.27,70.67,Low
3,8.07,85.94,81.01,82.27,65.02,Low
8,6.56,97.14,71.55,77.0,63.13,Moderate
4,9.72,97.51,95.19,100.0,85.84,Low
2,6.49,92.3,76.83,85.79,65.13,Moderate
4,9.37,71.37,91.73,96.11,80.12,Low
1,6.88,91.54,78.88,82.32,73.22,Moderate
5,6.56,86.31,67.53,71.6,53.22,Moderate
1,8.72,70.3,77.72,86.86,54.23,Moderate
6,8.3,72.58,75.49,81.83,63.68,Moderate
7,6.84,92.3,71.45,79.18,65.22,Moderate
3,5.9,100.0,64.18,72.8,53.39,Moderate
8,10.0,76.26,98.0,98.79,89.25,Low
6,6.57,69.04,64.37,74.97,55.11,Moderate
2,8.14,91.39,79.64,80.11,73.01,Low
6,9.72,100.0,98.0,100.0,90.13,Low
4,9.59,75.28,86.13,94.63,83.05,Low
8,8.2,67.74,79.7,90.63,74.61,Moderate
2,8.27,84.1,80.81,85.57,63.7,Low
2,8.04,67.68,75.26,84.3,60.91,Moderate
4,6.71,50.06,79.92,80.56,71.38,Moderate
6,6.32,70.75,54.46,60.87,52.34,High
2,5.55,55.65,65.02,71.93,51.19,High
8,6.26,72.54,61.48,69.01,53.9,High
2,4.92,84.63,67.98,71.68,57.98,High
1,7.69,100.0,87.17,95.07,78.63,Low
3,8.58,87.98,91.98,100.0,76.99,Low
6,8.1,91.83,81.61,88.68,74.82,Low
2,7.51,85.55,62.35,73.42,55.77,Moderate
7,6.73,77.26,87.88,100.0,80.69,Moderate
7,7.92,76.43,85.59,95.15,84.18,Low
6,8.02,88.57,79.94,87.77,70.12,Low
8,7.01,100.0,53.04,54.82,41.03,Moderate
1,8.68,83.27,79.61,91.01,79.57,Low
3,8.58,94.51,98.0,100.0,90.21,Low
1,7.45,93.64,77.68,90.82,72.13,Low
4,7.4,98.42,77.63,85.12,68.18,Low
1,9.23,70.23,87.95,94.16,75.46,Low
5,8.65,99.9,92.53,100.0,83.3,Low
7,8.27,79.2,74.61,79.85,63.66,Moderate
8,7.06,96.91,96.48,100.0,94.73,Low
6,7.55,84.14,79.83,90.65,69.22,Moderate
3,9.44,94.61,84.14,94.14,76.35,Low
4,6.64,82.04,65.0,72.33,56.82,Moderate
8,9.48,90.63,93.31,95.72,73.11,Low
6,7.63,75.34,75.33,82.83,73.01,Moderate
4,8.78,81.49,87.04,96.97,79.73,Low
5,7.36,89.19,69.26,71.02,51.43,Moderate
6,8.35,81.15,98.0,100.0,87.95,Low
7,7.13,69.43,89.78,97.54,79.61,Low
6,6.83,69.13,80.67,92.18,78.92,Moderate
5,7.33,82.85,64.3,70.31,48.2,Moderate
8,8.02,66.58,52.73,61.8,43.29,High
2,6.53,91.38,75.1,84.58,65.01,Moderate
3,7.89,100.0,61.53,74.63,55.22,Moderate
3,8.42,85.67,88.59,99.71,77.31,Low
8,7.38,71.21,54.23,62.11,41.05,High
1,7.72,88.33,70.29,75.98,57.26,Moderate
8,7.93,100.0,88.94,100.0,79.37,Low
5,8.64,72.05,80.02,88.45,70.63,Moderate
7,6.5,95.51,74.16,79.47,62.39,Moderate
5,5.01,72.3,50.05,58.19,34.1,High
6,7.02,72.62,76.97,88.75,67.96,High
7,8.83,84.49,98.0,100.0,95.0,Low
6,8.45,80.33,84.74,92.03,66.45,Low
1,9.0,72.48,81.28,92.85,70.41,Low
3,7.73,97.91,82.51,89.32,74.16,Low
1,8.13,94.14,77.78,90.25,68.61,Low
6,7.37,100.0,75.8,84.13,60.83,Moderate
4,8.93,79.65,75.97,77.34,60.97,Moderate
7,8.94,62.55,83.05,89.24,77.73,Low
7,7.11,73.35,64.08,74.02,54.2,Moderate
4,9.5,81.12,74.33,82.71,65.09,Low
8,9.2,94.08,86.15,89.93,71.67,Low
2,8.57,54.5,77.49,79.29,71.78,Moderate
7,7.75,97.73,82.77,94.82,77.9,Low
3,7.53,66.96,79.04,90.72,67.04,Moderate
4,10.0,100.0,98.0,100.0,91.09,Low
5,9.12,85.89,81.6,92.3,74.62,Low
2,5.89,76.36,66.04,80.17,63.34,High
2,8.41,92.53,87.89,94.59,76.61,Low
1,7.15,68.56,77.74,87.18,72.55,Moderate
2,5.72,60.11,70.41,81.16,60.93,High
4,4.53,92.54,60.27,66.72,51.86,High
7,9.38,82.2,76.33,81.45,67.76,Low
7,7.47,97.15,72.9,79.36,58.32,Moderate
8,8.52,87.15,88.91,93.19,76.49,Low
2,6.42,81.5,68.39,76.01,62.37,High
4,7.24,86.99,69.59,83.03,61.26,Moderate
2,8.01,93.66,68.82,76.0,59.79,Low
8,8.19,66.26,78.27,84.06,67.65,Moderate
6,7.13,76.19,63.62,76.19,47.68,High
4,7.95,92.01,82.1,89.96,72.44,Low
1,10.0,92.31,96.61,100.0,84.27,Low
3,6.62,73.41,75.2,88.16,65.41,High
4,7.82,60.79,82.16,93.82,78.62,Moderate
6,5.54,86.5,71.07,80.86,61.92,High
5,8.51,79.34,81.25,84.56,69.84,Low
8,6.4,84.1,77.44,89.32,71.86,Moderate
2,6.82,59.11,60.7,74.53,51.98,High
7,7.27,70.4,46.1,58.12,36.08,High
2,8.2,83.83,86.74,98.95,75.89,Low
2,8.41,76.74,79.2,85.57,64.33,Moderate
7,8.39,81.95,79.54,88.02,64.97,Low
1,9.13,92.02,66.25,74.97,62.01,Low
8,5.69,71.03,65.16,68.37,44.37,High
7,9.63,64.23,81.71,93.4,77.63,Moderate
4,7.88,83.87,87.12,99.73,75.02,Low
4,9.62,95.83,98.0,100.0,88.17,Low
8,10.0,90.02,91.54,100.0,83.66,Low
3,8.2,77.84,81.65,84.27,72.46,Low
6,5.89,92.42,71.87,76.67,63.14,Moderate
7,6.82,90.41,61.78,67.05,61.66,Moderate
1,6.96,100.0,76.44,82.02,64.88,Moderate
1,6.98,76.34,75.41,80.45,64.03,Moderate
2,7.87,92.0,78.47,90.34,74.77,Low
4,8.49,80.48,98.0,100.0,88.86,Low
2,8.86,90.51,94.48,100.0,82.5,Low
7,7.63,100.0,80.73,93.2,73.99,Low
1,7.35,99.5,70.68,86.29,63.14,Low
3,9.14,89.83,97.23,100.0,86.84,Low
2,7.75,71.91,75.89,83.32,69.85,Moderate
2,9.43,71.03,85.96,99.37,69.78,Low
3,8.35,85.84,77.18,88.11,75.75,Low
5,7.47,85.57,90.47,95.92,84.25,Low
7,7.46,80.52,80.34,85.63,72.43,Low
2,5.36,75.04,58.77,71.35,44.16,High
2,8.02,81.15,97.17,100.0,88.59,Low
2,7.97,89.5,73.97,82.48,65.48,Low
6,10.0,100.0,98.0,100.0,88.78,Low
6,7.25,100.0,83.05,84.76,70.64,Low
7,8.68,100.0,89.57,97.36,79.23,Low
2,7.65,86.48,74.15,83.67,60.05,Moderate
6,7.15,85.58,76.61,84.04,69.04,Moderate
8,7.9,85.14,82.68,92.47,72.2,Low
7,8.71,73.49,91.29,97.96,90.59,Low
5,8.74,76.88,89.65,98.19,84.02,Low
8,8.69,92.28,81.17,92.09,66.82,Low
8,9.06,79.93,90.88,99.62,83.4,Low
2,9.35,75.79,89.02,89.54,79.07,Low
7,8.99,95.53,98.0,100.0,84.39,Low
2,6.84,65.43,71.54,77.05,61.85,Moderate
5,7.67,81.89,77.7,90.4,69.52,Moderate
5,10.0,100.0,92.19,99.77,79.78,Low
8,7.11,88.78,65.78,70.51,53.51,Moderate
4,7.63,98.7,70.92,77.33,60.98,Low
1,4.96,55.97,65.2,72.35,57.88,High
6,10.0,91.42,98.0,100.0,82.56,Low
3,5.48,73.5,57.17,62.07,49.91,High
7,4.95,80.39,59.4,69.01,48.92,High
8,7.97,85.8,88.27,97.66,79.82,Low
8,8.0,96.66,79.46,84.79,67.53,Low
4,9.8,72.06,98.0,100.0,88.51,Low
2,7.23,83.87,71.2,73.27,69.28,Moderate
5,7.87,59.09,80.44,84.71,72.09,Moderate
2,10.0,80.7,98.0,100.0,89.45,Low
5,6.42,78.93,67.55,74.58,58.93,Moderate
5,5.57,59.79,56.58,57.83,49.61,High
2,9.73,77.56,87.12,98.75,76.62,Low
4,7.48,78.39,82.54,85.5,73.22,Moderate
4,6.8,78.18,61.65,73.1,50.33,High
4,7.66,66.32,76.3,80.54,64.18,Moderate
2,9.91,100.0,96.87,100.0,88.16,Low
7,8.05,80.24,75.02,77.93,61.4,Moderate
5,6.52,82.58,71.59,77.06,64.4,Moderate
7,7.49,94.53,91.02,98.56,87.12,Low
6,7.26,84.48,72.87,79.56,65.31,Moderate
2,7.22,64.35,79.01,82.0,63.28,Moderate
3,7.9,63.7,73.01,85.8,63.92,Moderate
8,8.25,76.86,86.99,91.18,71.09,Low
3,8.56,93.98,81.7,84.23,69.39,Low
2,6.93,59.85,46.54,49.61,40.93,High
2,6.15,59.75,59.85,69.38,52.86,High
1,6.56,83.8,68.41,74.54,57.34,Moderate
4,6.04,65.23,67.96,80.26,64.14,High
6,7.27,70.83,76.41,83.38,67.33,Moderate
7,6.64,71.56,77.26,83.47,66.36,High
6,7.18,82.65,68.02,76.21,65.48,Moderate
8,7.05,59.39,75.36,87.41,68.7,Moderate
8,7.97,96.88,75.08,79.91,55.38,Low
1,8.0,100.0,86.84,100.0,66.92,Low
1,6.28,79.33,73.07,76.05,66.7,Moderate
7,5.7,75.34,71.54,90.21,66.97,High
2,6.1,78.9,76.15,81.64,68.6,Moderate
8,7.37,72.96,72.74,82.14,62.97,Moderate
3,6.52,100.0,64.22,68.15,56.66,Moderate
8,7.56,81.51,74.38,84.85,63.88,Moderate
6,4.16,91.06,41.12,44.37,33.22,High
8,8.12,100.0,76.42,79.71,64.79,Moderate
3,8.6,100.0,95.26,100.0,85.28,Low
5,6.17,69.55,61.5,62.8,59.35,High
3,5.77,71.81,59.73,69.3,44.02,High
6,8.03,88.63,82.39,83.34,72.2,Low
5,7.36,78.92,75.76,79.5,64.75,Moderate
6,7.09,69.27,73.27,84.38,60.92,Moderate
7,8.62,73.5,84.81,94.19,75.13,Low
1,6.65,75.07,75.92,94.41,73.39,Moderate
7,7.18,91.14,86.37,90.29,77.77,Low
1,8.39,62.85,75.58,81.22,65.44,Moderate
3,8.13,81.4,60.57,73.0,54.43,Moderate
2,6.05,79.22,76.22,88.68,67.9,Moderate
6,7.35,89.31,85.59,87.99,76.25,Low
3,7.65,78.68,74.15,85.44,68.97,Moderate
1,6.01,68.68,56.28,67.45,46.47,High
3,7.13,63.97,66.93,78.31,61.3,High
7,6.22,73.37,69.41,74.45,58.33,Moderate
2,9.78,87.61,96.66,100.0,92.28,Low
8,8.79,66.78,85.57,91.72,84.84,Moderate
3,9.27,82.42,98.0,100.0,84.22,Low
7,6.2,78.47,59.48,63.08,45.75,High
1,9.43,87.8,83.5,97.97,74.98,Low
3,7.16,90.41,94.74,100.0,93.19,Low
7,8.24,81.91,79.78,96.31,70.19,Moderate
7,9.09,100.0,94.33,100.0,80.92,Low
8,10.0,71.28,90.43,96.27,77.41,Low
7,6.52,99.19,74.29,80.97,68.16,Moderate
3,5.4,75.34,70.22,78.88,67.57,High
4,7.53,84.69,84.51,85.0,79.57,Low
8,9.82,100.0,94.99,100.0,88.07,Low
7,7.71,72.03,71.32,78.45,64.67,Moderate
5,6.91,92.9,75.57,81.07,66.0,Moderate
5,9.89,100.0,91.74,97.49,84.42,Low
3,7.79,76.68,84.94,94.16,79.69,Moderate
6,7.45,88.04,82.4,84.76,66.16,Moderate
8,6.4,77.96,88.51,99.84,76.02,Moderate
8,9.25,88.48,83.41,87.2,74.62,Low
2,6.24,55.27,61.76,66.47,51.48,High
2,6.83,79.71,56.47,71.73,45.25,High
8,5.82,91.64,65.5,78.56,53.02,High
7,10.0,100.0,97.22,100.0,78.09,Low
7,7.32,100.0,84.89,88.71,80.77,Low
1,9.45,100.0,98.0,100.0,95.0,Low
1,9.36,90.33,95.03,100.0,86.49,Low
7,7.13,87.68,86.21,94.4,72.48,Low
4,5.74,93.4,67.38,83.0,62.28,High
7,6.87,67.71,73.15,87.9,69.25,High
3,6.41,65.75,66.07,79.74,50.06,High
3,6.94,72.92,59.65,70.36,50.84,High
3,5.63,90.13,60.95,67.48,46.8,Moderate
3,7.15,72.3,58.03,66.03,52.77,Moderate
1,6.03,71.29,69.31,74.93,64.2,High
6,7.64,92.06,80.23,93.61,66.45,Low
7,9.13,74.2,87.43,97.15,77.47,Low
2,6.38,68.34,77.76,91.26,70.62,Moderate
7,6.14,91.76,82.22,95.81,77.3,Low
7,7.21,77.69,80.44,86.71,68.81,Moderate
7,8.36,89.34,85.61,92.25,73.56,Low
5,8.73,91.66,85.67,88.62,73.81,Low
3,9.84,92.47,91.57,100.0,86.3,Low
8,7.48,95.56,81.93,87.24,69.65,Low
3,6.67,75.08,70.49,79.25,59.68,Moderate
5,7.85,86.58,86.25,91.54,75.64,Moderate
4,9.22,69.99,86.82,100.0,80.14,Low
2,6.89,89.16,82.25,90.27,74.7,Moderate
7,6.8,77.5,71.65,82.16,68.14,Moderate
6,8.83,100.0,85.37,92.52,73.08,Low
1,6.83,61.34,76.23,79.64,73.29,High
6,9.16,97.41,98.0,100.0,95.0,Low
6,7.58,100.0,83.39,89.74,77.39,Low
6,6.51,85.87,69.53,82.16,58.74,Moderate
3,6.92,73.55,72.15,72.7,62.62,Moderate
2,7.7,75.21,70.49,78.5,59.4,Moderate
2,8.4,100.0,91.59,97.95,87.23,Low
3,8.75,85.49,84.7,92.08,77.27,Low
6,8.41,83.4,77.19,86.69,67.99,Low
4,7.47,65.78,71.28,80.8,64.2,Moderate
6,10.0,99.84,92.11,100.0,77.85,Low
4,7.88,56.8,65.1,73.85,55.88,Moderate
5,9.13,85.09,87.24,97.9,76.06,Low
2,9.2,89.59,80.57,80.67,75.66,Low
3,8.46,65.42,86.95,100.0,76.31,Moderate
6,5.62,68.39,62.11,68.7,54.71,High
3,5.83,87.13,68.77,69.72,52.49,Moderate
2,9.52,87.11,98.0,100.0,83.22,Low
2,7.66,83.28,64.53,73.14,60.5,Moderate
6,7.82,70.46,81.63,87.78,74.6,Moderate
1,7.13,83.87,66.05,74.39,59.99,Moderate
5,7.1,98.22,72.81,92.44,62.05,Moderate
2,8.49,85.59,81.44,82.22,74.92,Low
3,7.36,72.65,72.66,75.79,63.2,Moderate
2,8.21,70.03,80.44,91.9,68.78,Moderate
4,7.99,84.55,90.09,95.9,81.42,Low
7,5.89,83.49,72.66,78.68,65.87,Moderate
8,7.53,95.15,70.33,75.82,62.48,Moderate
6,8.9,85.31,98.0,100.0,90.33,Low
3,10.0,91.9,98.0,100.0,95.0,Low
3,9.1,95.81,92.36,96.28,81.5,Low
5,8.56,79.09,82.2,92.9,71.57,Low
7,6.85,85.98,68.78,80.11,63.81,Moderate
5,6.02,85.58,76.09,84.64,73.51,Moderate
4,8.41,95.81,87.48,94.65,83.8,Low
3,5.09,94.6,47.87,54.28,38.96,High
3,8.0,96.33,88.78,95.48,82.7,Low
2,7.71,74.9,67.08,81.42,66.51,Moderate
1,7.47,99.78,75.34,84.38,62.56,Moderate
2,8.28,76.98,80.24,82.07,73.81,Moderate
5,5.95,72.87,68.1,73.27,59.0,High
5,8.69,93.21,98.0,99.32,90.48,Low
5,9.85,100.0,94.96,98.72,78.56,Low
6,5.73,86.48,66.75,70.22,57.92,Moderate
6,7.56,100.0,75.42,81.37,68.41,Low
6,7.1,96.02,72.52,83.1,62.76,Low
7,9.02,92.26,93.93,98.38,89.12,Low
5,7.28,64.57,65.55,68.22,50.02,High
6,6.68,83.17,70.52,77.65,60.05,Moderate
7,5.58,81.31,71.59,74.8,59.63,High
6,7.36,92.06,72.64,84.83,67.46,Low
2,7.69,78.5,74.52,86.61,69.96,Moderate
1,8.97,81.47,94.66,100.0,85.47,Low
1,9.5,100.0,98.0,100.0,82.09,Low
6,7.45,75.42,58.13,65.33,47.63,High
4,8.22,60.52,75.38,79.02,61.84,Moderate
5,8.91,100.0,98.0,100.0,92.03,Low
2,7.82,100.0,89.39,97.5,82.47,Low
1,7.12,97.06,76.65,82.35,66.3,Moderate
2,7.53,81.39,56.75,60.47,48.8,Moderate
6,6.12,65.06,58.31,65.02,47.43,High
2,6.92,90.57,76.99,85.88,70.95,Moderate
2,6.8,76.41,72.9,79.0,60.33,Moderate
2,9.44,73.84,90.61,92.8,79.46,Low
5,7.5,73.99,73.54,78.37,71.01,Moderate
2,7.47,72.87,74.23,75.93,61.36,Moderate
5,7.67,73.29,69.73,80.25,55.89,Moderate
6,9.22,97.25,97.34,100.0,92.73,Low
8,8.81,80.2,66.23,68.16,51.51,Moderate
8,5.11,55.11,44.27,47.71,33.3,High
2,10.0,95.5,98.0,100.0,90.62,Low
6,9.64,100.0,98.0,100.0,91.93,Low
2,7.27,79.91,79.7,85.59,73.66,Moderate
5,7.82,85.29,77.38,84.3,69.75,Moderate
7,9.55,87.97,85.14,93.93,69.76,Low
6,7.89,77.6,83.7,92.41,63.07,Low
7,8.29,86.46,96.22,100.0,83.13,Low
8,7.72,60.29,63.32,70.23,48.36,High
8,6.34,90.52,68.36,78.51,55.39,Moderate
5,6.5,59.95,64.72,76.23,55.66,High
4,6.97,74.1,71.83,78.53,59.13,Moderate
4,6.94,62.18,64.04,80.16,55.54,High
1,8.95,94.73,92.01,97.05,79.88,Low
1,8.64,100.0,88.7,94.71,79.27,Low
1,5.41,50.0,48.57,56.09,43.73,High
3,7.57,60.74,60.9,71.32,57.05,High
1,7.07,82.98,64.41,80.31,56.87,Moderate
7,5.57,68.08,79.11,88.09,64.25,High
2,8.36,100.0,90.86,92.6,80.58,Low
3,6.25,70.72,63.25,81.47,44.89,High
6,8.42,85.23,80.95,86.92,74.66,Moderate
5,7.96,100.0,83.79,92.68,80.95,Low
7,7.12,82.51,61.13,70.23,48.09,Moderate
8,7.07,82.14,74.05,87.37,65.15,Moderate
8,7.52,95.64,78.92,88.58,78.08,Low
8,6.95,79.29,78.75,89.98,68.43,Moderate
2,9.66,98.36,98.0,100.0,91.59,Low
3,6.83,86.8,71.85,83.09,66.71,Moderate
2,9.0,97.85,86.6,87.31,73.96,Low
3,7.53,66.38,79.18,84.02,73.42,Moderate
3,9.63,77.01,84.72,96.04,76.12,Low
6,9.52,100.0,97.61,100.0,84.29,Low
8,7.87,91.4,88.0,96.55,80.0,Low
2,8.51,77.62,75.27,85.42,60.48,Moderate
2,6.94,96.96,76.08,92.32,74.26,Moderate
3,8.38,100.0,87.12,93.24,86.42,Low
2,9.03,95.86,79.45,88.15,73.71,Low
7,6.11,86.5,50.22,56.66,39.41,High
5,5.42,73.76,43.42,47.33,34.28,High
6,7.18,75.56,61.29,70.65,51.37,High
5,8.52,100.0,83.66,99.34,78.18,Low
8,9.97,100.0,90.75,99.34,80.98,Low
6,6.74,76.67,66.01,73.11,56.04,High
1,9.21,100.0,98.0,100.0,87.37,Low
8,7.24,68.44,65.08,77.98,58.18,High
4,8.38,97.07,73.15,83.89,66.33,Low
3,8.45,94.92,88.1,93.76,76.5,Low
8,7.76,91.04,93.24,100.0,79.57,Low
1,8.22,83.94,83.93,93.17,70.76,Low
5,5.64,57.48,52.16,56.17,39.53,High
8,7.95,74.84,74.87,75.71,68.25,Low
1,6.34,87.26,59.47,70.12,52.7,Moderate
6,8.08,71.28,67.55,68.87,59.76,Moderate
4,5.15,78.79,73.19,85.04,63.84,High
7,8.08,93.16,69.63,76.1,58.91,Moderate
5,7.59,73.11,65.13,75.22,53.33,Moderate
1,10.0,79.81,83.11,86.7,73.31,Low
1,7.72,70.94,82.9,88.15,70.12,Moderate
1,5.15,54.2,50.7,56.32,42.72,High
3,6.3,65.03,55.81,72.77,45.42,High
4,7.05,94.62,78.1,93.62,67.8,Moderate
3,8.65,81.33,89.41,100.0,82.15,Low
4,6.1,61.33,59.92,65.73,48.16,High
3,7.09,75.02,67.45,80.31,59.74,Moderate
7,8.91,89.0,89.16,95.71,77.8,Low
7,7.46,100.0,63.23,76.31,56.95,Moderate
7,9.16,64.76,72.29,82.38,61.05,Moderate
3,10.0,100.0,98.0,100.0,87.9,Low
6,4.85,52.93,46.94,53.96,40.09,High
6,7.65,65.55,81.12,90.85,74.37,Moderate
6,8.26,100.0,71.95,78.23,64.74,Low
1,8.58,70.11,90.85,97.66,81.19,Low
4,5.65,86.24,66.36,70.51,52.35,High
2,6.0,85.11,63.3,76.63,51.79,High
5,9.56,97.49,91.86,100.0,84.02,Low
5,7.11,86.41,68.04,71.95,56.85,Moderate
1,5.16,58.37,51.61,54.22,41.37,High
3,7.92,91.09,81.93,92.55,72.72,Low
8,6.64,85.12,74.83,82.91,64.65,Moderate
3,7.91,94.05,70.65,76.69,60.56,Low
6,8.76,91.37,91.44,100.0,88.07,Low
4,7.13,78.4,63.53,74.43,47.21,High
5,9.0,100.0,98.0,100.0,93.34,Low
3,7.52,100.0,84.68,95.06,81.65,Low
5,5.65,86.91,54.28,70.78,47.01,High
2,6.34,87.94,62.24,75.88,56.13,Moderate
1,7.97,64.13,74.14,80.73,64.19,Moderate
7,7.6,89.18,84.41,98.86,72.03,Low
1,6.24,81.04,65.64,74.81,64.78,High
5,7.85,93.15,79.53,86.7,71.28,Low
4,10.0,97.36,89.26,93.72,80.33,Low
2,6.14,83.47,80.48,89.46,68.9,Moderate
7,7.68,75.57,67.69,71.77,58.99,Moderate
4,7.69,78.0,71.26,79.59,63.96,Moderate
6,6.69,69.08,68.75,73.45,57.69,Moderate
3,6.84,85.71,75.97,79.25,75.15,Moderate
4,8.22,100.0,72.12,81.67,61.08,Low
2,9.25,70.37,76.36,85.81,66.46,Moderate
5,6.39,99.03,72.03,80.29,65.09,Low
6,8.43,72.0,76.74,77.45,75.47,Moderate
1,7.45,77.58,79.83,91.95,70.49,Moderate
6,9.23,86.79,88.02,96.12,83.15,Low
8,10.0,100.0,98.0,100.0,90.08,Low
2,6.59,72.86,65.52,76.9,60.31,High
5,10.0,83.23,98.0,100.0,85.9,Low
1,9.09,63.8,90.87,100.0,80.35,Low
7,7.97,97.07,81.6,88.68,71.46,Low
8,9.04,100.0,96.93,97.31,92.19,Low
6,7.5,81.65,76.14,78.33,65.36,Moderate
5,8.42,93.19,84.56,87.75,69.86,Low
7,10.0,85.46,95.96,100.0,77.73,Low
7,6.69,92.71,59.43,64.66,53.21,High
2,6.03,90.97,69.78,76.41,56.05,Moderate
8,8.82,90.41,81.97,88.91,73.48,Low
5,7.52,76.74,72.19,80.97,66.67,Moderate
1,8.4,85.41,85.8,98.0,68.29,Low
7,5.94,84.66,64.02,73.94,54.67,High
4,9.61,100.0,98.0,100.0,89.37,Low
4,7.44,100.0,68.23,79.59,55.56,Moderate
5,9.13,100.0,92.08,98.71,78.77,Low
1,7.76,87.66,77.88,84.98,67.44,Low
7,7.74,76.1,78.32,85.74,63.05,Moderate
8,8.1,98.94,81.47,88.68,66.06,Low
2,8.44,90.29,98.0,100.0,85.0,Low
4,6.65,100.0,73.37,76.57,69.87,Moderate
7,7.6,85.34,76.58,92.12,70.29,Moderate
3,7.9,68.87,76.77,81.36,70.18,Moderate
4,5.64,79.97,63.56,70.37,55.68,High
5,8.97,74.57,87.18,99.78,76.11,Moderate
3,8.43,87.85,67.02,72.79,53.4,Moderate
2,7.0,69.9,73.17,83.34,69.05,Moderate
2,8.44,85.33,79.47,91.09,64.4,Low
2,6.06,81.3,68.34,78.7,57.89,High
1,8.34,84.83,73.75,80.88,62.88,Low
5,9.24,92.06,83.93,95.17,75.37,Low
2,6.04,88.71,78.29,94.67,67.11,Moderate
1,8.35,94.5,85.32,90.73,77.41,Low
5,6.41,92.78,77.55,88.09,69.37,Moderate
4,5.86,68.47,60.69,66.6,53.01,High
7,7.71,83.61,69.62,77.09,61.59,Moderate
3,6.5,100.0,68.62,81.88,62.06,Moderate
2,8.67,93.68,84.36,93.2,72.13,Low
8,5.01,67.4,56.45,64.88,49.49,High
1,6.92,74.3,62.12,69.48,54.91,High
2,7.28,98.67,69.65,81.46,65.33,Moderate
1,8.0,81.76,87.19,89.86,78.43,Low
1,9.58,100.0,98.0,100.0,91.4,Low
4,5.39,85.15,38.56,55.33,25.0,High
1,7.23,84.88,82.43,91.34,70.56,Moderate
6,8.81,92.23,77.25,89.77,67.0,Low
4,8.9,74.89,75.84,84.83,67.49,Low
7,8.21,76.87,80.66,86.09,71.94,Moderate
1,7.32,70.29,80.18,96.99,72.49,Moderate
5,5.55,64.45,64.27,76.52,53.73,High
6,7.74,100.0,80.92,89.83,71.29,Low
4,9.02,69.94,80.7,86.99,75.28,Low
7,9.11,81.01,73.75,81.91,56.62,Low
5,8.98,93.92,86.66,93.79,76.6,Low
7,8.66,78.9,86.56,95.75,76.61,Low
1,8.68,87.2,86.7,97.01,74.05,Low
3,8.49,100.0,89.99,99.93,89.51,Low
6,7.87,88.44,83.18,92.55,76.91,Low
4,6.28,93.7,86.81,94.32,78.89,Moderate
7,8.18,99.91,88.6,89.72,79.59,Low
4,8.82,74.45,65.9,75.59,47.02,Moderate
4,7.86,86.11,77.5,84.48,67.09,Moderate
3,7.43,72.96,76.67,86.58,75.97,Moderate
6,8.18,69.66,79.18,91.75,73.51,Moderate
5,7.17,91.33,65.77,67.7,54.38,Moderate
5,7.18,95.03,82.25,85.33,75.91,Low
1,6.51,67.3,73.66,78.86,64.11,High
1,5.66,72.99,70.67,82.33,64.83,High
6,7.45,100.0,76.53,78.41,68.03,Low
4,7.44,76.85,67.23,72.0,51.24,Moderate
6,7.61,61.51,62.55,70.52,53.55,Moderate
2,8.02,100.0,95.74,100.0,91.12,Low
6,6.59,75.59,65.48,73.75,54.75,High
4,6.7,84.48,68.63,72.01,62.07,Moderate
6,7.75,71.85,60.36,72.22,53.64,Moderate
4,8.65,63.73,86.08,100.0,81.2,Low
7,7.06,71.24,71.75,73.33,69.82,Moderate
1,8.44,80.23,93.66,100.0,87.05,Low
4,9.32,86.35,84.58,99.38,74.11,Low
4,7.71,70.7,81.08,89.88,75.24,Moderate
2,6.57,71.46,66.86,80.04,57.49,High
7,5.66,67.13,59.87,63.61,52.44,High
3,7.43,64.99,78.6,85.28,59.43,Moderate
3,8.82,83.32,72.48,79.03,65.25,Low
4,7.17,94.97,85.38,97.48,73.86,Low
6,10.0,100.0,98.0,100.0,95.0,Low
2,9.0,83.32,86.7,98.58,75.96,Low
2,10.0,100.0,98.0,100.0,84.95,Low
7,8.1,73.74,59.9,70.67,54.6,Moderate
1,9.77,79.06,86.2,95.97,79.1,Low
2,8.46,90.91,92.15,100.0,85.79,Low
1,8.97,86.17,81.03,92.58,71.08,Low
6,10.0,86.39,95.88,100.0,83.54,Low
1,5.92,54.65,52.05,53.16,40.51,High
3,7.78,96.76,87.83,97.76,78.25,Low
2,6.85,61.88,66.83,73.02,59.13,Moderate
8,7.65,90.85,77.95,86.14,61.92,Low
1,6.46,91.96,78.45,86.06,65.15,Moderate
6,6.22,67.97,67.93,73.54,55.61,High
4,7.65,71.01,73.37,85.46,67.25,Moderate
1,5.01,54.62,48.85,66.62,40.36,High
6,7.87,70.31,74.89,81.77,65.05,Moderate
8,6.61,58.61,60.06,69.2,55.01,High
6,9.61,100.0,85.15,89.65,84.04,Low
4,8.35,85.6,80.54,88.93,73.18,Low
7,8.26,87.89,88.31,93.32,79.63,Low
6,6.2,87.27,64.84,76.7,59.31,Moderate
7,6.94,100.0,76.7,87.49,68.56,Moderate
3,6.7,100.0,64.52,73.08,57.93,Moderate
3,7.3,96.16,84.8,96.36,76.87,Low
2,6.38,95.89,51.73,61.51,40.86,High
4,7.07,78.88,80.15,86.7,72.69,Moderate
3,8.99,97.77,87.4,89.97,74.97,Low
2,9.0,100.0,94.9,100.0,91.96,Low
6,6.47,69.6,80.07,84.17,75.7,High
3,9.31,70.56,81.03,93.62,77.33,Low
4,7.18,93.24,83.06,87.71,71.02,Low
7,8.48,71.54,78.93,80.28,74.49,Moderate
6,8.24,82.24,79.87,91.15,70.88,Low
7,7.82,54.92,54.02,68.73,47.06,High
7,7.31,78.13,81.92,88.67,70.93,Moderate
2,5.64,50.0,59.97,65.32,51.43,High
1,7.24,84.94,64.62,77.71,62.07,Moderate
4,6.22,93.53,74.46,82.03,63.62,Moderate
1,8.25,67.17,74.88,86.22,60.29,Moderate
1,7.29,96.39,85.46,98.2,82.27,Low
3,7.94,87.86,85.52,99.26,75.87,Low
2,7.37,80.76,70.13,80.61,60.73,Moderate
2,7.96,58.41,72.48,75.29,58.54,Moderate
3,7.58,91.42,84.74,91.01,84.04,Low
7,8.52,91.37,77.34,85.74,62.86,Low
2,7.17,77.44,76.42,87.89,69.3,Moderate
5,7.8,56.8,65.81,73.5,57.97,High
7,7.21,76.55,63.93,69.48,55.6,Moderate
6,7.58,85.26,72.61,84.04,60.01,Moderate
2,6.76,88.23,78.42,82.65,74.99,Moderate
3,9.01,89.11,86.76,95.68,78.99,Low
5,7.98,96.26,86.18,91.29,82.15,Low
8,8.32,92.37,87.72,92.27,77.95,Low
1,8.85,76.13,98.0,100.0,90.61,Low
3,6.97,98.02,86.9,98.5,77.12,Low
7,4.77,52.43,40.74,50.68,36.23,High
8,8.56,95.31,79.61,85.03,65.64,Low
2,9.11,69.18,91.43,100.0,75.44,Moderate
7,8.08,70.26,68.17,80.67,56.04,Moderate
2,7.9,89.68,74.85,87.49,62.24,Moderate
1,6.72,94.68,75.04,88.56,64.47,Moderate
3,7.21,89.31,76.54,86.66,70.2,Low
3,8.95,100.0,90.49,92.83,80.78,Low
7,8.09,73.0,61.72,66.44,54.86,Moderate
6,7.4,61.99,69.74,80.43,64.42,High
8,7.11,71.5,75.22,85.92,67.5,Moderate
1,7.16,52.96,80.38,81.64,69.42,High
1,8.16,61.83,72.48,82.19,66.1,Moderate
8,7.15,99.69,74.56,79.84,64.64,Moderate
7,8.45,100.0,93.61,100.0,84.88,Low
4,9.11,93.11,81.21,88.03,78.1,Low
8,6.72,85.64,69.26,80.5,62.55,Moderate
4,7.95,79.42,77.04,82.81,69.23,Moderate
5,7.01,74.18,62.0,71.9,49.92,High
6,9.39,91.47,90.5,97.89,88.06,Low
6,6.9,74.01,68.16,76.93,55.93,Moderate
5,7.09,93.65,79.57,93.99,69.26,Low
2,7.07,50.0,74.71,87.38,71.02,High
4,7.54,93.67,82.65,91.78,68.63,Low
7,9.23,84.32,82.45,87.05,76.8,Low
1,9.61,89.48,88.46,92.82,84.07,Low
1,6.65,86.97,66.98,75.99,60.55,Moderate
8,7.4,73.01,69.6,83.38,59.97,Moderate
8,8.65,94.07,86.98,95.18,73.4,Low
8,6.27,59.83,59.33,64.49,51.26,High
2,7.85,95.57,66.01,69.39,56.32,Moderate
1,6.92,82.72,67.87,72.65,63.04,Moderate
6,8.53,100.0,90.86,97.15,75.77,Low
7,6.49,54.41,70.51,78.15,61.45,High
5,6.69,62.04,62.22,68.64,49.78,High
2,6.26,68.34,62.19,67.49,47.73,High
6,8.09,87.91,67.94,73.71,64.39,Moderate
7,10.0,81.46,98.0,100.0,84.99,Low
4,8.14,86.54,83.26,86.72,76.54,Low
5,9.22,94.64,98.0,100.0,86.85,Low
5,10.0,56.29,85.6,90.47,72.61,Low
4,7.55,81.66,84.71,90.18,70.59,Moderate
6,8.67,97.03,90.9,99.56,80.61,Low
5,7.39,73.15,65.33,76.36,55.23,Moderate
4,7.99,83.91,74.5,88.84,62.53,Moderate
6,7.91,97.18,85.16,100.0,72.37,Low
7,8.71,98.1,98.0,100.0,86.63,Low
2,8.75,78.17,92.77,98.71,86.41,Low
3,6.2,51.39,65.77,77.07,56.18,High
2,5.74,87.26,60.45,72.01,50.49,High
4,7.43,98.32,81.6,93.93,79.51,Low
5,9.41,73.21,95.01,99.72,82.34,Low
7,7.03,64.1,71.49,73.78,62.34,High
5,8.85,100.0,98.0,100.0,90.17,Low
3,6.34,98.04,68.72,75.32,60.46,Moderate
6,8.63,88.81,81.48,88.04,70.31,Low
4,6.89,94.49,66.2,73.15,56.83,Moderate
7,7.76,69.35,76.04,84.97,65.85,Moderate
6,9.29,100.0,84.82,91.13,76.88,Low
4,10.0,84.45,86.57,87.88,74.78,Low
4,6.88,74.81,58.55,65.03,45.93,High
1,7.64,74.32,76.78,81.33,72.13,Moderate
4,7.28,90.78,76.76,83.13,72.58,Low
8,6.97,56.36,54.31,70.68,51.67,High
8,8.43,100.0,83.39,94.16,75.08,Low
7,7.91,73.24,65.67,70.89,56.55,Moderate
4,7.41,85.87,64.38,74.93,53.03,Moderate
4,7.56,92.52,76.5,82.79,65.32,Low
6,9.11,87.31,95.94,100.0,83.02,Low
7,7.97,100.0,87.63,99.95,75.18,Low
3,7.98,87.13,75.61,85.26,69.63,Moderate
5,5.7,64.64,54.28,59.65,45.93,High
8,6.98,75.42,83.74,91.46,65.95,Moderate
6,5.65,54.15,53.07,60.28,51.14,High
5,8.9,76.8,85.33,89.63,76.3,Low
3,7.43,72.3,83.72,88.18,72.94,Moderate
3,7.37,100.0,75.17,81.1,69.09,Low
7,8.47,83.04,71.49,78.35,63.01,Low
3,7.69,81.13,76.3,84.21,66.61,Moderate
7,9.26,94.1,88.56,89.04,78.13,Low
2,8.37,98.42,85.75,92.41,77.3,Low
4,6.47,88.99,72.87,79.87,67.22,Moderate
4,8.56,82.79,96.82,100.0,84.51,Low
7,8.77,86.85,81.86,90.58,78.26,Low
6,8.38,100.0,86.31,93.8,73.7,Low
5,7.35,87.94,70.09,79.58,51.78,Moderate
1,5.63,62.55,45.03,50.79,41.74,High
2,4.76,61.85,38.7,40.89,29.2,High
1,8.91,96.77,79.34,81.75,68.54,Low
5,7.23,94.2,87.96,91.37,76.16,Low
8,6.61,70.11,79.1,83.77,72.83,Moderate
7,6.63,59.42,70.76,80.52,59.73,High
4,7.2,87.5,75.49,84.86,63.29,Moderate
1,8.23,100.0,85.28,95.75,80.25,Low
6,6.68,60.46,78.39,87.57,68.86,Moderate
4,10.0,70.55,81.51,91.83,79.13,Low
4,6.62,68.36,63.18,75.86,57.21,High
3,6.65,97.87,67.0,73.7,60.95,Moderate
7,7.0,100.0,85.51,89.79,73.96,Low
2,6.85,88.16,73.15,80.43,60.69,Moderate
2,8.05,86.59,77.17,79.29,71.3,Low
2,8.31,71.02,90.68,100.0,83.14,Low
5,8.28,73.85,77.65,87.57,68.99,Moderate
2,7.39,86.49,76.37,89.93,74.26,Moderate
8,7.09,79.84,72.9,80.34,69.97,Moderate
6,6.61,89.59,79.14,86.32,75.26,Moderate
2,9.64,100.0,87.36,95.57,80.78,Low
2,5.47,86.1,57.03,65.65,46.39,High
6,7.5,68.37,66.86,81.06,53.02,Moderate
5,6.84,100.0,88.82,98.81,83.28,Low
2,6.86,72.05,62.68,69.54,59.78,Moderate
8,6.66,77.92,78.88,84.22,75.87,Moderate
6,6.96,100.0,77.22,87.54,63.9,Low
1,8.91,85.59,91.87,92.14,79.8,Low
3,8.1,100.0,80.55,90.03,73.18,Low
8,9.33,93.31,93.94,99.81,87.73,Low
3,7.53,54.71,67.84,68.66,61.59,High
8,7.97,80.37,78.28,89.85,73.8,Low
6,6.62,100.0,83.57,96.0,76.07,Low
2,5.68,82.37,65.83,78.18,64.91,High
8,8.12,92.75,72.72,78.34,64.55,Moderate
7,5.82,75.16,74.37,79.67,66.62,Moderate
5,7.34,77.29,83.71,87.95,74.99,Low
6,7.95,92.79,85.31,95.76,72.41,Low
2,5.84,98.28,62.96,70.63,52.32,High
5,6.28,76.07,73.72,92.04,65.79,High
6,10.0,87.89,95.7,100.0,84.91,Low
6,7.56,60.45,79.82,95.5,66.53,Moderate
7,8.78,95.01,92.37,95.58,82.57,Low
2,7.11,98.25,88.58,95.91,78.41,Low
5,6.33,88.1,83.02,91.56,72.71,Moderate
1,7.91,99.16,82.87,89.43,73.35,Low
1,7.11,67.37,68.22,74.82,58.5,High
1,4.76,60.27,45.93,47.62,42.93,High
4,10.0,98.06,91.85,100.0,85.76,Low
1,6.06,91.66,64.33,75.02,53.86,Moderate
5,7.48,73.14,60.31,66.31,51.8,Moderate
3,6.44,86.91,68.95,70.87,61.55,Moderate
8,7.91,75.15,78.97,83.11,62.29,Moderate
1,10.0,92.83,84.85,99.94,79.17,Low
5,8.85,100.0,84.43,100.0,68.14,Low
5,8.19,84.24,85.09,91.09,72.89,Low
5,8.5,92.69,96.63,100.0,88.16,Low
4,7.92,83.98,65.59,73.66,56.33,Moderate
7,9.42,81.82,90.35,90.97,82.59,Low
1,6.46,82.44,65.87,68.87,64.95,Moderate
6,8.28,82.95,76.96,83.97,72.14,Low
2,6.72,67.58,91.64,100.0,82.73,Moderate
5,9.88,92.22,85.27,89.39,77.87,Low
3,7.31,61.54,63.97,75.4,63.07,High
5,10.0,88.18,91.25,100.0,80.13,Low
6,7.46,56.09,69.75,70.54,64.09,High
2,9.54,63.67,87.33,92.74,78.14,Low
8,9.67,98.16,90.94,96.57,78.06,Low
2,10.0,96.71,92.14,97.2,83.76,Low
8,6.76,100.0,77.43,90.78,71.24,Low
1,8.41,97.58,88.64,96.81,84.04,Low
3,7.24,80.43,78.1,80.7,68.92,Moderate
8,7.31,67.86,70.19,80.86,51.61,High
4,10.0,92.62,85.45,95.32,73.39,Low
7,8.61,61.89,74.19,83.24,68.11,Moderate
2,7.06,90.72,65.28,74.62,57.04,Moderate
4,7.33,59.46,69.69,70.48,55.37,Moderate
7,8.19,82.57,79.5,80.38,75.6,Moderate
3,6.29,79.42,59.37,60.52,53.96,Moderate
7,6.85,68.02,57.53,64.9,48.18,High
5,6.68,82.56,69.25,79.54,63.67,Moderate
8,9.69,85.62,98.0,100.0,88.74,Low
3,5.4,82.41,73.92,80.34,61.41,Moderate
7,6.68,97.86,82.56,89.4,66.73,Low
8,10.0,92.16,98.0,99.3,89.52,Low
7,7.76,62.18,75.08,80.49,64.94,Moderate
7,7.56,69.41,76.76,88.1,66.64,Moderate
1,6.75,70.59,60.2,65.54,50.71,High
4,7.46,87.33,68.3,77.16,53.59,Moderate
4,6.15,79.61,49.42,60.58,39.2,High
6,7.66,86.06,65.65,70.69,54.45,Moderate
6,8.04,70.77,71.74,78.6,65.24,Moderate
1,8.01,70.66,81.53,90.26,65.88,Moderate
4,9.1,98.92,94.69,100.0,77.63,Low
3,6.72,96.29,66.0,68.57,58.72,Moderate
5,7.88,90.37,87.85,89.25,79.01,Low
1,8.59,77.52,73.53,83.11,62.87,Low
2,10.0,81.14,84.61,95.44,74.61,Low
6,6.56,82.11,63.89,73.27,49.34,High
5,6.21,75.69,65.79,70.09,58.78,High
1,10.0,79.33,93.81,100.0,85.23,Low
2,10.0,92.72,86.16,98.75,82.97,Low
5,7.45,80.86,72.13,80.31,58.46,Moderate
2,8.52,66.93,85.92,88.61,80.3,Low
1,7.37,89.49,76.23,84.01,58.9,Moderate
7,5.89,61.49,50.1,58.85,44.35,High
5,8.67,95.31,70.09,83.86,58.47,Low
8,7.72,77.18,80.57,92.8,71.59,Moderate
3,7.49,79.59,76.74,83.14,62.92,Moderate
8,7.49,98.55,76.12,81.77,65.55,Low
3,10.0,73.24,87.17,95.84,86.17,Low
2,9.56,80.4,86.43,92.29,77.54,Low
4,8.42,90.02,82.29,89.67,74.95,Low
7,9.51,86.08,80.56,91.18,78.91,Low
8,9.12,100.0,98.0,100.0,90.58,Low
2,5.65,99.7,56.01,65.71,54.97,High
2,7.49,93.93,62.82,71.62,50.71,Moderate
3,7.59,65.75,83.54,92.31,72.29,Moderate
4,7.91,74.36,79.67,80.34,69.64,Moderate
4,7.12,93.19,80.91,83.16,72.29,Moderate
1,6.95,69.6,86.95,96.55,79.86,Moderate
1,8.33,77.04,81.73,95.69,72.61,Low
7,5.81,59.83,55.62,65.39,46.25,High
5,7.91,95.13,90.27,100.0,74.85,Low
2,6.74,93.4,60.48,64.46,45.8,High
2,7.54,84.22,74.77,80.07,68.95,Moderate
7,8.34,100.0,75.95,85.43,69.69,Low
4,6.63,75.12,78.7,94.51,68.27,Moderate
6,7.82,89.19,91.3,100.0,83.26,Low
7,7.38,78.46,60.44,62.27,45.99,High
5,9.18,92.81,83.45,84.04,74.91,Low
6,9.06,90.73,74.75,86.59,68.07,Low
7,5.8,96.01,66.86,75.18,53.54,Moderate
7,8.24,90.68,81.07,89.66,74.58,Low
7,6.14,62.35,60.97,69.43,44.31,High
1,6.2,60.77,68.52,79.34,63.09,High
8,8.69,100.0,86.26,97.42,74.66,Low
4,5.89,50.79,65.71,67.98,55.34,High
3,6.13,78.03,65.7,66.56,53.74,High
6,8.49,86.94,74.17,82.97,74.03,Low
5,6.8,80.64,69.61,71.41,64.86,Moderate
8,4.22,50.0,35.71,40.66,29.29,High
6,6.21,66.42,56.23,69.53,43.94,High
5,7.17,78.98,79.59,80.94,70.76,Moderate
5,8.4,89.26,82.95,88.58,74.3,Moderate
7,8.44,100.0,72.92,81.15,65.87,Low
4,8.81,74.44,78.38,85.6,70.32,Low
7,5.87,90.81,54.58,64.32,42.37,High
1,6.45,79.75,77.27,83.81,67.78,Moderate
5,6.96,93.1,65.36,73.36,57.51,Moderate
1,7.59,71.42,72.89,82.9,63.85,Moderate
4,7.85,100.0,82.36,94.36,71.04,Low
3,7.67,81.07,90.36,100.0,86.17,Low
4,9.41,100.0,98.0,100.0,93.78,Low
2,6.77,78.93,55.08,61.12,49.1,High
3,9.65,81.99,84.47,91.4,75.8,Low
3,10.0,80.66,98.0,100.0,93.06,Low
5,6.94,72.08,75.08,84.45,63.38,Moderate
2,6.72,66.61,65.65,73.97,54.6,High
6,6.4,88.57,51.44,61.43,37.66,High
2,9.39,77.56,95.45,100.0,92.43,Low
6,10.0,87.74,87.79,92.42,83.56,Low
3,8.25,56.62,87.6,90.51,80.89,Moderate
8,8.08,85.05,76.42,83.12,69.67,Moderate
7,9.19,73.76,92.51,98.59,84.73,Low
8,7.57,82.89,77.31,87.56,74.86,Low
1,7.12,77.03,72.73,82.9,65.17,Moderate
3,7.22,78.24,67.26,81.03,55.93,Moderate
6,8.75,100.0,86.91,98.65,81.94,Low
4,7.43,93.4,70.86,76.0,67.63,Low
5,5.34,60.34,53.72,71.7,45.34,High
4,9.05,92.53,80.44,95.73,73.98,Low
2,8.94,100.0,91.38,95.53,83.69,Low
2,5.12,67.36,66.52,72.25,60.39,High
5,8.59,93.11,80.25,87.71,75.21,Low
8,8.32,100.0,86.76,97.22,77.56,Low
7,6.24,59.18,58.05,63.51,52.7,High
1,7.18,86.47,90.22,96.4,72.28,Moderate
3,10.0,84.74,94.75,100.0,84.48,Low
4,8.2,88.34,84.11,91.68,75.69,Low
3,6.56,70.9,71.9,79.42,62.24,High
1,8.54,77.84,84.31,96.1,74.59,Low
1,8.96,100.0,91.09,100.0,74.94,Low
7,6.69,87.47,90.97,100.0,80.38,Moderate
3,8.65,92.67,79.97,89.11,66.58,Low
6,6.58,77.98,69.28,76.74,65.99,Moderate
3,7.99,77.05,73.39,87.42,69.87,Moderate
5,7.0,73.44,65.03,75.71,59.75,High
4,7.3,81.0,80.92,92.25,74.33,Moderate
3,8.96,83.47,89.66,100.0,81.02,Low
3,8.88,99.92,84.49,94.85,79.46,Low
6,9.12,100.0,90.63,100.0,86.0,Low
8,7.05,86.19,76.25,76.54,71.67,Moderate
3,7.39,87.27,77.76,89.88,68.91,Moderate
4,8.0,82.64,62.74,66.59,56.98,Moderate
4,8.55,89.21,82.59,87.77,81.79,Low
3,9.34,79.3,88.32,91.88,75.89,Low
4,6.97,64.02,68.63,75.26,59.85,High
3,8.83,78.08,79.79,88.95,69.42,Low
7,6.98,79.56,52.6,55.59,45.69,High
2,7.59,63.33,75.29,86.4,63.37,Moderate
1,6.95,74.4,67.39,76.17,58.42,Moderate
6,9.07,95.64,85.87,96.25,78.76,Low
8,8.38,82.55,81.8,90.42,78.87,Low
4,8.26,67.05,72.7,78.98,69.96,Moderate
6,8.12,52.44,79.04,93.8,73.71,Moderate
3,9.35,100.0,93.25,96.19,91.52,Low
5,8.36,97.22,71.7,82.45,62.78,Low
1,8.36,84.66,82.13,87.74,68.81,Moderate
1,9.62,87.33,79.02,82.79,73.47,Low
4,9.22,77.42,89.25,98.93,79.19,Low
1,7.43,92.15,87.76,100.0,81.05,Low
5,7.72,89.25,75.9,82.44,64.26,Low
8,9.35,89.92,93.31,99.15,78.21,Low
1,9.78,77.07,94.33,99.28,84.05,Low
3,6.71,88.23,78.84,87.1,72.97,Moderate
1,7.48,100.0,66.87,75.78,60.95,Moderate
6,7.14,68.3,74.04,84.87,66.06,Moderate
5,5.44,68.77,75.55,92.88,71.35,High
3,8.33,74.81,87.73,97.97,79.44,Low
3,6.67,90.62,76.16,82.51,60.33,Moderate
7,8.87,100.0,76.93,87.18,64.55,Low
3,7.96,100.0,93.22,94.76,88.44,Low
1,7.41,86.02,78.46,88.19,67.33,Moderate
3,6.88,100.0,63.75,66.17,51.32,Moderate
1,7.53,64.75,40.13,50.99,30.27,High
3,5.56,50.0,69.48,74.95,58.76,High
2,10.0,76.71,89.73,94.8,83.28,Low
2,6.0,53.51,51.97,64.31,34.63,High
6,7.02,68.16,73.28,78.82,62.27,Moderate
8,7.64,90.1,66.35,81.17,55.38,Moderate
3,7.55,61.07,71.05,78.32,59.47,Moderate
4,4.83,50.0,50.08,60.36,44.72,High
5,7.47,50.53,65.42,74.09,55.7,High
8,7.99,86.98,93.8,100.0,81.24,Low
4,7.18,88.0,88.08,100.0,70.85,Low
7,7.05,100.0,85.67,95.86,74.02,Low
2,8.86,80.32,88.21,97.44,79.49,Low
5,7.02,75.22,70.66,80.7,61.0,Moderate
7,8.04,88.65,94.51,100.0,88.11,Low
4,7.47,71.83,71.57,84.55,69.28,Moderate
8,8.11,92.13,78.25,85.94,75.96,Low
8,4.0,59.36,48.5,62.11,37.22,High
1,7.96,87.26,68.03,69.68,67.59,Moderate
1,5.62,99.25,63.41,70.95,56.06,High
1,7.64,72.97,69.69,81.44,58.62,Moderate
8,8.28,84.69,88.27,92.67,80.31,Low
2,8.57,76.7,83.45,95.18,75.81,Low
1,5.85,84.25,39.84,50.24,28.65,High
7,7.83,74.07,78.31,82.05,66.99,Moderate
8,6.85,84.38,74.79,83.7,68.19,Moderate
4,8.53,58.71,84.02,97.12,71.76,Moderate
2,5.95,71.74,85.55,98.74,78.22,Moderate
5,6.75,70.74,64.82,79.53,63.06,High
8,8.18,86.85,83.57,84.83,75.52,Low
5,5.66,80.62,60.59,64.95,46.51,High
6,7.59,81.65,70.3,73.14,59.0,Moderate
1,6.39,81.24,49.43,59.94,39.88,High
8,8.84,85.72,83.48,94.82,75.16,Low
7,7.06,67.02,70.96,77.21,67.25,High
8,5.88,51.74,53.54,56.98,38.27,High
7,8.16,68.38,71.37,78.77,62.03,Moderate
6,4.66,78.92,62.13,66.83,54.6,High
3,6.27,82.47,85.24,95.63,79.97,Moderate
8,9.98,100.0,86.32,96.5,76.9,Low
7,8.24,100.0,85.88,91.38,79.63,Low
6,7.59,76.32,68.12,76.06,62.9,Moderate
3,6.28,71.98,65.5,71.26,57.55,High
4,8.67,65.91,87.51,97.91,71.42,Moderate
5,7.75,77.62,78.02,78.03,71.6,Low
6,7.7,91.39,89.29,95.68,77.09,Low
1,8.01,91.33,75.33,83.47,66.3,Low
1,6.64,80.85,61.95,70.03,49.75,High
8,7.43,85.85,77.41,83.89,62.79,Moderate
1,5.07,57.97,44.85,53.81,33.42,High
5,6.12,86.56,58.66,63.53,43.32,High
1,8.25,72.38,78.89,84.05,68.57,Moderate
7,8.38,95.96,83.69,85.14,70.15,Low
2,9.74,95.42,91.12,94.94,88.14,Low
3,7.2,89.1,77.87,83.17,70.6,Moderate
3,7.41,77.65,71.51,86.88,65.53,Moderate
5,8.37,98.76,72.57,83.2,56.63,Low
4,10.0,100.0,98.0,100.0,82.04,Low
5,8.1,50.0,79.39,86.14,78.22,Moderate
2,8.96,100.0,76.9,84.6,70.71,Low
2,9.05,77.86,87.78,94.32,84.18,Low
4,8.22,94.14,84.14,90.13,66.7,Low
5,9.32,68.5,74.9,82.01,61.17,Moderate
1,7.99,71.28,65.96,74.69,55.81,Moderate
5,6.78,68.74,68.96,71.87,61.75,Moderate
3,9.44,96.06,98.0,100.0,95.0,Low
1,6.39,82.14,71.82,78.59,68.55,Moderate
7,5.21,90.2,65.38,71.65,54.74,High
2,7.22,77.4,70.85,74.63,62.92,Moderate
1,7.89,88.59,68.01,81.37,61.08,Moderate
4,6.58,73.64,69.04,75.59,64.29,Moderate
2,8.45,83.35,95.48,100.0,88.65,Low
1,8.01,74.85,76.43,79.67,69.39,Moderate
2,7.51,87.64,69.93,78.37,68.63,Moderate
1,7.22,61.98,76.14,90.43,71.82,Moderate
4,7.16,88.46,82.55,87.08,77.56,Low
4,7.2,82.11,67.34,71.93,65.14,Moderate
4,7.52,87.77,71.99,82.47,63.71,Low
2,7.4,77.37,75.14,85.35,64.37,Moderate
6,10.0,95.53,98.0,100.0,89.62,Low
3,9.51,99.79,98.0,100.0,84.33,Low
8,8.05,85.44,68.48,75.7,61.5,Low
6,6.39,74.49,53.41,64.69,43.36,High
8,7.49,88.89,78.43,85.43,69.28,Moderate
3,9.2,100.0,87.06,93.72,84.08,Low
6,9.49,100.0,98.0,100.0,89.44,Low
7,7.84,73.36,74.86,79.09,60.33,Moderate
6,5.64,100.0,69.29,80.14,58.29,Moderate
1,9.19,75.8,79.37,85.46,72.97,Low
7,7.94,83.53,70.9,82.06,69.54,Moderate
6,10.0,81.53,89.36,97.03,77.9,Low
5,8.43,74.54,68.88,73.82,56.78,Moderate
3,9.67,76.27,90.79,95.42,74.98,Low
4,6.76,69.09,62.1,69.03,58.1,High
7,6.72,66.06,66.88,69.12,58.71,High
5,6.02,78.69,59.88,65.99,53.57,High
1,7.83,80.29,71.78,87.67,66.91,Moderate
6,8.39,65.54,74.42,75.17,63.95,Moderate
2,7.97,88.99,76.98,82.55,69.87,Low
5,7.7,82.92,73.96,77.6,70.97,Moderate
2,8.98,94.85,94.7,100.0,88.65,Low
4,8.12,79.21,86.82,97.16,75.62,Low
8,7.37,78.55,77.03,81.12,72.13,Moderate
8,6.71,80.05,76.96,82.68,65.26,Moderate
5,9.65,60.72,80.65,94.16,70.58,Moderate
3,9.99,92.56,87.99,95.02,84.53,Low
5,7.31,86.73,64.99,73.47,63.77,Moderate
6,8.51,100.0,83.27,86.21,82.4,Low
4,7.19,89.75,73.17,75.63,57.79,Moderate
6,6.4,93.53,64.91,75.65,59.16,Moderate
2,5.19,80.93,60.96,72.84,53.25,High
6,7.0,91.82,67.81,83.01,54.26,Moderate
2,5.99,61.73,62.66,69.46,46.1,High
7,5.27,81.02,68.97,78.38,58.47,High
5,7.82,91.52,65.62,77.39,59.84,Moderate
6,7.28,57.34,61.53,70.51,51.56,High
3,7.93,85.83,77.18,92.06,68.15,Low
7,7.59,95.01,77.77,80.28,66.41,Low
4,7.56,66.99,61.83,78.27,50.86,High
3,7.06,96.07,72.26,74.52,65.54,Low
3,6.81,64.44,66.07,79.17,53.17,High
6,8.74,83.7,83.11,84.01,62.66,Low
2,8.68,100.0,85.78,94.69,81.92,Low
6,6.74,73.08,57.47,62.75,52.58,High
4,8.13,56.09,81.63,87.43,69.64,Moderate
1,5.12,69.04,47.84,58.94,41.65,High
5,8.23,91.1,86.64,93.85,79.78,Low
4,9.9,72.42,95.75,100.0,83.0,Low
4,8.18,70.48,78.2,90.09,76.04,Moderate
7,9.3,75.74,88.92,95.17,74.52,Low
1,8.87,82.87,97.01,100.0,87.88,Low
4,7.87,100.0,87.97,91.71,79.46,Low
3,7.38,79.35,89.9,100.0,78.64,Low
5,9.11,75.69,74.82,84.21,61.03,Low
5,7.3,64.02,82.0,92.97,74.13,Moderate
4,8.2,90.0,78.61,79.21,64.52,Low
2,8.14,85.59,81.43,90.41,76.99,Low
5,7.88,85.25,68.93,77.48,64.84,Moderate
2,6.55,84.08,73.61,83.83,70.9,Moderate
5,10.0,89.14,89.16,98.96,78.41,Low
3,6.44,75.13,49.47,59.12,39.8,High
8,8.87,81.76,94.2,99.26,84.53,Low
2,7.0,56.79,56.68,61.72,49.48,High
6,6.85,80.93,61.85,72.29,49.05,High
4,6.46,80.69,59.33,66.16,48.49,High
6,8.96,85.81,90.28,93.2,89.14,Low
2,7.87,86.39,69.57,71.03,63.0,Moderate
6,5.26,77.81,48.36,51.91,36.16,High
5,9.54,100.0,90.5,98.05,84.76,Low
6,6.23,88.52,70.03,81.41,58.76,Moderate
6,5.19,79.85,69.03,74.26,63.01,Moderate
7,6.1,78.28,66.14,74.68,47.26,High
1,9.76,86.2,98.0,100.0,88.25,Low
2,7.99,78.72,83.5,91.1,71.49,Low
6,6.48,66.12,78.06,86.59,64.68,Moderate
2,5.77,79.55,57.15,62.07,54.5,High
1,5.85,73.15,71.65,85.77,62.74,High
1,6.75,95.89,68.93,75.96,62.98,Moderate
4,8.94,61.99,89.39,100.0,83.53,Low
5,8.04,94.92,91.4,98.45,80.06,Low
5,8.99,75.06,76.26,84.08,69.53,Low
6,6.62,97.81,82.16,90.04,76.22,Low
2,10.0,100.0,97.27,100.0,88.05,Low
1,8.27,67.99,86.67,99.97,80.16,Low
5,7.27,83.79,86.93,87.84,77.41,Low
8,8.63,67.13,87.56,100.0,76.92,Moderate
8,9.92,70.79,95.49,100.0,85.88,Low
1,7.98,74.27,80.68,91.92,66.24,Moderate
2,5.01,76.85,60.62,71.07,53.14,High
6,7.98,86.12,78.0,87.95,69.88,Low
4,7.52,80.22,72.5,76.01,67.46,Moderate
5,7.84,93.4,67.22,78.46,55.88,Moderate
3,7.18,86.59,80.79,86.38,62.95,Moderate
8,6.92,87.0,73.9,80.74,65.64,Moderate
7,8.16,68.48,76.85,87.01,66.17,Moderate
2,7.85,91.7,85.13,100.0,77.66,Low
2,6.0,59.38,61.76,69.73,55.64,High
2,7.06,80.38,72.62,81.74,64.03,Moderate
8,7.47,87.25,68.36,77.69,62.82,Moderate
2,10.0,70.24,98.0,100.0,84.02,Low
1,5.69,85.44,57.07,63.33,42.09,High
3,7.53,96.32,69.64,73.48,61.67,Moderate
3,8.36,100.0,79.66,81.05,68.21,Low
1,7.18,86.36,68.17,73.37,56.35,Moderate
3,8.81,81.63,97.99,100.0,89.46,Low
6,7.7,86.64,75.9,82.93,67.4,Moderate
2,7.6,87.06,80.4,86.02,76.87,Moderate
6,5.92,75.79,75.63,84.53,61.51,Moderate
2,6.99,93.87,73.35,80.97,68.25,Moderate
7,9.37,100.0,80.19,83.66,74.02,Low
5,7.86,91.14,81.73,83.24,74.66,Low
8,5.96,77.67,73.65,76.26,64.33,High
7,9.23,87.56,96.1,100.0,87.77,Low
1,6.85,60.36,80.88,90.99,72.06,Moderate
3,6.81,90.18,67.18,72.79,57.96,Moderate
3,5.49,77.41,77.2,87.92,68.59,Moderate
8,7.14,70.08,63.13,73.92,51.54,High
4,6.5,69.72,75.19,86.77,70.89,High
4,6.18,78.86,59.3,69.82,46.23,High
1,8.39,88.18,78.71,84.62,69.26,Low
8,8.35,78.58,83.34,92.71,77.21,Low
5,8.17,84.57,83.29,88.45,75.84,Low
4,7.62,71.92,75.71,79.33,59.42,Moderate
8,5.88,80.79,53.4,67.77,44.41,High
4,7.77,91.56,76.88,82.51,67.9,Low
8,8.69,92.84,89.99,98.18,85.61,Low
1,7.95,71.15,78.85,89.17,71.29,Moderate
2,10.0,72.04,98.0,99.89,90.94,Low
4,9.95,96.27,98.0,100.0,85.46,Low
6,9.05,61.07,74.22,79.73,63.89,Moderate
6,7.26,75.74,73.19,85.82,65.84,Moderate
7,7.39,81.01,86.1,92.95,78.89,Low
8,6.83,96.55,65.6,68.38,63.42,Moderate
2,9.51,81.59,94.65,100.0,81.1,Low
5,8.21,94.43,80.93,89.09,71.28,Low
3,7.62,83.06,76.46,80.91,62.88,Moderate
2,7.21,76.88,74.67,84.47,68.57,Moderate
8,8.05,100.0,79.64,92.7,70.26,Low
2,7.43,83.87,73.15,83.44,65.29,Moderate
8,10.0,100.0,89.86,98.88,79.62,Low
3,8.22,72.69,69.19,77.4,55.19,Moderate
2,8.65,69.71,84.06,96.78,74.55,Low
7,6.15,70.26,67.71,76.03,57.96,Moderate
4,7.37,93.18,75.1,83.94,68.89,Low
4,6.75,100.0,63.52,64.15,56.93,Moderate
1,6.36,86.4,65.35,74.86,56.55,High
5,6.24,81.69,76.61,89.52,69.3,Moderate
1,5.55,83.45,59.88,61.15,48.36,High
1,6.71,88.81,74.18,84.78,66.05,Moderate
3,5.99,78.01,83.5,95.1,67.77,Moderate
2,8.64,100.0,91.75,99.94,82.39,Low
3,7.92,88.92,72.19,77.69,59.78,Moderate
2,6.66,82.57,74.35,81.07,61.22,Moderate
5,7.29,75.19,57.61,69.49,51.51,High
5,8.36,75.24,83.24,93.35,72.75,Moderate
8,6.46,82.78,84.8,93.13,79.18,Moderate
5,7.43,69.81,69.98,70.73,65.51,Moderate
1,10.0,76.18,88.2,97.51,78.23,Low
5,6.63,87.96,90.93,94.32,84.73,Low
7,8.21,68.67,69.16,78.25,65.47,Moderate
8,8.67,100.0,83.59,88.31,71.1,Low
4,8.28,100.0,90.01,96.56,84.37,Low
3,9.07,86.91,92.62,100.0,90.97,Low
8,6.84,90.59,82.13,90.61,76.03,Moderate
3,9.51,100.0,98.0,100.0,88.23,Low
7,7.15,67.04,60.21,60.73,46.3,High
4,6.89,71.21,62.51,66.87,62.11,High
5,7.98,100.0,90.13,100.0,79.82,Low
3,7.47,75.46,88.72,97.71,73.32,Moderate
3,7.68,77.64,79.44,87.74,74.85,Moderate
5,6.41,73.57,72.48,80.0,63.94,Moderate
4,7.54,75.82,67.65,69.99,59.0,Moderate
8,7.17,65.15,61.2,68.58,57.54,High
4,7.74,68.82,86.4,100.0,74.34,Low
8,9.81,100.0,96.47,100.0,90.57,Low
8,6.77,77.86,70.72,76.09,64.48,Moderate
1,7.31,77.99,74.96,83.82,71.52,Moderate
1,7.87,84.38,87.3,96.79,82.7,Low
8,9.48,85.71,96.81,100.0,91.61,Low
4,6.15,66.3,58.68,69.51,58.13,High
4,6.34,81.08,78.41,82.07,65.78,Moderate
7,8.6,76.97,85.74,99.76,76.0,Low
6,7.88,93.31,82.9,89.16,77.94,Low
2,7.71,62.23,71.36,79.17,63.8,Moderate
8,7.69,94.41,83.86,85.81,69.44,Low
8,8.74,97.78,85.55,92.37,67.73,Low
2,8.41,100.0,98.0,100.0,80.13,Low
5,8.39,100.0,91.77,97.48,82.24,Low
1,5.86,88.07,67.87,78.73,58.55,High
6,9.39,100.0,98.0,100.0,85.32,Low
3,10.0,100.0,96.82,100.0,88.28,Low
7,7.47,67.25,83.45,89.92,74.52,Moderate
6,8.01,91.05,91.63,100.0,82.12,Low
2,8.93,88.28,95.78,97.3,88.12,Low
5,4.67,63.27,56.24,67.24,37.22,High
4,9.06,79.9,87.62,95.52,84.14,Low
5,8.73,90.03,78.2,84.45,69.52,Low
3,7.68,91.42,77.81,92.33,72.01,Low
8,6.81,100.0,73.12,82.21,66.15,Low
2,6.67,79.48,76.86,90.73,66.63,Moderate
5,7.66,63.44,60.95,76.9,55.45,Moderate
4,8.53,75.22,79.54,89.04,73.02,Low
6,6.16,59.32,70.32,82.28,63.44,High
8,8.54,59.38,67.18,78.96,59.87,Moderate
1,6.3,85.62,68.59,80.43,67.15,High
5,4.97,86.2,62.55,63.17,54.72,High
1,6.99,72.42,78.31,84.1,70.82,Moderate
2,6.31,95.66,73.09,80.78,58.55,Moderate
2,8.02,88.44,74.31,87.25,62.6,Moderate
7,7.22,75.45,75.38,76.76,60.84,Moderate
7,9.97,100.0,98.0,100.0,89.88,Low
5,6.3,72.45,72.3,78.13,61.01,Moderate
5,6.61,70.45,71.39,77.97,60.84,High
5,8.47,100.0,89.78,94.58,83.59,Low
2,9.81,100.0,83.38,91.14,81.43,Low
2,7.36,84.81,78.71,89.45,61.66,Moderate
6,7.98,92.67,85.07,89.92,72.43,Low
2,7.44,62.95,62.22,77.41,49.33,High
7,6.99,98.03,70.63,79.6,56.05,Moderate
1,7.4,72.89,70.72,79.27,56.19,Moderate
2,9.08,70.75,81.04,82.73,73.45,Low
8,6.98,100.0,73.5,85.53,63.78,Moderate
7,5.96,74.27,51.46,55.6,45.47,High
8,7.84,83.47,83.42,95.5,74.86,Low
2,9.11,97.4,94.0,99.94,81.78,Low
1,5.65,59.08,59.82,68.52,55.61,High
5,7.28,84.25,67.59,77.65,48.23,Moderate
3,6.82,78.19,73.87,79.16,63.02,Moderate
4,8.77,100.0,98.0,100.0,87.1,Low
7,7.65,90.84,87.12,89.31,80.89,Low
5,5.74,57.94,72.47,76.83,56.76,High
1,7.42,79.6,73.57,79.67,66.18,Moderate
7,9.88,73.25,96.02,100.0,88.23,Low
1,8.05,90.63,91.48,100.0,83.33,Low
7,7.9,90.01,71.79,77.23,59.77,Moderate
8,8.19,96.63,74.72,86.14,63.45,Low
6,7.13,92.65,79.84,87.18,69.84,Low
3,7.02,67.02,58.34,69.89,48.34,High
2,8.11,81.63,85.2,90.83,77.36,Low
2,9.23,95.01,91.62,96.6,84.26,Low
8,9.47,100.0,98.0,100.0,89.24,Low
5,8.2,81.04,72.27,74.94,67.86,Moderate
2,8.36,64.13,72.83,76.73,58.76,Moderate
3,8.8,81.23,70.5,79.51,62.82,Moderate
3,5.92,72.14,73.84,81.36,67.44,High
1,5.98,82.91,75.88,83.58,69.15,Moderate
7,7.02,74.57,62.75,74.91,54.59,High
2,8.71,73.43,77.58,81.2,73.24,Moderate
2,6.5,63.99,64.49,73.49,58.28,High
6,5.83,84.61,56.25,61.64,46.88,High
8,8.36,92.36,84.96,95.22,74.72,Low
2,8.15,99.59,79.81,87.93,71.15,Low
4,8.49,70.9,78.42,87.72,68.21,Moderate
3,9.57,99.67,98.0,100.0,90.84,Low
7,7.54,90.48,81.9,82.47,71.44,Moderate
2,6.05,83.64,57.11,64.87,48.88,High
5,7.3,73.71,54.63,63.12,44.04,High
6,6.82,89.2,77.68,88.06,71.34,Moderate
1,9.51,89.39,95.94,100.0,93.47,Low
1,7.91,97.06,84.45,99.93,77.52,Low
3,9.73,100.0,98.0,100.0,95.0,Low
1,10.0,87.72,95.41,100.0,94.45,Low
2,7.36,86.1,67.05,78.4,58.09,Moderate
6,6.62,74.97,64.34,69.03,56.06,Moderate
3,7.35,98.14,72.2,84.59,54.55,Moderate
4,7.71,75.86,72.79,85.81,64.23,Moderate
1,7.66,87.76,66.13,77.22,45.61,Moderate
8,7.41,72.86,80.35,86.05,70.48,Moderate
8,6.45,74.27,65.93,78.73,58.77,High
8,6.2,65.31,55.77,64.54,43.13,High
5,6.72,53.13,69.21,78.62,61.12,High
4,6.12,78.53,68.32,72.18,61.5,Moderate
1,5.03,52.35,40.34,47.61,29.74,High
4,7.52,79.5,76.73,85.91,71.24,Moderate
7,7.79,78.94,67.97,74.56,58.98,Moderate
7,7.54,85.29,75.25,84.02,72.44,Low
6,6.45,99.12,75.19,85.65,66.92,Moderate
4,7.48,83.69,69.72,74.4,66.25,Moderate
5,6.71,69.97,77.74,85.68,74.68,Moderate
5,7.8,75.86,82.95,90.1,74.9,Low
8,6.14,64.93,63.14,76.98,57.39,High
6,8.64,88.48,76.42,88.31,58.69,Low
2,8.45,81.86,91.75,96.34,84.62,Low
6,7.07,74.09,84.79,90.99,80.51,Moderate
7,5.09,85.09,57.31,62.19,50.28,High
1,7.68,91.74,80.03,91.71,78.13,Low
1,9.3,66.9,82.83,86.39,77.83,Low
7,8.72,92.63,86.88,92.38,78.48,Low
3,8.47,100.0,82.34,95.42,66.79,Low
8,8.02,100.0,72.77,78.54,63.72,Low
5,7.62,76.94,76.79,85.31,69.67,Moderate
8,8.21,72.38,81.39,98.54,69.17,Moderate
3,7.21,89.75,75.08,79.24,70.86,Moderate
6,9.1,93.62,82.13,88.54,66.42,Low
3,6.18,61.34,69.12,81.68,59.59,High
5,7.18,98.11,70.81,76.68,60.07,Moderate
1,9.3,80.88,80.89,86.71,75.67,Low
1,10.0,82.65,84.0,85.68,74.57,Low
8,6.45,71.39,62.02,78.77,53.72,High
7,9.08,100.0,78.05,87.2,65.78,Low
1,9.87,100.0,70.68,71.65,62.62,Low
8,5.3,78.91,65.59,74.2,59.7,High
4,8.88,80.46,97.24,100.0,87.29,Low
4,7.44,63.36,72.18,83.37,68.17,Moderate
6,6.71,88.22,68.39,76.42,59.11,Moderate
5,6.61,66.56,52.92,61.99,45.12,High
7,6.72,84.34,78.92,81.17,64.89,Moderate
5,8.66,64.6,78.79,87.22,71.97,Moderate
8,9.64,90.44,93.06,99.64,87.49,Low
8,8.09,56.19,72.27,78.78,61.07,Moderate
2,7.2,59.58,78.97,89.24,71.84,Moderate
3,8.68,77.14,81.82,90.59,73.32,Low
8,8.52,93.11,87.84,97.7,78.8,Low
4,5.4,59.63,50.46,60.52,46.03,High
5,9.69,95.65,94.68,100.0,84.43,Low
8,8.66,79.33,88.07,92.38,87.0,Low
8,6.22,90.22,53.83,57.69,44.76,High
6,7.1,78.25,61.71,63.64,53.41,Moderate
6,7.08,71.31,74.07,85.26,62.7,Moderate
1,8.79,100.0,82.37,90.92,74.2,Low
7,6.44,74.98,65.55,73.86,55.47,Moderate
4,6.48,78.04,53.99,64.17,41.32,High
3,7.64,68.19,64.97,75.47,57.72,Moderate
8,7.7,72.39,79.73,86.81,74.1,Moderate
3,6.07,86.44,77.17,83.21,60.61,Moderate
4,5.42,89.36,49.94,53.17,39.7,High
8,8.39,60.1,86.9,98.75,72.0,Moderate
3,6.51,72.12,61.46,70.8,46.83,High
4,10.0,51.66,91.65,93.35,78.44,Low
2,6.67,99.24,81.47,89.87,74.79,Moderate
3,8.49,80.61,74.81,81.0,67.86,Low
3,9.14,77.14,88.31,94.55,82.89,Low
6,8.37,77.77,80.33,98.72,68.15,Low
8,5.37,64.57,65.75,66.3,51.99,High
1,7.36,87.93,66.22,75.36,55.04,Moderate
1,9.92,59.41,86.9,95.46,75.47,Low
3,7.64,79.81,62.6,74.11,51.63,Moderate
2,7.91,62.94,74.38,78.05,68.92,Moderate
7,7.35,81.31,73.25,78.13,64.15,Moderate
7,4.0,64.34,35.0,53.25,26.4,High
1,6.64,74.93,74.33,81.15,57.39,Moderate
5,7.06,89.87,82.6,93.02,80.66,Low
3,10.0,100.0,94.98,100.0,84.22,Low
7,10.0,100.0,87.04,92.46,75.36,Low
7,10.0,100.0,88.76,99.04,75.46,Low
7,9.64,100.0,86.71,90.26,77.9,Low
7,7.73,71.89,80.64,88.23,72.61,Low
8,7.05,100.0,66.93,70.05,59.69,Moderate
2,7.98,83.95,70.49,83.66,53.58,Moderate
5,7.59,88.06,79.19,91.08,70.51,Moderate
2,6.92,74.97,86.72,95.66,73.82,Moderate
2,5.76,58.81,48.91,52.35,37.87,High
6,7.98,68.32,72.58,81.54,64.64,Moderate
6,9.18,74.87,92.42,100.0,85.21,Low
1,9.0,100.0,91.46,94.51,76.68,Low
7,10.0,94.59,72.1,77.96,64.15,Low
1,7.4,85.54,81.12,89.66,66.6,Moderate
4,8.14,92.4,66.64,75.59,55.97,Moderate
4,9.33,82.2,93.52,100.0,77.59,Low
2,6.65,88.78,77.16,83.45,60.34,Moderate
2,7.93,87.34,60.61,71.78,57.37,Moderate
1,8.14,93.37,83.75,94.12,74.26,Low
4,7.22,81.12,56.52,65.47,47.63,Moderate
1,8.75,82.16,91.13,100.0,83.97,Low
8,7.03,91.08,64.01,71.03,51.42,Moderate
7,8.95,98.03,88.39,100.0,75.18,Low
4,6.04,63.27,59.23,67.96,46.17,High
7,7.61,62.36,71.01,74.29,59.56,Moderate
3,5.71,81.87,59.89,68.39,56.82,High
3,9.26,100.0,91.26,92.87,81.81,Low
5,7.76,74.47,77.07,89.49,73.09,Moderate
3,9.36,85.84,94.22,97.41,91.47,Low
5,6.67,92.95,68.21,74.01,52.42,Moderate
6,6.54,88.03,66.91,75.34,58.72,Moderate
7,8.86,77.42,86.84,99.1,74.63,Low
2,7.44,98.26,85.53,99.63,80.15,Low
3,8.04,87.34,81.9,86.23,74.02,Moderate
5,9.93,100.0,98.0,100.0,90.13,Low
8,7.48,80.39,72.65,88.13,68.62,Moderate
5,4.9,63.93,47.68,55.26,38.17,High
1,7.24,100.0,95.12,100.0,89.52,Low
2,8.51,86.87,68.63,78.72,58.11,Low
6,8.39,78.38,71.06,83.27,59.29,Moderate
4,6.96,82.63,73.95,85.88,58.84,Moderate
4,7.9,98.97,73.62,82.63,72.38,Low
4,6.76,71.67,46.28,53.11,40.56,High
3,8.55,80.09,84.82,98.39,83.32,Low
4,8.07,98.43,86.88,92.68,70.15,Low
3,9.62,100.0,92.57,99.29,76.73,Low
4,8.38,59.56,71.85,78.01,51.19,Moderate
1,6.77,74.61,76.22,89.79,63.36,High
5,8.69,92.08,91.58,98.78,77.39,Low
1,8.05,73.73,70.25,76.87,50.16,Moderate
2,6.75,77.36,85.36,98.58,79.51,Moderate
8,7.43,89.19,75.43,87.22,65.67,Moderate
3,9.2,86.2,96.32,100.0,83.81,Low
2,7.88,81.63,82.45,90.12,77.43,Moderate
2,6.33,83.5,62.21,68.82,51.47,Moderate
1,8.72,85.04,78.84,89.22,72.9,Low
3,9.2,93.7,93.11,100.0,86.58,Low
7,7.58,75.5,84.79,97.05,77.05,Moderate
3,7.64,100.0,80.46,94.63,62.83,Low
6,8.21,80.48,78.98,88.55,66.17,Moderate
7,7.52,62.16,55.44,60.53,44.18,High
4,8.45,91.81,73.55,79.78,62.72,Low
5,6.37,72.77,55.75,66.67,53.79,High
2,8.26,100.0,88.08,98.18,75.19,Low
5,6.75,100.0,61.19,73.98,46.58,Moderate
6,7.41,87.05,74.24,85.4,65.6,Moderate
8,7.9,66.87,81.84,91.65,67.15,Moderate
6,7.16,94.06,82.78,96.65,77.17,Moderate
6,6.67,89.16,85.72,98.13,73.55,Moderate
8,8.24,97.42,98.0,100.0,84.23,Low
8,8.27,91.1,74.5,80.99,63.16,Low
3,7.29,93.64,73.28,79.74,60.85,Moderate
2,6.71,86.46,85.6,90.76,77.82,Moderate
5,5.54,65.82,67.0,71.39,63.91,High
5,8.59,100.0,89.88,100.0,78.69,Low
5,8.88,75.25,84.33,88.54,73.24,Low
5,9.47,87.93,95.0,100.0,84.07,Low
1,5.75,74.22,75.15,77.88,60.36,High
7,8.98,95.97,87.49,97.65,82.31,Low
4,8.96,95.01,90.91,99.23,78.12,Low
8,9.9,100.0,96.23,100.0,93.35,Low
6,7.93,96.73,74.38,79.68,60.99,Low
6,5.46,76.14,43.78,49.78,33.33,High
7,6.87,96.63,77.9,84.32,71.85,Moderate
6,9.02,92.6,85.59,97.31,75.5,Low
4,8.73,84.59,88.19,96.29,75.06,Low
2,5.36,68.7,46.37,52.25,34.65,High
4,7.65,80.22,76.17,78.18,68.92,Moderate
7,7.46,75.95,72.41,87.51,62.37,Moderate
1,7.0,99.45,76.28,87.0,66.46,Low
1,8.12,100.0,80.99,91.03,70.28,Low
3,7.1,64.52,60.14,73.05,54.5,High
8,7.68,94.37,86.8,90.12,81.7,Low
7,8.49,66.43,72.59,79.11,60.08,Moderate
7,6.14,68.49,66.2,79.22,55.88,High
6,6.61,100.0,67.35,73.01,52.31,Low
1,7.69,84.67,79.88,85.98,79.71,Low
3,6.7,79.68,74.01,78.45,63.01,Moderate
5,7.66,95.9,72.36,80.04,66.08,Low
2,6.61,90.94,69.6,74.19,56.15,Moderate
8,8.23,61.11,81.16,91.11,72.56,Moderate
7,8.77,93.83,84.04,87.81,74.11,Low
2,8.18,65.82,75.7,81.43,63.53,Moderate
5,5.09,85.93,63.14,65.7,54.71,High
7,9.29,83.5,96.9,100.0,84.91,Low
5,7.92,85.24,84.51,100.0,74.73,Low
1,6.72,86.69,78.96,87.16,64.25,Moderate
4,7.0,87.73,73.87,82.08,64.06,Moderate
6,6.73,85.73,71.37,75.27,62.9,Moderate
1,5.95,63.45,65.99,72.99,51.75,High
7,6.17,50.0,65.01,76.79,49.97,High
7,5.04,77.34,45.05,48.54,35.18,High
4,7.94,79.95,91.42,99.85,82.18,Low
7,7.65,90.91,86.1,87.03,78.85,Low
3,7.21,88.16,73.3,83.81,67.47,Moderate
5,9.12,89.89,97.85,100.0,92.66,Low
1,8.92,81.03,84.72,94.09,74.55,Low
4,7.36,100.0,82.56,88.16,68.15,Low
4,7.5,71.09,83.77,87.43,69.95,Moderate
8,8.69,96.68,86.72,87.79,85.89,Low
2,6.34,85.47,71.98,84.15,63.62,Moderate
8,5.85,100.0,71.41,81.46,56.47,Moderate
5,7.45,90.35,77.61,80.2,66.66,Low
5,9.48,100.0,92.34,100.0,83.75,Low
3,9.8,100.0,98.0,100.0,91.36,Low
1,8.08,91.88,75.65,80.04,72.79,Low
4,6.21,67.52,53.78,65.04,41.95,High
1,9.06,100.0,92.13,98.53,87.11,Low
2,7.31,96.66,91.44,100.0,79.46,Low
2,7.05,88.73,76.2,83.63,72.28,Low
3,9.44,86.82,82.51,88.96,71.97,Low
8,6.88,86.28,58.17,63.64,54.18,Moderate
2,8.42,76.78,89.62,98.28,78.64,Low
2,5.77,73.68,48.21,53.69,37.09,High
7,5.34,68.08,62.08,76.26,54.86,High
8,9.3,66.41,97.13,100.0,89.53,Low
4,6.36,84.99,65.84,79.19,62.41,Moderate
8,8.36,72.95,84.26,94.42,75.53,Low
4,7.12,97.16,83.19,89.88,77.25,Low
6,8.92,94.89,98.0,100.0,89.14,Low
2,8.2,76.24,88.07,97.35,75.94,Low
1,6.08,55.57,49.89,61.07,45.13,High
8,6.76,56.9,60.09,70.3,46.21,High
8,10.0,97.0,92.65,100.0,78.08,Low
2,7.14,77.91,93.19,100.0,87.59,Low
8,8.6,79.7,93.15,99.59,85.41,Low
2,5.93,79.85,66.88,77.49,59.94,Moderate
8,7.93,74.6,83.07,84.37,72.85,Moderate
3,7.15,86.96,60.25,73.3,50.48,Moderate
3,7.79,83.27,74.4,86.01,67.91,Moderate
2,6.75,92.71,80.0,87.73,64.05,Moderate
5,8.39,100.0,76.34,86.02,70.01,Low
5,10.0,100.0,98.0,100.0,92.27,Low
8,8.29,85.59,79.6,88.55,67.56,Low
4,7.45,85.4,74.12,76.18,68.35,Moderate
6,5.57,78.08,58.2,60.81,47.55,High
3,5.98,76.06,62.38,70.57,51.85,High
7,6.06,55.65,48.26,49.24,40.3,High
3,8.65,69.62,69.74,75.3,62.43,Moderate
8,6.29,78.9,75.4,85.62,67.13,High
6,7.82,94.63,71.73,81.19,57.65,Moderate
5,7.71,69.98,75.8,89.9,59.12,Moderate
3,9.57,81.62,93.1,100.0,87.31,Low
7,5.58,73.91,56.09,67.03,42.94,High
7,8.59,100.0,98.0,100.0,88.28,Low
8,7.75,67.42,68.82,85.19,57.07,Moderate
5,7.1,59.64,60.99,65.93,58.13,High
7,6.8,94.27,63.13,68.21,55.37,Moderate
1,10.0,96.14,98.0,100.0,90.0,Low
6,5.7,63.49,51.77,62.31,42.02,High
8,10.0,68.58,92.33,100.0,84.52,Low
2,8.78,100.0,86.48,90.65,79.28,Low
5,7.33,79.86,90.62,100.0,80.23,Moderate
6,8.98,77.86,80.61,88.61,65.29,Low
4,7.82,50.0,65.31,71.07,55.42,High
8,8.86,100.0,93.72,100.0,79.87,Low
3,7.29,63.4,81.28,87.12,72.71,Moderate
4,8.34,88.51,69.22,81.75,63.4,Low
2,9.59,82.24,98.0,100.0,95.0,Low
1,8.85,51.39,78.23,91.76,69.89,Moderate
8,9.2,100.0,91.93,99.51,84.79,Low
5,8.0,75.62,75.81,87.35,71.09,Moderate
2,7.77,91.16,73.11,75.29,63.43,Low
1,7.16,68.17,81.7,88.69,74.33,Moderate
7,7.91,67.58,71.17,71.72,63.37,Moderate
6,6.18,86.05,59.99,71.38,49.61,High
1,8.27,79.44,75.2,78.5,74.87,Moderate
5,9.45,75.9,79.21,83.89,66.28,Low
2,8.14,93.83,75.67,85.7,65.93,Low
3,6.62,74.52,74.6,79.23,63.42,High
5,7.89,85.42,77.07,85.15,63.92,Moderate
2,5.82,68.73,56.28,65.51,46.07,High
3,8.34,87.59,77.66,83.74,70.11,Moderate
2,9.3,100.0,88.57,92.06,75.75,Low
7,6.12,78.95,60.42,64.83,48.92,High
7,7.42,84.61,80.5,88.96,70.2,Moderate
8,6.71,93.57,76.5,83.28,73.43,Moderate
1,7.19,93.84,75.27,82.91,64.56,Moderate
4,9.25,73.49,78.42,90.9,72.74,Low
5,7.74,92.97,81.79,86.43,69.53,Low
3,6.91,89.24,76.95,81.48,68.84,Moderate
6,8.68,83.02,96.06,100.0,88.89,Low
7,6.88,58.85,72.01,78.68,60.25,Moderate
3,7.29,72.03,69.67,76.27,59.74,High
4,9.86,80.83,94.24,99.59,83.05,Low
5,8.36,100.0,82.68,84.92,78.25,Low
5,7.19,73.63,73.99,78.55,67.09,Moderate
7,7.52,73.16,74.9,89.58,64.51,Moderate
6,7.54,82.67,86.8,99.1,78.0,Low
1,6.65,63.04,72.46,86.74,62.02,High
3,7.14,82.7,73.23,74.62,66.8,Moderate
2,5.7,73.21,66.7,71.28,52.13,High
5,8.32,72.3,77.85,82.37,66.02,Moderate
8,7.23,64.92,70.26,76.5,61.82,High
2,7.14,100.0,68.49,75.67,65.23,Moderate
5,8.1,64.39,58.37,60.68,53.3,High
3,7.83,89.64,81.72,86.7,73.7,Low
3,10.0,100.0,93.97,100.0,91.92,Low
5,7.62,83.59,81.77,92.47,67.05,Moderate
6,5.97,68.35,55.41,64.15,39.77,High
1,5.98,89.29,68.98,87.89,57.68,Moderate
2,7.42,100.0,98.0,100.0,93.25,Low
1,7.59,82.47,75.9,83.22,70.14,Moderate
6,8.68,91.75,86.98,94.07,78.82,Low
8,6.52,72.3,72.35,81.64,62.83,High
6,8.04,93.18,88.1,93.09,78.41,Low
1,4.37,76.95,39.31,51.42,31.96,High
3,8.65,83.97,80.74,83.47,76.66,Low
6,7.52,52.02,59.92,67.98,59.22,High
6,7.97,83.24,77.49,83.14,67.87,Low
5,10.0,93.84,97.57,100.0,89.01,Low
3,7.93,88.35,83.92,86.32,79.72,Low
3,4.81,80.66,62.07,69.0,60.62,High
6,6.28,88.65,62.54,74.57,52.86,High
3,7.8,80.5,88.32,92.58,76.76,Low
7,9.03,85.25,84.65,93.61,74.87,Low
4,7.5,98.17,82.39,84.49,81.14,Low
3,8.61,80.35,97.0,98.28,89.6,Low
1,6.86,73.28,78.34,90.82,65.48,Moderate
1,7.29,91.29,76.29,81.18,73.81,Low
7,10.0,84.38,88.51,92.34,86.1,Low
8,10.0,71.61,98.0,98.94,86.67,Low
8,7.34,65.55,61.84,73.48,58.66,High
3,5.39,89.81,49.23,54.71,38.77,High
4,8.2,80.62,67.73,73.28,63.1,Moderate
2,9.02,87.4,90.35,100.0,74.95,Low
6,10.0,100.0,97.43,100.0,90.84,Low
5,9.82,56.16,97.67,99.6,83.8,Low
2,8.34,93.95,87.92,100.0,79.09,Low
8,6.44,57.43,56.35,62.53,50.18,High
6,6.76,83.53,80.97,88.26,72.05,Moderate
2,6.47,81.53,69.42,76.07,60.73,Moderate
1,7.85,72.34,69.8,82.54,64.62,Moderate
7,8.65,85.57,85.4,97.01,83.53,Low
2,9.69,91.03,98.0,100.0,88.35,Low
2,5.97,86.21,56.07,68.89,47.46,High
2,7.63,83.4,80.28,97.74,73.21,Moderate
8,7.34,63.1,62.68,74.38,57.27,High
4,8.87,80.65,89.37,96.09,86.38,Low
1,5.56,74.22,62.98,64.1,51.68,High
2,7.41,92.6,90.85,98.81,79.33,Low
6,8.04,79.24,83.95,96.15,81.29,Moderate
1,7.07,76.88,72.03,81.39,60.21,Moderate
2,7.58,72.5,71.19,71.27,61.02,Moderate
2,6.49,82.97,79.66,86.03,71.22,Moderate
4,8.38,77.12,88.64,89.33,83.83,Moderate
7,8.59,100.0,98.0,100.0,94.15,Low
2,8.67,88.91,85.96,100.0,76.28,Low
8,8.92,82.98,87.19,94.76,83.39,Low
2,8.37,84.12,78.25,82.36,63.76,Low
3,7.44,100.0,75.89,88.64,60.8,Moderate
8,7.56,85.19,79.38,89.0,69.94,Moderate
5,8.01,85.75,75.93,82.21,65.15,Low
7,9.26,78.6,87.23,89.49,81.72,Low
4,8.85,73.81,85.89,94.16,82.94,Low
3,8.75,100.0,77.43,89.73,70.55,Low
1,7.59,87.93,76.38,87.08,61.69,Moderate
5,5.85,73.97,53.54,59.58,46.61,High
4,6.55,86.57,76.12,81.45,66.54,Low
4,7.56,67.69,75.39,89.21,71.74,Moderate
1,7.92,77.12,74.71,83.83,68.17,Moderate
2,7.24,57.21,76.54,89.16,71.59,Moderate
5,8.36,97.54,88.29,96.72,77.1,Low
7,8.79,88.51,98.0,100.0,90.74,Low
5,7.46,69.9,64.81,73.13,56.95,High
1,8.28,96.75,84.87,96.76,79.32,Low
1,8.2,76.54,77.28,80.18,72.52,Low
1,8.62,76.0,84.6,85.97,77.31,Low
7,6.17,100.0,54.87,69.39,41.97,High
3,6.47,74.63,60.58,71.75,52.12,High
6,7.38,100.0,77.16,86.1,66.26,Moderate
4,7.72,86.38,70.31,74.16,60.11,Moderate
7,7.93,87.46,82.4,91.82,68.42,Low
6,7.09,86.89,74.48,85.13,66.92,Moderate
7,7.01,79.04,68.25,72.88,63.2,Moderate
7,5.3,75.22,46.42,51.53,38.54,High
7,7.64,86.72,84.0,91.7,82.3,Low
1,7.16,72.35,66.08,81.4,55.65,Moderate
5,7.4,86.72,71.92,79.21,66.52,Moderate
4,7.06,83.39,63.51,69.57,52.16,Moderate
4,8.11,73.55,77.79,85.68,66.07,Moderate
7,6.97,88.3,80.69,82.51,72.37,Moderate
4,8.5,81.04,86.6,86.75,78.77,Low
4,8.23,65.29,86.0,98.2,83.0,Moderate
8,7.37,80.23,79.74,81.48,67.56,Moderate
4,7.09,70.32,66.12,71.69,54.16,High
5,6.73,84.81,78.92,84.79,66.31,Moderate
1,9.26,87.78,90.12,100.0,81.3,Low
2,8.69,100.0,87.58,88.07,74.51,Low
1,8.39,84.44,93.02,100.0,82.79,Low
4,8.13,58.84,68.66,80.43,54.4,Moderate
5,6.71,82.17,83.32,91.75,72.32,Moderate
7,7.7,87.13,85.03,97.61,82.59,Low
4,8.42,61.42,85.68,91.86,78.03,Moderate
2,9.09,90.65,91.93,97.52,78.52,Low
5,7.45,73.91,74.76,86.74,68.01,Moderate
4,7.57,88.41,77.72,89.99,76.42,Low
4,8.71,90.32,73.27,85.2,66.38,Low
2,7.8,77.44,74.94,78.13,66.55,Low
5,7.62,98.51,74.76,75.82,64.48,Low
1,8.13,100.0,80.41,91.95,77.67,Low
3,8.44,92.94,92.94,100.0,85.19,Low
5,7.64,64.95,69.03,69.8,62.2,High
1,5.39,79.26,55.63,57.62,51.45,High
8,8.28,68.27,72.48,74.67,64.89,Moderate
8,8.42,88.51,82.44,83.67,79.31,Low
8,8.68,100.0,90.52,100.0,80.35,Low
4,6.85,89.42,81.15,90.07,65.21,Moderate
4,7.48,85.21,88.07,94.19,80.99,Low
5,6.39,59.39,74.06,80.23,62.33,High
4,8.25,79.19,81.83,94.9,74.8,Low
4,7.47,91.58,79.76,87.28,73.06,Low
1,7.27,89.52,75.88,77.73,65.72,Moderate
5,6.89,100.0,68.97,84.22,57.08,Low
2,7.65,65.67,72.78,75.44,57.37,Moderate
5,6.2,91.22,64.77,69.97,55.81,Moderate
7,7.96,90.27,79.77,89.9,78.35,Low
5,7.22,90.5,79.24,95.8,72.33,Moderate
6,8.23,78.28,84.93,97.37,79.31,Low
3,8.28,82.42,72.25,74.74,72.15,Moderate
6,8.84,73.7,84.48,86.4,71.44,Low
3,7.45,94.79,79.23,85.33,73.76,Low
2,8.43,93.59,86.38,97.1,75.96,Low
2,8.18,88.04,66.42,79.45,58.0,Moderate
8,7.92,78.47,88.33,94.97,77.95,Moderate
4,8.32,67.83,74.85,86.27,61.26,Low
3,6.7,71.12,69.41,71.73,64.1,High
2,5.55,73.44,56.45,65.9,45.88,High
1,5.34,79.38,54.4,71.17,45.44,High
2,7.77,92.83,90.04,97.6,83.42,Low
6,7.17,84.09,69.44,80.51,60.63,Moderate
3,7.54,94.89,86.21,97.47,74.91,Low
5,5.33,74.5,48.32,51.39,36.77,High
8,7.71,75.41,58.71,74.96,57.71,Moderate
8,7.97,73.32,82.91,86.95,75.3,Moderate
3,7.25,79.85,84.01,87.6,78.1,Low
8,7.95,93.65,81.73,83.04,68.78,Moderate
8,6.38,73.46,60.55,64.3,48.96,High
5,9.01,71.19,79.57,85.41,66.17,Low
5,8.03,84.06,83.47,90.41,72.23,Low
6,7.43,90.98,89.04,98.91,84.91,Low
6,8.28,91.57,95.12,100.0,82.62,Low
1,4.42,68.83,41.17,50.13,36.87,High
5,8.17,92.18,84.65,97.21,73.91,Low
6,7.09,72.69,75.02,91.31,56.24,Moderate
5,7.46,84.47,63.0,74.2,57.31,Moderate
6,8.04,76.29,84.99,94.2,74.42,Moderate
4,8.72,69.75,92.32,97.81,85.55,Low
5,8.43,83.62,88.93,95.27,82.28,Low
8,8.24,97.24,85.83,93.32,75.65,Low
5,8.33,100.0,88.85,96.96,79.86,Low
5,6.85,89.55,67.88,72.94,53.77,Moderate
8,9.88,84.44,86.86,96.23,78.01,Low
8,7.83,73.59,76.29,79.29,72.7,Moderate
6,7.94,92.88,83.99,84.96,74.32,Low
8,7.3,72.71,78.39,80.55,66.78,Moderate
1,8.58,74.04,84.38,91.11,81.23,Low
2,7.28,76.76,74.12,78.09,65.37,Moderate
2,8.43,78.93,89.0,100.0,79.4,Low
2,9.28,100.0,84.24,93.54,76.38,Low
7,7.56,90.42,78.63,86.74,71.03,Low
4,6.67,76.82,87.52,96.58,72.26,Moderate
1,8.39,73.3,74.3,77.48,68.43,Moderate
5,8.47,66.14,71.57,83.27,63.01,Moderate
6,6.69,100.0,76.34,83.91,72.66,Low
5,6.37,61.51,59.4,68.55,52.77,High
6,9.7,90.78,97.9,100.0,85.1,Low
6,9.77,100.0,95.14,97.0,89.77,Low
3,6.72,74.6,59.77,69.33,47.21,High
3,10.0,100.0,98.0,100.0,87.89,Low
6,8.85,81.94,98.0,100.0,88.13,Low
3,9.57,71.34,78.22,82.76,58.55,Moderate
3,8.24,52.52,87.37,99.6,77.4,Moderate
8,7.68,100.0,88.58,100.0,82.06,Low
6,8.02,85.19,72.07,87.4,62.88,Moderate
3,8.31,100.0,87.03,90.92,76.06,Low
3,6.92,82.01,66.15,72.57,55.78,Moderate
1,7.18,92.01,72.91,78.56,67.3,Moderate
2,8.9,82.81,83.3,89.5,75.43,Low
6,6.89,82.98,68.87,79.03,64.13,Moderate
7,8.94,76.87,81.24,91.39,69.21,Low
1,7.3,94.65,70.33,82.09,63.87,Moderate
1,7.86,66.38,60.49,73.39,47.04,High
3,8.59,91.25,85.62,94.86,73.62,Low
8,7.42,68.44,73.95,80.92,59.68,Moderate
5,8.37,86.55,77.85,87.15,69.61,Low
8,6.41,84.14,58.21,70.25,43.44,High
3,6.91,80.06,67.81,69.38,65.02,Moderate
2,6.04,62.72,76.27,81.55,66.27,High
3,8.6,100.0,81.86,90.1,76.56,Low
5,7.18,81.85,70.72,77.39,63.52,Moderate
2,7.59,94.71,71.85,77.15,62.48,Moderate
4,6.1,79.53,68.49,68.52,59.97,High
6,6.49,72.19,66.22,68.83,58.13,High
3,8.66,100.0,88.71,96.82,84.88,Low
8,5.89,73.38,51.41,60.89,37.15,High
8,9.69,67.8,92.33,93.13,87.07,Low
1,6.54,90.03,75.17,79.8,58.36,Moderate
8,7.49,90.57,66.47,69.55,62.28,Low
2,6.82,70.29,48.33,58.71,40.94,High
4,7.49,84.23,80.16,87.75,74.65,Low
8,8.3,100.0,74.15,77.54,66.46,Low
2,6.76,61.22,75.14,87.77,58.14,High
7,7.81,100.0,74.52,86.38,68.15,Low
5,8.62,75.36,72.21,78.8,61.08,Moderate
5,7.78,82.65,77.67,88.87,65.39,Moderate
1,6.62,72.93,59.45,67.44,44.98,High
7,6.27,81.09,70.36,73.32,58.04,High
2,8.36,80.85,79.72,92.58,70.32,Moderate
7,8.71,94.15,81.73,84.13,78.68,Low
1,7.75,87.51,68.9,82.46,59.41,Moderate
8,8.3,100.0,87.87,96.01,77.32,Low
3,8.87,90.57,84.29,87.03,79.39,Low
1,9.25,100.0,93.57,98.44,91.04,Low
6,7.84,86.3,88.37,97.38,75.53,Low
2,6.45,64.89,58.85,59.83,56.54,High
6,7.45,100.0,78.09,86.44,71.14,Moderate
5,10.0,88.2,98.0,100.0,83.93,Low
3,7.89,86.16,75.88,80.47,66.94,Moderate
2,8.64,87.62,86.39,91.18,78.86,Low
3,8.65,92.48,90.23,99.25,86.28,Low
2,8.34,85.18,89.21,97.58,84.1,Low
4,8.83,91.63,78.17,89.71,66.49,Low
7,8.76,80.03,87.4,92.4,76.82,Low
3,6.3,75.59,68.95,79.75,58.7,High
4,6.49,72.59,77.42,85.18,65.02,Moderate
8,5.98,69.37,58.91,61.11,47.78,High
5,6.27,80.52,74.88,81.64,63.64,Moderate
4,6.58,69.84,73.99,75.19,61.99,High
1,6.32,53.6,56.1,65.27,45.29,High
8,9.16,88.09,90.08,93.63,82.44,Low
5,8.1,100.0,80.1,87.48,71.84,Low
8,6.83,74.66,98.0,100.0,95.0,Moderate
8,5.52,69.63,46.89,55.96,42.04,High
6,7.89,92.9,74.62,80.39,58.54,Low
8,9.38,100.0,92.75,100.0,89.04,Low
7,7.68,100.0,74.24,75.66,68.43,Moderate
4,8.08,88.31,75.99,80.03,67.69,Low
7,9.79,62.96,87.8,91.34,75.36,Low
3,7.82,85.82,82.66,94.73,65.66,Low
8,4.68,82.08,49.72,58.56,41.42,High
3,7.5,81.11,84.41,92.38,81.1,Low
2,7.7,88.01,81.21,87.47,78.87,Low
5,6.77,100.0,68.37,72.32,65.58,Low
3,7.05,66.83,73.78,86.33,69.31,Moderate
1,6.05,81.45,69.78,83.1,66.52,Moderate
5,6.92,62.51,53.37,58.85,45.31,High
6,9.31,78.22,78.53,80.86,73.39,Low
8,6.98,80.04,71.41,75.0,63.05,Moderate
6,7.76,87.85,82.82,93.18,66.77,Low
7,10.0,100.0,81.27,91.3,74.04,Low
6,8.81,81.5,80.06,89.57,71.76,Low
1,7.09,89.66,75.69,81.5,55.05,Moderate
8,7.03,83.44,68.64,75.14,59.61,Moderate
5,6.65,94.68,74.45,86.71,59.79,Moderate
7,7.78,88.12,82.02,92.99,76.03,Moderate
5,8.55,82.26,90.59,100.0,80.1,Low
4,7.7,92.27,86.4,96.16,77.76,Low
8,6.7,77.52,67.01,77.85,54.32,High
7,5.0,72.09,51.19,60.65,38.38,High
5,8.49,58.47,64.1,68.9,56.1,Moderate
4,7.41,85.17,75.91,84.57,65.53,Moderate
4,5.76,86.48,66.18,74.4,55.88,Moderate
4,8.39,77.4,94.26,100.0,86.21,Low
4,8.95,77.76,82.17,90.34,75.33,Low
7,7.55,94.37,69.43,78.9,55.21,Moderate
7,7.78,72.3,68.57,81.09,66.33,Moderate
1,7.22,60.53,80.31,85.57,73.88,High
5,8.44,80.95,82.88,95.37,72.02,Low
5,7.71,77.76,75.99,86.8,63.61,Moderate
5,7.62,80.33,81.76,87.1,75.01,Moderate
8,7.94,69.19,75.41,86.28,62.37,Moderate
1,5.96,81.16,58.89,68.94,50.25,High
6,7.03,99.22,87.04,100.0,81.77,Low
8,8.63,67.07,75.16,85.28,63.35,Moderate
5,9.18,100.0,98.0,100.0,94.74,Low
1,9.49,85.44,98.0,100.0,89.76,Low
6,7.45,56.03,84.26,88.11,73.56,Moderate
5,7.78,81.02,70.19,71.7,50.33,Moderate
5,7.97,91.25,83.13,87.67,64.88,Low
3,8.28,71.48,73.44,80.5,72.58,Moderate
7,7.63,100.0,74.81,82.53,72.59,Low
5,10.0,91.08,76.01,82.48,65.78,Low
2,7.02,81.6,68.44,70.45,58.68,Moderate
5,7.26,92.64,76.92,78.06,69.0,Low
1,9.12,91.19,86.25,94.36,79.56,Low
8,7.09,69.84,80.52,89.39,75.78,Moderate
3,8.75,100.0,96.02,100.0,80.3,Low
1,9.46,89.88,91.39,95.09,81.29,Low
5,6.95,90.87,69.75,78.47,58.86,Moderate
3,8.38,78.27,82.09,86.32,75.17,Low
7,6.57,61.99,77.31,87.91,75.48,High
8,6.82,65.75,67.14,77.45,60.43,Moderate
6,6.75,94.12,77.09,78.42,71.75,Moderate
3,7.69,70.7,65.35,75.3,52.7,Moderate
8,7.62,54.35,69.31,84.86,65.05,Moderate
3,8.48,94.83,92.67,100.0,89.1,Low
2,10.0,82.65,98.0,100.0,89.2,Low
6,7.08,85.84,86.57,87.77,72.18,Low
5,7.03,79.3,73.83,85.24,61.43,Moderate
2,7.0,82.69,72.08,76.96,65.29,Moderate
2,7.07,67.34,84.11,96.33,78.04,Moderate
3,7.84,80.64,77.52,85.63,70.7,Low
1,8.86,76.94,92.59,100.0,80.82,Low
2,6.18,97.9,87.97,97.06,78.8,Low
8,6.61,98.76,76.45,82.09,66.2,Low
1,9.11,95.34,93.03,97.39,78.6,Low
3,7.42,83.8,86.57,93.24,73.87,Moderate
5,5.42,69.45,42.63,50.01,37.7,High
7,7.02,85.02,74.17,87.54,59.13,Moderate
3,7.88,50.0,79.7,94.86,69.96,High
7,5.34,76.02,46.15,50.77,39.11,High
2,5.37,62.49,58.0,62.42,49.4,High
6,6.14,98.51,83.73,89.63,74.89,Moderate
6,8.08,80.59,74.4,84.65,57.09,Moderate
7,7.93,76.09,84.82,93.01,74.56,Low
6,7.76,80.26,93.2,93.37,85.11,Low
8,10.0,100.0,98.0,100.0,86.44,Low
2,8.81,100.0,98.0,100.0,86.99,Low
5,5.79,52.52,61.5,75.63,53.5,High
6,7.06,77.19,81.47,93.55,70.57,Moderate
3,7.55,72.86,73.46,79.36,71.55,Low
7,6.97,86.02,75.2,82.47,64.13,Moderate
3,6.61,100.0,63.67,70.28,60.23,Moderate
7,5.47,64.35,52.34,68.08,41.31,High
8,8.67,91.52,80.53,89.73,76.87,Low
6,7.12,86.63,71.76,80.62,60.87,Moderate
3,8.16,100.0,87.2,96.82,86.2,Low
2,5.82,76.96,70.92,82.79,62.35,Moderate
3,7.73,88.12,71.65,72.31,60.35,Low
5,5.97,51.7,62.26,66.62,55.91,High
2,8.15,86.16,75.84,84.16,67.66,Moderate
5,7.91,61.87,69.14,81.29,57.92,Moderate
1,7.88,61.4,74.84,79.7,69.33,Moderate
5,9.23,74.47,89.25,100.0,88.77,Low
6,9.04,92.61,75.65,83.38,63.27,Moderate
7,6.32,91.09,71.98,85.65,61.14,Moderate
3,7.02,100.0,93.07,100.0,87.03,Low
1,7.32,71.8,76.65,88.23,66.55,Moderate
2,7.12,81.38,65.27,72.35,58.48,Moderate
2,6.27,78.05,61.13,61.29,43.63,High
5,8.45,100.0,86.58,99.33,75.02,Low
1,5.47,90.98,59.7,71.5,59.34,High
5,8.73,99.79,76.93,79.25,61.15,Low
4,7.74,77.24,67.73,83.19,52.12,Moderate
2,7.93,61.42,82.82,86.73,80.88,Moderate
2,6.24,100.0,76.18,86.15,65.46,Moderate
2,8.06,80.41,80.67,81.0,67.89,Moderate
6,8.26,80.37,77.94,87.84,68.63,Moderate
4,9.6,92.18,97.33,100.0,81.4,Low
2,8.48,85.04,82.15,85.25,71.76,Low
1,10.0,82.79,84.15,94.25,78.51,Low
4,7.45,95.48,78.25,88.09,68.44,Low
8,6.54,100.0,68.09,73.22,58.64,Moderate
3,9.08,88.7,96.94,100.0,81.04,Low
2,7.76,86.2,75.78,87.93,74.18,Moderate
3,6.79,73.16,76.26,84.61,69.81,Moderate
4,9.72,100.0,96.16,100.0,90.47,Low
6,7.83,93.92,70.5,80.0,68.39,Low
6,7.27,96.23,75.42,78.47,63.16,Moderate
7,6.47,97.15,77.58,81.03,65.62,Moderate
4,9.16,62.49,86.37,91.72,75.06,Low
4,6.16,67.62,59.13,61.2,53.41,High
1,6.9,65.89,67.77,74.59,61.12,High
8,7.0,71.85,73.08,82.95,66.58,Moderate
4,9.22,100.0,87.46,100.0,80.9,Low
7,7.0,96.79,68.1,76.73,59.74,Moderate
3,6.32,78.43,73.39,77.99,62.37,Moderate
5,8.38,68.77,95.02,98.43,86.38,Low
3,7.08,77.38,82.58,98.04,66.62,Moderate
2,8.17,83.3,86.24,97.73,70.39,Moderate
4,7.18,70.94,56.05,60.85,47.45,High
3,6.83,100.0,75.37,83.34,66.83,Moderate
1,7.96,64.06,82.08,90.07,65.36,Moderate
5,8.33,74.44,76.38,83.74,68.31,Moderate
1,8.21,89.76,86.85,91.35,81.49,Low
4,6.98,94.1,59.65,61.37,48.54,Moderate
7,9.84,73.41,98.0,100.0,84.49,Low
7,7.77,77.81,88.95,90.44,86.25,Low
2,7.48,98.95,69.25,77.73,55.23,Moderate
2,6.47,89.62,79.73,94.79,73.36,Moderate
5,10.0,74.7,97.98,100.0,90.48,Low
2,8.1,86.91,96.33,100.0,85.52,Low
8,8.23,84.06,82.03,89.78,77.27,Low
2,7.02,76.6,62.79,69.17,53.42,Moderate
5,8.69,94.78,86.92,96.1,75.87,Low
7,7.69,96.39,92.17,99.39,82.04,Low
4,8.61,92.07,76.01,79.48,68.97,Low
3,8.19,100.0,86.83,94.58,78.96,Low
4,7.48,84.31,68.42,83.05,56.28,Moderate
1,8.85,91.39,85.91,90.44,82.32,Low
2,7.48,100.0,93.92,100.0,82.68,Low
7,9.18,77.26,89.17,98.26,79.5,Low
3,8.79,76.0,93.7,100.0,85.68,Low
7,6.98,92.47,70.21,76.79,62.07,Moderate
4,6.12,85.62,82.69,90.09,73.61,Moderate
4,8.33,86.04,83.65,90.06,69.62,Low
7,7.71,92.41,78.52,84.58,67.29,Low
5,7.19,70.86,61.57,68.13,48.96,High
3,5.93,95.75,66.71,76.32,55.94,Moderate
5,9.15,65.8,69.67,83.78,59.98,Moderate
5,8.08,79.35,78.25,88.54,70.81,Low
4,7.13,72.56,67.66,79.2,59.42,Moderate
3,8.32,86.3,87.74,89.39,80.77,Low
6,6.82,100.0,75.28,83.96,73.31,Moderate
3,9.73,92.72,88.9,100.0,81.34,Low
4,7.92,100.0,87.82,96.26,79.47,Low
6,9.08,80.99,85.81,92.45,80.09,Low
3,5.4,73.28,63.4,70.05,58.89,High
1,8.77,100.0,89.38,99.89,84.73,Low
8,7.68,100.0,77.07,89.25,61.82,Low
8,8.57,76.02,82.82,92.54,73.94,Low
6,7.63,66.66,81.19,90.05,73.46,Moderate
1,6.8,86.85,73.29,88.83,68.43,Moderate
7,6.06,100.0,63.56,71.21,55.82,Moderate
1,7.48,75.84,68.57,82.67,55.66,Moderate
8,7.03,69.38,65.9,81.27,55.99,Moderate
3,9.15,59.58,82.55,83.85,68.77,Moderate
1,8.25,82.98,77.51,82.63,71.63,Low
7,6.47,69.55,72.17,78.99,50.19,High
8,8.14,82.98,83.57,93.01,73.96,Low
3,7.42,63.18,67.03,75.05,57.18,Moderate
7,6.27,50.0,47.97,53.47,36.52,High
3,6.91,78.66,64.12,74.88,56.81,Moderate
5,5.28,86.12,76.91,89.25,64.99,Moderate
4,7.26,84.69,84.49,84.62,76.74,Moderate
6,7.53,66.48,71.42,89.05,60.69,Moderate
7,5.64,79.86,51.41,65.44,43.31,High
3,6.12,75.12,57.24,76.1,50.97,High
3,8.11,78.0,81.51,87.77,70.85,Moderate
5,8.8,88.43,83.14,89.69,74.86,Low
7,7.49,72.47,76.26,89.49,62.09,Moderate
4,8.32,75.1,68.41,73.21,58.09,Moderate
4,7.59,99.88,80.78,85.99,68.1,Low
1,8.87,81.68,80.7,89.44,79.99,Low
7,8.17,88.27,73.02,79.74,61.73,Low
6,7.97,95.49,84.29,84.68,73.26,Low
2,8.01,100.0,77.55,89.66,66.31,Low
2,10.0,100.0,98.0,100.0,90.55,Low
6,7.04,77.53,57.58,57.72,46.69,High
8,6.04,50.0,55.42,65.49,46.38,High
1,7.59,92.19,78.21,85.97,67.66,Low
2,5.61,71.67,57.49,64.79,56.95,High
7,9.57,96.79,90.86,98.95,82.9,Low
1,9.27,82.57,77.65,83.88,70.53,Low
6,8.01,62.06,71.67,71.93,59.39,Moderate
2,7.09,78.38,63.41,66.68,50.14,High
8,9.59,88.0,98.0,100.0,85.63,Low
8,8.48,78.9,76.49,83.2,58.65,Moderate
7,6.48,53.23,53.61,64.99,39.46,High
5,9.14,100.0,89.57,95.68,85.25,Low
3,6.35,73.43,55.79,60.03,50.1,High
4,6.21,95.57,60.91,68.71,51.41,High
3,8.46,100.0,90.77,100.0,86.99,Low
8,6.8,76.69,71.3,84.64,57.98,Moderate
7,7.63,91.78,75.97,88.53,59.4,Low
4,8.78,96.91,88.0,90.23,74.65,Low
5,7.62,81.46,78.78,85.32,67.84,Low
6,8.94,100.0,89.99,99.04,81.19,Low
1,6.86,60.54,64.05,74.35,52.24,High
3,6.63,62.22,52.24,64.2,42.87,High
3,6.84,81.13,64.89,74.6,60.52,Moderate
1,7.39,61.25,59.29,67.18,50.7,High
8,8.48,83.84,83.69,87.18,82.96,Low
4,8.14,100.0,79.29,89.5,70.94,Low
5,10.0,90.6,98.0,100.0,95.0,Low
5,7.26,74.16,73.53,81.97,57.51,Moderate
2,7.46,91.71,74.34,84.3,63.16,Low
3,8.25,81.04,80.55,84.69,75.22,Low
7,7.37,99.75,72.43,85.37,57.84,Moderate
6,7.24,81.75,82.96,88.04,75.43,Low
3,6.41,86.08,74.62,84.91,68.22,Moderate
1,9.7,76.7,88.45,100.0,79.02,Low
5,7.86,91.43,96.12,100.0,86.42,Low
5,7.49,89.67,81.55,91.66,68.02,Low
7,7.5,81.65,70.21,75.4,62.54,Moderate
6,8.45,99.55,90.2,100.0,82.48,Low
8,8.18,100.0,86.22,95.82,72.68,Low
7,10.0,82.88,98.0,100.0,89.15,Low
5,9.99,93.19,98.0,100.0,87.46,Low
8,7.85,100.0,89.08,99.54,83.56,Low
8,7.37,99.04,68.39,75.77,54.0,Moderate
1,6.03,57.37,63.55,74.09,50.49,High
1,4.94,59.55,43.71,54.97,35.39,High
4,7.83,87.15,87.64,100.0,79.39,Low
7,9.1,82.23,82.35,92.44,69.5,Low
5,6.37,88.15,71.87,82.16,69.32,Moderate
5,9.3,100.0,93.93,98.79,85.81,Low
2,8.63,100.0,98.0,100.0,85.13,Low
6,6.44,67.44,54.88,68.55,43.35,High
4,7.46,66.36,73.4,82.84,64.63,Moderate
2,5.94,66.6,53.04,60.38,52.31,High
8,8.23,100.0,82.42,94.59,64.87,Low
5,7.11,61.2,70.0,75.49,61.38,High
2,10.0,75.84,90.45,99.76,79.28,Low
7,6.4,94.96,67.94,74.55,57.79,Moderate
4,8.72,78.2,84.33,91.16,74.83,Low
5,9.26,100.0,80.86,92.94,74.14,Low
7,8.02,95.57,82.57,84.78,76.56,Low
2,7.05,69.52,67.77,77.9,61.59,High
5,7.14,73.41,63.43,77.68,57.5,Moderate
1,5.98,55.81,49.73,55.29,36.58,High
1,7.31,84.1,79.83,81.58,69.09,Moderate
7,9.72,100.0,98.0,100.0,90.24,Low
2,5.16,56.98,45.2,50.6,36.37,High
3,6.52,90.04,63.37,72.41,52.91,Moderate
8,5.51,76.91,73.6,74.72,61.6,Moderate
8,7.72,100.0,70.17,83.94,58.76,Low
2,5.5,50.0,58.98,65.43,50.65,High
6,8.73,83.85,88.1,92.9,81.54,Low
1,5.8,50.0,46.29,58.06,33.89,High
1,9.02,99.68,79.86,89.36,70.99,Low
5,8.13,98.44,67.34,71.25,55.05,Low
2,10.0,100.0,94.79,100.0,80.63,Low
1,6.46,80.85,80.5,87.44,71.38,Moderate
6,5.55,99.76,62.51,67.14,47.56,Moderate
4,9.16,96.55,90.64,100.0,80.11,Low
1,7.84,77.12,70.83,75.87,61.7,Moderate
4,6.99,69.75,70.58,73.23,64.6,High
7,6.6,84.65,78.53,91.46,64.76,Moderate
7,8.42,83.95,77.12,86.88,64.58,Moderate
8,6.64,72.06,71.73,78.16,62.65,High
6,6.79,81.7,71.81,81.18,61.67,Moderate
2,6.26,99.11,59.72,71.92,56.62,Moderate
4,7.01,76.07,83.65,100.0,69.06,Moderate
3,9.13,99.7,89.67,92.89,78.74,Low
6,8.65,79.85,81.95,88.03,77.21,Low
6,7.52,78.29,78.82,94.66,62.68,Moderate
2,7.6,76.77,73.92,84.51,62.9,Moderate
2,8.35,80.26,76.68,81.14,62.91,Low
2,7.09,94.77,69.39,82.32,54.95,Moderate
3,7.01,77.5,81.88,93.84,81.43,Moderate
5,10.0,88.77,98.0,100.0,82.33,Low
8,8.01,78.75,84.32,84.42,77.95,Low
3,6.79,77.76,73.59,86.79,64.91,Moderate
3,8.78,84.54,90.89,97.23,82.53,Low
6,6.02,59.26,68.29,75.88,61.73,High
1,8.55,84.8,74.14,78.94,59.05,Low
7,7.53,94.18,79.93,89.54,68.74,Low
5,8.88,84.77,95.8,100.0,89.49,Low
5,5.75,62.36,55.11,61.68,48.15,High
3,7.37,99.35,77.29,85.47,74.91,Low
3,9.42,100.0,93.03,96.07,78.28,Low
4,8.04,86.1,87.32,95.96,75.49,Low
4,7.31,77.4,56.63,61.66,47.22,High
7,9.64,93.06,88.65,95.39,83.61,Low
6,6.33,75.1,60.67,66.48,54.19,High
3,6.8,67.65,64.09,65.94,60.12,Moderate
8,9.43,89.57,76.81,88.58,66.13,Low
2,6.97,93.18,63.71,68.84,48.11,Moderate
3,5.72,78.02,54.67,60.58,50.36,High
1,9.91,100.0,90.38,96.53,86.04,Low
6,6.2,73.11,58.48,65.94,53.74,High
3,6.05,94.24,65.15,75.63,61.95,High
3,8.58,90.44,88.18,98.98,77.12,Low
5,8.78,77.42,84.98,100.0,80.33,Low
3,5.67,69.1,49.69,56.89,45.1,High
6,7.25,55.21,81.79,91.94,73.34,High
8,7.69,72.42,78.26,88.81,71.14,Moderate
3,8.03,86.46,83.35,89.43,74.03,Low
5,6.2,68.15,71.78,82.76,66.91,Moderate
2,7.36,100.0,82.88,89.08,67.85,Low
2,10.0,83.84,89.6,95.41,80.33,Low
8,8.73,76.78,76.64,85.41,59.03,Moderate
8,7.36,96.51,84.48,100.0,74.86,Low
1,7.93,100.0,69.8,80.09,60.62,Low
8,9.75,91.76,93.61,100.0,85.83,Low
1,8.0,76.79,77.11,79.45,67.53,Moderate
2,9.39,98.41,89.96,100.0,74.62,Low
6,7.68,85.24,65.03,70.82,57.16,Moderate
7,7.77,91.35,72.27,82.05,65.24,Moderate
5,7.8,87.38,71.85,82.13,63.42,Moderate
7,8.73,100.0,76.41,76.77,64.38,Low
6,5.45,90.46,62.99,69.96,59.06,Moderate
3,9.19,62.91,84.22,100.0,74.1,Low
3,8.57,99.05,98.0,100.0,89.84,Low
7,7.44,70.54,76.09,85.1,70.47,Moderate
2,7.95,70.65,78.57,86.83,69.35,Moderate
3,9.87,100.0,98.0,100.0,88.85,Low
3,8.96,98.68,96.18,96.7,84.99,Low
1,7.03,59.26,65.78,85.05,51.23,High
8,8.27,87.51,74.44,78.49,65.8,Moderate
7,7.6,93.99,68.46,77.69,62.24,Moderate
3,8.43,65.88,74.88,84.78,64.66,Moderate
1,7.84,100.0,87.97,99.82,71.4,Low
1,10.0,53.68,88.81,90.93,85.98,Low
5,5.03,62.46,57.74,65.02,45.67,High
4,8.95,90.7,86.76,87.39,83.34,Low
5,6.09,50.0,60.91,68.86,49.26,High
3,7.96,91.54,73.53,91.02,64.92,Low
4,6.52,76.98,65.75,76.12,59.65,Moderate
4,8.78,100.0,74.8,78.05,65.32,Low
1,8.52,75.21,97.86,100.0,87.71,Low
3,8.59,98.13,86.75,99.21,82.0,Low
8,8.4,66.09,86.74,87.39,79.1,Low
1,6.62,78.88,66.78,75.1,60.6,Moderate
4,8.04,82.03,95.75,100.0,88.82,Low
8,7.46,92.29,89.02,97.9,81.66,Low
1,8.27,83.27,74.61,83.54,61.87,Moderate
2,6.35,50.0,59.73,64.46,47.8,High
2,9.99,95.49,92.37,100.0,80.52,Low
3,7.28,76.69,74.5,86.24,61.74,Moderate
2,7.88,83.18,82.09,92.07,62.72,Moderate
2,8.64,93.37,82.82,87.66,74.94,Low
6,6.92,79.1,79.68,85.01,67.35,Moderate
7,6.62,77.06,72.88,79.28,65.53,Moderate
4,8.72,100.0,81.56,89.73,65.34,Low
1,9.53,100.0,92.28,99.23,74.23,Low
2,7.59,72.59,68.82,74.74,57.96,Moderate
3,7.36,100.0,90.72,100.0,82.4,Low
5,9.39,94.92,96.38,100.0,83.55,Low
2,6.97,92.54,72.31,83.61,69.06,Moderate
6,7.45,96.72,72.34,80.6,64.45,Low
4,9.26,95.17,86.04,94.25,80.03,Low
1,7.92,75.1,70.1,75.96,60.23,Moderate
2,8.32,64.27,72.58,75.57,58.58,Moderate
7,6.68,80.05,73.95,86.71,64.15,Moderate
7,8.41,100.0,86.52,92.15,72.81,Low
3,6.23,84.13,63.6,73.02,52.34,Moderate
7,5.67,78.68,64.55,70.67,56.15,High
4,8.12,83.35,89.15,95.05,86.77,Low
1,7.49,77.04,77.48,84.26,71.9,Moderate
1,10.0,88.43,86.15,99.12,80.12,Low
6,8.35,79.22,79.39,86.44,75.82,Low
2,6.78,94.28,88.81,97.13,82.5,Low
4,7.02,72.84,67.79,72.16,49.71,Moderate
3,7.54,74.32,82.85,84.41,78.3,Moderate
7,6.99,98.34,74.13,86.88,64.92,Moderate
1,8.95,91.34,93.41,97.73,82.4,Low
3,4.78,72.82,47.28,60.91,40.46,High
1,7.95,84.26,80.61,91.8,75.03,Moderate
3,7.72,97.2,85.56,92.09,78.43,Low
1,7.07,88.36,73.98,81.82,71.35,Moderate
2,10.0,92.5,98.0,100.0,94.14,Low
4,7.99,80.09,74.0,85.8,63.79,Moderate
1,8.32,79.63,89.91,100.0,79.64,Low
2,7.44,71.85,82.67,86.05,79.41,Moderate
6,8.54,75.98,81.03,86.29,74.53,Low
4,8.97,96.69,93.15,100.0,82.23,Low
4,8.76,67.26,71.8,82.86,58.98,Moderate
6,7.21,100.0,67.4,75.1,58.5,Moderate
6,8.8,69.82,84.53,92.62,76.28,Low
1,7.52,67.2,64.19,65.65,52.45,Moderate
8,7.54,63.84,73.93,85.96,67.96,High
5,7.28,72.95,72.3,79.79,64.88,Moderate
1,6.97,50.0,67.98,77.9,55.6,High
1,9.74,93.29,98.0,100.0,91.14,Low
1,5.91,66.8,55.52,66.3,50.24,High
5,7.81,80.68,67.59,75.75,66.12,Moderate
2,10.0,96.43,98.0,100.0,86.24,Low
3,6.07,81.0,64.61,71.26,54.02,High
1,6.85,56.41,64.57,76.02,58.33,High
6,6.59,100.0,58.18,66.64,40.31,Moderate
4,8.33,80.17,98.0,100.0,92.86,Low
3,8.01,86.57,85.43,91.97,77.7,Low
1,8.49,100.0,87.23,98.67,79.99,Low
1,7.31,53.78,77.22,90.96,61.84,High
1,9.09,80.19,92.06,100.0,82.54,Low
8,6.98,93.63,72.1,80.82,67.89,Moderate
8,7.03,90.35,67.35,78.48,61.95,Moderate
5,8.17,100.0,83.91,100.0,77.94,Low
6,10.0,78.06,91.78,98.91,77.75,Low
8,7.33,76.16,76.87,84.44,67.33,Moderate
6,6.99,86.57,74.92,85.1,60.66,Moderate
6,6.94,73.31,55.21,69.54,44.93,High
6,10.0,100.0,98.0,100.0,88.69,Low
7,8.02,100.0,86.12,97.84,77.55,Low
1,9.1,69.28,83.84,96.07,70.38,Moderate
1,8.74,88.01,91.09,100.0,74.27,Low
3,7.44,90.72,80.62,89.03,75.95,Low
7,6.58,50.0,57.01,65.31,44.68,High
6,8.01,100.0,94.12,100.0,89.85,Low
1,7.6,59.67,66.71,76.95,52.69,High
8,7.18,84.64,90.81,100.0,86.51,Low
1,6.12,64.08,63.38,73.02,60.17,High
8,8.34,72.1,89.89,96.24,80.84,Low
7,9.13,82.79,74.85,84.12,61.29,Low
5,9.49,92.41,85.79,92.98,78.15,Low
2,6.83,92.5,57.79,70.76,52.13,High
1,7.92,88.29,55.77,61.1,42.92,Moderate
7,8.03,100.0,97.29,100.0,88.83,Low
4,10.0,87.55,93.39,97.26,89.88,Low
3,7.25,56.54,69.71,77.1,58.52,Moderate
7,8.87,95.47,77.41,86.77,67.15,Low
6,6.41,82.48,76.15,84.27,71.01,Moderate
8,8.52,75.46,98.0,100.0,94.08,Low
5,6.88,75.4,65.69,73.47,56.85,High
1,6.59,76.02,63.75,67.58,56.11,High
5,7.74,100.0,84.62,88.91,70.87,Low
5,6.52,100.0,64.51,68.45,57.34,Moderate
4,8.69,85.46,84.58,95.57,81.71,Low
5,8.97,61.39,84.05,88.21,67.7,Moderate
8,7.12,84.49,57.31,67.58,46.59,Moderate
3,6.73,86.58,70.52,81.78,62.13,Moderate
8,5.42,70.01,61.69,75.67,55.28,High
7,4.23,85.97,37.57,47.6,25.0,High
2,4.44,72.75,53.06,59.63,43.34,High
1,7.7,100.0,81.85,87.37,74.4,Low
7,9.85,94.72,96.06,100.0,93.98,Low
1,7.88,100.0,86.91,98.41,80.92,Low
8,7.36,71.6,74.91,83.43,61.7,Moderate
7,7.25,92.62,71.36,77.99,59.77,Moderate
5,8.08,85.37,80.07,87.66,63.97,Low
6,8.85,100.0,76.44,81.64,64.48,Low
2,7.86,87.3,86.69,88.46,81.49,Low
6,5.97,91.66,67.65,79.38,63.73,Moderate
2,4.6,76.5,60.1,68.33,51.6,High
1,8.43,77.79,78.6,83.77,69.77,Low
8,7.27,78.9,74.1,77.54,67.72,Moderate
7,7.19,94.57,80.09,93.5,72.77,Low
2,5.95,73.03,57.55,71.65,48.97,High
4,8.2,97.46,84.92,95.43,77.69,Low
6,7.39,85.25,75.85,80.26,70.08,Moderate
5,9.32,77.95,91.33,96.92,87.96,Low
5,8.27,84.35,88.42,90.28,84.2,Low
6,8.14,76.6,68.54,78.09,60.72,Moderate
1,4.38,64.57,44.74,45.27,31.95,High
5,6.32,72.54,64.48,74.94,49.55,High
4,7.47,72.19,62.47,66.55,55.14,Moderate
7,7.96,78.96,65.44,84.92,56.18,Moderate
5,6.17,75.53,77.47,87.59,67.99,High
8,7.78,75.02,68.79,75.75,62.43,Moderate
3,7.07,59.11,62.71,68.5,54.48,High
6,7.13,70.16,78.28,83.57,76.01,Moderate
5,9.2,78.72,84.11,96.44,82.17,Low
3,8.32,92.71,82.08,92.35,81.91,Low
8,6.88,82.65,65.13,75.1,61.45,Moderate
6,7.4,91.11,83.45,87.45,69.27,Low
4,7.47,100.0,70.0,80.07,65.1,Low
1,5.44,78.46,57.99,70.15,54.02,High
8,8.91,100.0,91.58,93.17,83.41,Low
4,4.57,60.09,35.86,42.36,25.0,High
3,6.08,66.26,68.08,85.0,55.2,High
6,6.09,70.13,53.01,62.78,43.8,High
1,7.53,97.96,71.07,75.66,65.97,Low
4,8.16,94.07,68.08,77.01,59.19,Moderate
3,7.24,69.11,66.71,70.23,53.45,Moderate
2,7.78,90.15,86.42,100.0,77.63,Low
3,7.96,100.0,90.32,96.94,78.04,Low
6,7.06,87.82,75.42,86.92,72.05,Moderate
7,4.26,56.5,35.0,41.66,25.0,High
5,7.96,80.99,78.01,94.55,68.25,Moderate
8,7.29,100.0,58.5,64.86,45.99,Moderate
6,6.28,70.36,53.76,64.79,36.62,High
6,7.25,70.62,65.58,75.79,58.28,Moderate
1,7.8,100.0,81.68,93.8,71.97,Low
8,5.57,89.83,56.78,66.14,55.04,High
2,8.83,98.3,87.88,93.71,76.03,Low
3,9.35,67.5,85.73,93.21,79.63,Low
2,8.15,91.13,87.58,95.45,81.91,Low
8,6.06,71.21,62.03,68.79,55.09,High
6,7.94,55.99,73.27,79.08,60.88,Moderate
3,7.64,97.2,95.78,100.0,93.13,Low
2,7.26,73.34,90.78,96.02,83.16,Low
6,10.0,85.62,98.0,100.0,89.81,Low
3,6.02,59.2,43.16,52.23,36.24,High
1,7.67,70.09,83.21,90.43,76.38,Moderate
1,9.56,92.47,82.77,95.44,74.56,Low
4,6.93,97.02,90.95,93.18,77.82,Low
3,8.33,100.0,80.57,90.07,71.33,Low
4,6.97,64.54,70.84,78.25,61.92,High
6,6.89,77.9,75.9,85.27,69.42,Moderate
1,7.61,71.18,90.57,100.0,74.81,Moderate
4,7.34,79.85,77.95,87.38,70.19,Moderate
1,7.96,92.56,75.03,81.8,59.85,Low
2,7.1,75.43,68.32,76.46,58.61,Moderate
8,9.6,86.26,96.04,100.0,94.21,Low
2,6.82,93.93,59.38,64.38,47.4,High
3,7.58,74.38,74.9,81.82,70.79,Moderate
6,5.64,83.75,57.37,66.01,47.73,High
4,6.41,74.01,72.8,75.45,66.09,Moderate
3,6.14,100.0,64.44,71.44,46.64,Moderate
3,10.0,94.69,85.85,92.62,82.16,Low
1,6.71,85.06,71.88,78.41,67.66,Moderate
3,7.33,67.92,55.01,63.29,44.69,High
3,10.0,92.08,98.0,100.0,88.89,Low
5,5.5,69.22,46.81,56.68,34.69,High
1,4.77,88.37,62.01,66.03,52.53,High
2,10.0,94.22,85.96,86.16,75.53,Low
5,7.58,85.49,70.71,70.91,61.61,Moderate
6,7.6,100.0,98.0,100.0,94.68,Low
8,7.89,81.6,64.55,74.97,64.32,Moderate
1,7.66,70.65,81.14,84.04,66.34,Moderate
5,6.66,70.98,64.7,66.5,62.89,High
8,5.95,77.71,58.81,67.66,54.79,High
7,10.0,75.38,90.22,99.65,81.25,Low
7,7.63,61.5,71.79,82.52,59.47,Moderate
1,10.0,100.0,91.4,100.0,80.65,Low
5,7.86,68.75,73.32,78.8,65.23,Moderate
3,7.83,89.29,71.11,76.88,61.75,Moderate
8,7.9,91.0,80.98,93.69,69.5,Low
1,5.57,80.17,78.45,86.12,70.19,High
6,7.27,69.37,67.9,77.18,60.95,High
1,6.78,86.18,63.34,68.49,57.91,Moderate
3,8.43,71.75,87.65,100.0,77.58,Low
8,8.45,99.55,87.54,97.28,79.06,Low
2,7.4,85.66,77.09,84.69,64.56,Low
8,10.0,100.0,98.0,100.0,89.45,Low
6,8.74,100.0,93.45,99.74,85.84,Low
5,6.94,75.41,74.35,84.95,66.22,Moderate
1,5.74,60.38,68.87,76.94,58.34,High
8,9.43,95.61,86.01,94.22,78.83,Low
6,9.9,100.0,98.0,100.0,91.68,Low
2,5.95,50.5,50.81,57.02,39.07,High
1,9.03,100.0,94.36,100.0,77.65,Low
2,6.79,72.48,81.63,93.12,68.63,Moderate
6,8.03,87.15,80.76,84.53,76.33,Low
7,9.53,89.79,92.06,100.0,85.2,Low
5,6.71,73.44,68.85,72.33,59.94,High
8,7.22,78.22,67.93,77.53,57.5,Moderate
6,9.56,79.48,94.22,100.0,83.72,Low
2,6.4,90.88,71.44,76.53,62.13,Moderate
2,7.71,87.93,92.02,100.0,83.45,Low
6,8.62,86.05,74.72,78.55,69.43,Low
1,9.04,67.44,93.71,100.0,86.79,Low
3,6.18,71.7,59.19,64.08,51.3,High
7,8.08,94.04,87.9,93.31,82.12,Low
4,7.73,62.98,69.38,74.47,55.74,Moderate
6,9.22,95.31,88.7,93.8,79.57,Low
8,5.86,72.38,64.01,70.33,50.61,High
4,7.79,50.02,71.49,84.43,64.25,High
5,8.86,91.91,85.93,91.99,83.77,Low
5,7.13,98.08,87.3,94.62,76.61,Low
3,10.0,85.96,98.0,100.0,89.79,Low
2,6.47,77.13,73.77,77.84,64.52,Moderate
3,5.53,86.55,55.46,65.0,47.44,High
8,7.04,74.77,64.0,69.61,50.92,High
5,8.94,87.11,88.09,90.54,81.99,Low
5,9.64,100.0,98.0,100.0,92.53,Low
6,7.38,87.7,76.29,86.36,68.27,Moderate
3,8.85,82.36,75.96,81.93,75.06,Low
8,6.44,80.68,75.08,78.44,63.73,Moderate
2,7.09,70.25,69.31,82.63,53.45,High
7,6.92,97.47,78.74,94.3,76.97,Low
7,6.15,50.09,65.37,71.39,57.45,High
5,7.23,96.49,86.25,97.31,69.62,Low
4,8.81,88.76,93.52,97.18,79.66,Low
4,8.19,74.46,79.74,89.44,64.06,Moderate
6,6.66,86.95,69.53,76.04,68.43,Moderate
4,7.6,91.94,80.12,87.41,69.4,Low
4,4.79,78.44,54.66,62.58,44.56,High
4,7.98,80.53,73.15,77.35,63.67,Moderate
2,9.02,89.91,80.44,96.27,78.83,Low
3,8.72,88.77,96.11,100.0,88.39,Low
3,9.42,73.96,88.08,97.78,71.3,Low
6,8.69,60.6,88.87,96.73,82.26,Moderate
2,8.4,81.16,89.06,100.0,77.4,Low
5,7.65,81.31,85.72,100.0,71.34,Low
1,7.79,84.07,76.21,84.57,66.26,Moderate
2,6.41,100.0,75.96,85.96,63.1,Moderate
4,8.01,66.1,86.77,89.79,75.49,Moderate
6,8.5,83.26,86.94,95.56,76.18,Low
3,8.34,88.01,84.57,90.64,77.51,Low
1,8.08,92.12,77.35,85.67,60.68,Low
5,7.23,66.26,82.41,88.11,72.72,Moderate
8,9.93,88.58,96.09,100.0,88.71,Low
7,6.49,70.77,77.4,88.14,68.08,Moderate
2,8.79,77.67,95.23,100.0,85.29,Low
2,9.23,71.72,85.53,92.13,72.74,Low
1,6.75,84.59,77.3,94.32,68.08,Moderate
7,6.08,74.89,50.09,51.41,43.47,High
1,5.93,92.01,88.73,99.1,84.68,Moderate
3,9.38,100.0,98.0,100.0,95.0,Low
7,8.4,100.0,74.25,78.24,66.08,Low
6,10.0,79.91,76.03,80.3,72.03,Low
2,6.77,94.7,85.73,100.0,73.28,Moderate
1,6.94,81.54,73.93,83.73,68.2,Moderate
2,8.49,100.0,88.78,100.0,86.13,Low
1,5.5,71.96,49.61,62.35,47.2,High
6,7.75,73.8,64.26,77.19,61.15,Moderate
5,7.95,100.0,91.37,97.08,75.82,Low
3,6.52,75.95,64.48,69.37,51.59,Moderate
5,7.27,98.45,78.3,85.67,78.14,Low
1,5.42,66.41,54.63,55.97,48.18,High
2,7.43,70.62,72.52,85.45,65.14,Moderate
5,9.6,100.0,78.89,93.99,72.86,Low
5,9.12,100.0,88.76,96.01,87.19,Low
5,8.23,100.0,82.37,88.42,66.82,Low
5,9.09,94.21,82.26,83.87,67.33,Low
1,5.68,76.85,53.12,60.46,41.23,High
6,6.1,82.71,52.88,65.37,45.54,High
3,8.27,94.01,86.82,100.0,76.96,Low
7,9.36,100.0,70.28,75.6,68.44,Low
4,9.06,82.5,81.55,90.62,71.97,Low
1,8.06,100.0,84.27,93.31,76.68,Low
5,8.76,57.93,70.15,77.7,59.96,Moderate
4,7.84,92.95,81.67,93.15,74.75,Low
8,9.57,93.23,81.67,87.23,71.25,Low
1,6.43,69.91,53.36,59.1,39.9,High
2,6.72,63.21,62.08,68.54,48.95,High
7,8.97,72.32,84.69,95.34,70.44,Low
2,7.4,90.97,70.66,76.93,58.32,Moderate
5,9.03,82.94,84.06,94.2,73.13,Low
1,6.41,80.73,72.34,74.86,59.17,Moderate
8,7.35,83.27,75.16,83.7,67.39,Moderate
7,6.87,85.38,63.63,75.6,60.54,Moderate
4,6.69,70.69,68.34,76.27,55.46,High
3,6.83,86.0,81.84,88.34,70.72,Moderate
4,10.0,94.98,98.0,100.0,91.77,Low
6,7.07,79.19,64.63,71.98,63.67,Moderate
2,8.52,93.76,86.98,97.48,78.45,Low
6,7.35,70.31,75.09,88.41,65.22,Moderate
5,8.6,91.6,81.96,93.77,78.05,Low
6,6.38,57.8,57.77,68.35,49.06,High
8,8.74,86.31,88.95,95.95,73.87,Low
7,6.83,90.6,74.69,86.59,57.72,Moderate
1,6.49,91.6,65.36,75.07,58.53,Moderate
6,7.43,81.64,67.88,75.54,55.98,Moderate
6,8.38,77.35,89.27,100.0,84.12,Low
4,9.04,72.22,91.78,99.16,80.19,Low
3,7.26,97.36,69.56,76.94,57.89,Moderate
5,8.06,82.55,88.73,93.04,85.88,Low
7,7.63,73.46,83.15,91.75,77.09,Moderate
5,6.77,88.28,72.08,82.61,62.87,Moderate
1,7.71,59.64,82.93,84.53,74.46,Moderate
5,5.54,100.0,63.34,67.26,55.86,High
1,7.55,87.3,92.88,97.13,84.98,Low
7,9.06,82.72,86.78,99.42,79.73,Low
2,9.73,90.18,98.0,100.0,86.83,Low
2,7.93,91.69,80.19,93.36,72.91,Moderate
1,8.33,75.03,71.64,80.57,61.35,Moderate
4,7.83,87.08,78.31,88.81,65.23,Moderate
7,6.04,73.93,51.99,56.12,43.34,High
4,7.77,85.02,60.68,65.7,52.92,Moderate
5,9.1,99.02,92.49,97.29,84.55,Low
8,8.92,83.76,83.82,96.23,73.9,Low
3,9.94,76.31,84.84,94.66,81.16,Low
2,8.43,91.17,84.69,91.9,75.96,Low
6,9.24,100.0,81.58,81.87,67.45,Low
1,6.04,70.23,74.02,82.86,62.22,Moderate
4,7.85,85.9,71.06,82.95,64.05,Moderate
1,6.85,96.52,62.25,76.98,44.7,Moderate
4,5.41,88.09,67.23,75.96,56.65,High
5,5.03,97.95,44.46,55.05,40.43,High
3,8.7,80.01,86.86,99.23,76.99,Low
7,5.91,66.45,61.73,70.39,57.57,High
8,8.08,78.55,77.96,84.95,66.91,Moderate
3,9.52,84.5,85.63,94.11,75.3,Low
4,7.15,70.05,66.79,72.59,58.0,Moderate
1,8.53,90.27,95.55,100.0,88.81,Low
1,6.74,100.0,75.89,85.64,63.83,Moderate
4,8.59,100.0,86.7,95.07,83.97,Low
6,7.23,73.13,79.34,90.03,73.66,Moderate
4,7.46,91.67,87.6,93.65,74.74,Low
7,4.31,50.0,45.49,48.92,33.77,High
1,7.96,50.22,63.93,71.36,54.84,High
7,8.41,78.48,75.58,83.12,64.24,Moderate
2,8.4,83.83,83.44,90.84,72.72,Low
8,7.74,100.0,91.85,98.26,81.88,Low
3,8.44,100.0,94.84,100.0,91.01,Low
7,8.11,85.76,68.31,77.85,59.57,Moderate
3,8.94,76.7,98.0,100.0,87.1,Low
2,7.16,89.89,77.07,88.83,73.24,Moderate
1,8.53,96.63,92.21,92.27,79.01,Low
5,6.97,85.59,68.56,78.07,63.54,Moderate
7,6.48,70.74,59.17,70.79,46.77,High
4,8.26,69.93,77.88,85.85,60.61,Moderate
7,7.14,81.59,64.75,76.87,55.88,Moderate
5,6.91,88.0,80.51,88.34,71.71,Moderate
3,7.2,97.99,78.72,86.23,63.97,Low
5,7.88,80.44,86.39,88.42,75.03,Moderate
4,5.83,75.85,59.5,60.86,42.37,High
1,7.08,63.64,69.08,73.48,58.34,High
1,7.62,96.27,98.0,100.0,80.55,Low
1,4.63,63.6,39.02,43.54,34.1,High
5,8.98,65.04,92.26,100.0,87.68,Low
2,6.42,90.4,73.18,80.75,57.75,Moderate
8,7.06,80.04,69.43,74.54,64.25,Moderate
8,5.72,62.81,67.67,69.56,51.94,High
2,7.3,84.05,70.44,81.5,57.29,Moderate
7,7.38,86.6,59.32,61.52,46.67,Moderate
6,9.71,100.0,98.0,100.0,95.0,Low
6,9.05,93.22,81.04,86.45,73.46,Low
3,7.94,91.23,70.98,84.93,55.59,Low
4,6.28,70.56,54.76,60.99,47.85,High
7,8.06,75.01,78.96,85.76,66.54,Moderate
6,8.32,100.0,86.29,89.64,80.18,Low
1,5.68,81.17,61.44,66.56,51.24,High
8,6.92,81.66,72.81,80.05,63.17,Moderate
7,8.23,88.38,92.33,100.0,82.44,Low
3,7.39,95.94,73.03,83.99,64.66,Moderate
8,8.43,73.35,89.88,100.0,78.21,Low
6,9.07,100.0,81.45,87.11,74.09,Low
6,9.92,100.0,90.39,98.28,81.93,Low
5,8.25,85.02,95.55,98.93,85.46,Low
7,7.33,96.04,92.42,96.11,89.22,Low
8,7.05,79.14,77.91,89.99,70.22,Moderate
2,7.26,89.87,83.97,89.84,73.46,Low
8,8.12,87.87,88.53,97.58,76.18,Low
8,8.1,74.75,78.91,81.76,68.54,Moderate
4,6.51,73.55,66.44,78.44,62.49,High
3,7.11,94.32,82.71,90.54,74.51,Moderate
6,4.46,70.25,43.33,55.38,37.0,High
6,6.19,92.71,75.29,88.68,59.17,Moderate
1,7.42,74.14,75.66,87.63,74.55,Moderate
8,8.17,87.67,79.66,91.2,72.67,Low
4,6.64,91.26,75.34,81.53,64.26,Moderate
2,7.42,84.91,95.85,100.0,85.97,Low
1,9.68,99.21,87.74,99.85,80.92,Low
2,7.45,70.98,72.11,80.56,59.15,Moderate
2,5.31,77.6,43.39,56.12,32.85,High
8,8.38,100.0,98.0,100.0,95.0,Low
3,7.62,89.79,67.17,78.86,59.78,Moderate
6,8.29,96.07,79.68,86.28,77.87,Low
3,8.48,93.11,84.15,87.83,71.6,Low
3,10.0,100.0,93.06,99.64,87.83,Low
1,5.39,88.61,58.35,71.75,52.09,High
1,6.83,97.51,69.0,70.46,57.8,Moderate
3,8.25,84.58,68.1,74.73,61.72,Moderate
7,5.06,50.0,44.92,49.47,39.07,High
7,8.89,63.56,85.87,89.41,72.34,Low
6,7.41,85.76,71.48,87.17,59.65,Moderate
8,7.53,89.21,78.37,84.86,72.5,Low
4,9.13,92.19,77.09,80.94,68.7,Low
7,8.03,67.97,78.97,85.35,70.97,Moderate
3,8.26,84.58,83.71,90.89,72.51,Low
2,8.29,59.77,76.32,76.33,64.71,Moderate
7,7.39,66.97,75.23,79.07,64.28,Moderate
4,6.41,92.83,63.42,77.28,55.85,Moderate
3,9.45,100.0,92.01,100.0,83.8,Low
5,7.72,79.78,84.9,100.0,78.94,Low
8,8.38,63.7,85.57,92.24,80.78,Moderate
7,7.5,72.87,60.46,66.09,51.07,Moderate
3,7.2,91.11,72.51,73.74,70.7,Low
5,6.57,58.39,67.32,70.81,49.79,High
1,8.33,100.0,80.63,86.23,74.9,Low
6,7.42,72.47,68.99,81.77,55.46,Moderate
6,9.49,79.71,86.0,91.19,74.02,Low
7,9.05,94.53,89.5,96.56,82.38,Low
7,7.81,89.88,75.63,87.11,68.0,Low
2,4.8,50.0,44.81,47.67,36.11,High
5,9.14,100.0,91.6,100.0,82.8,Low
1,8.46,78.93,82.75,94.94,73.44,Low
7,7.05,77.15,71.35,83.23,58.59,Moderate
2,6.89,87.07,71.61,79.33,55.39,Moderate
3,4.53,78.84,39.8,50.71,30.53,High
1,5.44,69.72,58.17,72.35,51.4,High
2,7.21,92.27,69.74,75.3,61.94,Moderate
2,5.66,73.65,73.83,81.71,68.33,High
2,9.57,96.91,88.55,93.35,77.37,Low
6,7.55,90.67,91.21,92.59,82.78,Low
1,5.63,68.23,54.49,62.53,48.27,High
3,6.99,100.0,78.12,88.14,69.07,Moderate
4,8.69,66.69,77.48,83.94,73.4,Moderate
8,8.18,51.84,75.12,84.07,67.2,Moderate
6,7.45,97.08,68.79,77.04,59.37,Moderate
2,5.7,95.21,66.36,78.49,59.53,Moderate
4,6.96,85.7,69.87,78.32,59.72,Moderate
1,10.0,73.72,74.06,78.8,60.56,Low
8,7.98,90.85,75.85,83.0,65.45,Low
3,8.86,100.0,89.41,100.0,74.9,Low
8,8.08,91.02,81.63,86.46,73.96,Low
7,8.15,83.79,69.4,83.63,60.58,Moderate
1,4.5,54.62,50.62,51.44,47.7,High
8,7.32,100.0,75.96,94.21,65.37,Moderate
6,7.66,100.0,74.34,93.45,66.21,Low
2,9.53,100.0,94.26,100.0,90.03,Low
3,7.11,66.47,67.72,77.57,64.88,Moderate
8,6.83,79.82,62.31,74.02,53.86,Moderate
7,8.04,95.3,98.0,100.0,91.25,Low
6,6.42,60.0,63.6,74.96,54.65,High
4,8.99,82.43,85.89,90.37,78.7,Low
2,8.41,81.41,93.26,100.0,87.02,Low
4,4.99,71.82,60.41,65.12,54.09,High
6,7.2,81.97,66.88,81.09,62.6,Moderate
6,7.68,77.16,73.88,84.9,60.64,Moderate
8,7.03,78.91,77.51,93.61,68.64,Moderate
8,6.1,63.09,56.9,67.05,54.5,High
4,7.56,75.04,65.29,81.4,60.2,Moderate
5,6.12,68.14,67.66,75.65,64.24,High
7,7.21,77.65,73.76,84.18,67.14,Moderate
8,7.63,89.07,80.62,89.09,71.1,Moderate
8,9.07,87.0,96.06,100.0,82.64,Low
4,7.36,63.18,73.21,87.79,64.41,High
1,6.92,98.09,78.43,89.0,74.82,Moderate
6,7.56,56.65,66.55,70.34,53.93,High
1,9.76,87.78,98.0,99.29,83.03,Low
6,6.18,77.07,65.81,71.22,54.2,High
1,5.52,70.01,50.75,60.72,46.19,High
1,7.58,90.44,95.66,100.0,89.34,Low
1,8.01,80.13,77.76,81.28,65.16,Moderate
3,7.45,82.16,74.15,88.22,63.09,Moderate
5,7.92,65.93,82.83,89.37,72.05,Moderate
2,7.83,82.98,78.63,87.96,71.41,Moderate
4,8.51,71.32,86.23,98.24,79.71,Low
1,10.0,95.36,96.47,100.0,91.45,Low
3,4.08,77.29,52.72,66.23,47.23,High
8,9.57,100.0,98.0,100.0,87.31,Low
4,8.46,67.01,85.6,89.01,74.64,Moderate
2,7.65,76.86,68.89,80.71,56.32,Moderate
7,7.4,86.31,81.76,90.11,69.25,Low
1,10.0,100.0,90.17,97.86,80.85,Low
7,8.43,81.47,88.39,100.0,82.5,Low
3,5.51,75.9,69.47,80.01,52.24,High
8,5.37,86.71,72.13,75.66,64.5,High
6,7.55,54.31,67.49,79.14,60.22,High
1,6.24,83.68,58.58,72.52,49.75,High
5,9.0,88.28,88.94,96.36,71.86,Low
2,8.07,89.96,78.45,92.9,67.55,Low
6,8.36,82.27,83.33,90.37,74.65,Moderate
4,7.72,63.4,62.54,71.88,55.53,High
1,7.38,88.6,68.83,71.32,59.13,Moderate
2,10.0,90.49,91.51,95.29,88.66,Low
5,8.61,98.72,83.09,100.0,71.01,Low
7,9.51,94.68,98.0,100.0,89.78,Low
1,7.39,96.82,84.49,94.29,73.86,Moderate
3,6.56,99.42,83.44,93.18,76.57,Low
4,7.28,69.6,74.43,80.27,64.78,Moderate
8,9.17,94.67,86.18,95.73,71.78,Low
7,5.64,93.46,61.42,68.26,51.43,Moderate
4,7.48,76.41,68.25,75.71,55.91,Moderate
1,8.54,73.32,76.78,92.21,70.31,Moderate
1,10.0,100.0,95.31,100.0,80.87,Low
4,7.96,85.57,68.75,70.18,64.15,Moderate
4,6.03,79.44,76.08,81.77,70.47,Moderate
1,7.7,100.0,85.6,89.04,81.91,Low
7,7.4,84.09,78.62,87.82,76.77,Moderate
4,9.11,86.62,78.92,86.17,72.57,Low
1,7.26,62.76,62.59,72.86,56.66,High
3,9.56,96.18,93.37,100.0,86.57,Low
5,10.0,100.0,86.93,100.0,80.08,Low
6,7.65,73.09,84.97,93.25,67.57,Moderate
6,6.25,100.0,79.28,87.38,66.38,Moderate
5,9.04,87.28,85.4,93.62,76.27,Low
1,7.72,86.81,75.48,80.61,62.73,Moderate
4,7.4,93.63,79.24,81.18,69.14,Low
2,9.22,100.0,86.08,95.32,78.95,Low
7,7.88,90.98,71.34,79.68,59.88,Moderate
3,7.99,100.0,60.29,66.11,48.26,Moderate
5,8.1,81.74,72.75,73.98,66.52,Low
1,9.57,92.93,98.0,100.0,91.72,Low
7,7.0,81.78,77.79,86.28,73.43,Moderate
7,9.32,100.0,91.37,100.0,79.42,Low
8,9.09,98.15,86.28,96.26,78.3,Low
4,8.51,84.88,93.33,100.0,86.79,Low
3,6.29,70.66,70.85,84.88,56.0,High
5,10.0,93.88,86.52,95.38,75.65,Low
5,7.62,98.74,83.44,90.23,71.72,Low
1,7.93,88.0,84.92,94.61,81.28,Low
7,6.11,60.4,81.4,84.42,73.46,High
1,8.49,63.99,75.51,85.05,68.02,Moderate
7,6.67,61.75,62.76,72.31,51.79,High
3,7.28,89.07,73.74,80.15,58.81,Moderate
4,6.33,72.49,59.54,66.37,51.0,High
7,5.48,83.44,50.31,54.58,42.39,High
7,6.24,92.16,63.18,71.11,55.93,Moderate
5,8.16,54.33,64.41,72.39,60.19,High
1,7.22,65.24,70.72,84.66,63.28,Moderate
1,6.95,94.52,76.32,89.09,69.5,Moderate
2,9.13,96.52,81.68,91.03,74.31,Low
6,6.58,72.07,70.12,78.6,58.24,High
8,7.02,67.27,62.95,73.21,55.13,High
8,6.6,100.0,58.78,63.62,47.9,Moderate
8,7.24,79.16,76.66,81.52,66.02,Moderate
2,7.84,68.48,70.82,75.66,69.99,Moderate
3,8.2,87.32,78.74,85.33,69.29,Low
7,9.48,96.6,98.0,100.0,92.51,Low
6,7.31,65.88,67.97,76.99,59.22,Moderate
3,7.58,91.39,89.8,93.04,75.14,Low
5,9.51,62.48,79.62,85.03,68.18,Moderate
4,8.09,92.61,66.96,79.02,65.72,Moderate
4,5.05,85.87,49.99,55.64,43.62,High
4,9.06,68.35,83.14,88.0,70.56,Moderate
4,7.83,77.13,68.24,75.21,66.19,Moderate
4,8.35,72.51,85.49,92.58,73.81,Low
6,8.27,74.94,80.7,87.67,72.95,Moderate
3,7.0,79.74,81.5,93.58,78.62,Moderate
8,8.29,94.46,84.11,95.2,71.89,Low
2,8.12,83.03,84.74,93.69,75.92,Low
5,5.64,81.82,51.24,53.13,36.04,High
5,6.27,87.94,64.23,72.13,50.62,Moderate
5,8.21,95.91,76.0,85.36,65.25,Moderate
3,9.3,91.3,79.14,87.22,72.94,Low
5,7.31,99.41,69.86,77.17,57.45,Moderate
6,8.46,78.21,93.2,93.24,88.9,Low
7,7.0,86.85,71.72,83.47,59.93,Moderate
7,6.98,76.36,71.0,76.01,60.75,Moderate
6,7.3,100.0,75.18,78.07,66.27,Low
1,8.3,84.01,96.49,100.0,90.5,Low
3,6.84,71.75,61.11,64.78,51.27,High
7,5.83,72.32,54.2,56.13,48.57,High
3,7.77,93.64,86.29,94.88,74.42,Low
4,6.72,58.39,58.12,71.67,47.04,High
8,6.61,73.75,70.19,77.94,63.44,Moderate
3,8.42,93.65,81.77,84.24,77.04,Low
5,6.38,89.73,59.75,71.78,51.34,Moderate
7,7.39,74.12,80.48,84.6,67.72,Moderate
6,8.09,82.17,85.67,95.13,75.1,Low
7,7.93,82.53,75.92,85.54,67.54,Moderate
7,8.2,80.87,80.98,93.09,74.75,Low
6,7.59,100.0,71.3,84.03,61.08,Low
7,7.12,90.86,68.73,69.7,58.36,Moderate
8,8.27,81.97,83.57,90.07,69.88,Low
6,6.71,86.38,68.08,71.48,52.82,Moderate
1,7.31,68.81,76.09,81.12,62.8,High
4,8.92,92.82,90.76,93.69,85.49,Low
7,5.51,62.0,64.25,76.42,50.61,High
6,6.07,62.06,70.86,80.93,59.58,High
1,7.04,90.55,82.62,90.73,71.57,Low
1,8.78,91.84,88.02,89.31,81.16,Low
5,6.66,88.18,70.1,72.77,64.83,Moderate
8,10.0,100.0,89.06,91.74,77.38,Low
7,9.84,80.36,85.41,92.89,77.68,Low
3,9.11,83.17,90.3,100.0,85.98,Low
3,7.42,97.89,76.68,90.61,72.11,Low
8,9.57,76.9,75.16,82.07,62.87,Moderate
1,9.89,100.0,98.0,100.0,85.09,Low
8,7.37,87.95,73.21,89.85,61.65,Moderate
3,7.7,96.51,82.08,96.03,69.54,Low
4,6.61,90.09,85.58,93.27,71.83,Moderate
2,6.9,67.77,65.84,72.8,56.67,High
7,4.02,63.86,52.98,58.92,39.91,High
3,6.75,56.22,63.38,68.19,53.44,High
4,8.05,73.65,76.2,84.57,65.61,Moderate
4,5.22,58.95,55.36,65.08,44.53,High
6,8.23,77.54,69.69,81.73,60.44,Moderate
1,8.76,100.0,92.98,99.65,80.64,Low
2,6.69,63.68,65.46,81.32,54.3,High
6,6.96,76.22,72.58,79.41,65.76,Moderate
2,5.65,87.64,61.59,74.46,49.32,High
8,7.38,89.82,78.06,84.02,66.26,Low
3,8.98,85.27,81.47,91.95,76.36,Low
8,4.95,68.92,64.88,72.95,64.55,High
5,7.18,89.18,69.8,76.41,67.41,Moderate
7,10.0,84.6,98.0,100.0,93.52,Low
8,6.04,60.49,73.77,81.35,59.14,High
4,8.78,83.59,86.33,94.14,75.57,Low
3,8.51,69.47,75.86,76.33,61.82,Moderate
2,7.32,92.05,73.69,81.55,54.91,Moderate
4,7.32,77.24,73.64,80.51,66.05,Moderate
5,8.4,97.5,71.5,77.26,71.33,Low
7,9.9,87.08,95.39,96.52,88.71,Low
2,7.56,71.38,73.48,80.01,64.42,Moderate
2,7.17,75.27,64.11,79.46,60.39,Moderate
5,8.24,77.65,78.43,83.42,66.72,Moderate
3,6.73,97.98,68.4,85.63,51.61,Moderate
2,7.99,94.69,94.93,100.0,93.13,Low
7,8.23,62.68,70.8,80.7,65.44,Moderate
5,7.57,100.0,86.18,96.19,70.56,Low
1,8.69,100.0,88.72,94.37,76.46,Low
2,5.78,81.83,72.92,80.98,65.01,Moderate
6,7.08,85.98,68.87,71.91,66.74,Low
5,6.18,91.62,58.99,70.85,49.56,High
3,9.95,97.06,96.68,100.0,92.91,Low
2,7.59,68.99,60.44,78.27,45.53,High
5,4.5,55.98,51.02,59.59,47.34,High
1,7.24,92.43,75.74,86.47,63.26,Moderate
6,10.0,96.1,98.0,100.0,90.35,Low
7,8.57,78.62,76.99,81.36,74.73,Low
2,7.62,90.68,63.21,69.65,53.53,Moderate
6,6.94,58.0,59.3,66.24,47.66,High
1,7.32,60.57,73.21,81.21,67.22,High
8,6.95,87.53,70.27,78.38,66.95,Moderate
8,9.32,98.31,98.0,100.0,86.33,Low
6,9.23,100.0,86.67,91.34,80.83,Low
2,9.18,77.8,91.21,94.33,85.33,Low
2,9.17,95.31,83.29,97.76,72.43,Low
7,6.96,100.0,74.88,81.88,63.4,Moderate
5,7.54,75.15,76.35,80.86,67.11,Moderate
1,8.08,78.68,93.19,100.0,81.17,Low
4,7.04,100.0,77.39,91.07,69.5,Low
7,6.74,66.43,73.38,79.1,65.08,High
8,6.78,65.39,60.25,66.41,52.66,High
4,6.27,90.54,64.79,69.82,57.05,Moderate
5,6.85,80.16,66.11,69.18,60.67,Moderate
8,7.79,92.95,78.69,83.54,73.6,Low
8,6.33,95.97,74.37,85.84,71.81,Moderate
3,7.48,85.99,83.08,87.76,77.29,Moderate
7,7.71,96.69,79.63,81.39,73.45,Low
6,7.76,78.25,81.14,91.2,67.1,Moderate
3,6.48,66.58,58.39,64.67,43.32,High
4,8.43,81.56,87.85,97.57,82.5,Low
1,7.04,87.05,82.65,96.56,73.2,Moderate
8,6.96,77.59,66.2,76.37,61.94,Moderate
6,6.87,83.21,59.77,65.67,51.2,High
8,6.24,87.31,58.33,58.56,53.76,Moderate
6,8.67,95.55,91.31,100.0,86.2,Low
5,5.12,77.29,57.69,69.64,47.86,High
3,8.31,92.36,91.18,94.63,84.02,Low
3,8.23,87.47,86.21,91.67,82.05,Low
2,5.93,67.71,62.23,74.31,58.65,High
2,7.1,81.43,69.15,73.05,53.36,High
4,7.07,59.49,71.44,73.93,57.55,High
4,7.03,66.21,56.97,63.33,46.67,High
3,9.22,85.74,72.17,75.81,61.18,Low
4,7.3,83.14,74.9,82.02,61.06,Moderate
2,8.06,77.04,70.79,77.9,58.15,Moderate
5,8.27,67.72,75.44,87.76,69.71,Moderate
4,7.84,82.86,75.14,85.18,72.81,Low
3,10.0,96.88,93.08,99.41,83.77,Low
8,7.49,94.4,67.15,73.25,57.04,Low
2,7.86,100.0,73.06,83.99,65.98,Low
7,6.89,81.53,79.08,79.1,63.39,Moderate
4,6.48,100.0,91.76,95.52,77.05,Low
6,6.51,69.12,57.67,65.6,49.27,High
8,5.88,80.34,58.07,63.47,44.22,High
2,8.07,83.06,89.67,100.0,77.45,Low
4,7.46,78.74,71.86,73.63,58.38,Moderate
7,6.26,81.45,81.28,90.89,69.26,Moderate
1,9.56,80.12,90.45,91.67,80.97,Low
2,7.99,61.06,77.55,86.51,66.55,Moderate
5,9.73,100.0,88.92,93.63,79.9,Low
8,6.89,87.91,91.28,98.66,89.86,Low
4,8.17,63.85,79.6,85.7,66.32,Moderate
4,6.82,71.61,68.76,71.19,57.68,Moderate
2,8.58,100.0,90.4,94.08,89.07,Low
2,7.8,95.22,95.15,100.0,83.1,Low
1,6.06,74.15,62.02,72.78,55.47,High
3,7.47,90.66,56.07,68.51,45.93,Moderate
4,5.77,75.68,71.29,77.37,62.17,High
6,9.02,90.52,81.65,93.47,74.7,Low
1,6.99,83.89,75.08,75.37,62.99,Low
5,6.81,62.4,64.5,64.96,58.46,High
2,9.47,76.89,88.74,100.0,68.14,Low
4,9.27,92.76,98.0,100.0,90.49,Low
3,8.25,90.16,76.83,90.71,64.09,Low
5,7.76,88.16,83.01,94.78,68.94,Low
7,7.42,91.91,88.6,97.11,79.82,Low
2,8.33,80.33,77.11,90.86,67.8,Low
8,5.27,69.51,50.05,55.22,43.02,High
6,7.67,83.61,73.14,87.99,65.66,Moderate
5,7.0,67.37,69.33,77.73,52.34,Moderate
2,7.43,98.03,84.94,91.53,72.89,Low
2,6.5,58.47,46.66,59.52,35.03,High
8,9.47,100.0,98.0,98.06,90.6,Low
1,8.12,84.43,75.26,86.28,64.83,Moderate
3,7.06,86.82,80.67,84.51,72.2,Low
1,5.52,50.0,62.83,68.1,52.79,High
8,7.96,98.69,70.09,80.2,57.93,Low
3,7.67,91.18,82.15,95.15,72.0,Low
8,8.83,79.97,95.96,100.0,90.89,Low
4,9.16,93.98,94.11,97.61,81.45,Low
4,7.07,72.12,69.48,81.56,66.11,Moderate
6,10.0,82.45,98.0,100.0,93.7,Low
2,9.42,88.57,86.92,97.34,78.05,Low
8,6.55,77.79,74.77,87.42,68.32,Moderate
5,7.92,97.33,94.62,100.0,86.63,Low
6,8.04,100.0,86.16,93.94,68.27,Low
8,8.33,87.63,87.12,100.0,79.65,Low
4,8.29,82.51,91.18,100.0,82.37,Low
8,6.48,83.58,55.23,64.09,42.05,High
2,8.22,80.83,84.46,96.87,74.37,Low
5,7.05,74.65,72.67,79.86,65.06,Moderate
6,8.02,95.86,77.24,83.15,68.94,Low
7,7.12,50.0,64.28,77.4,61.24,High
7,7.16,80.24,72.18,88.74,60.86,Moderate
3,7.11,81.87,89.66,100.0,83.2,Moderate
4,6.73,77.4,72.52,76.87,61.91,Moderate
2,6.26,80.71,63.82,75.93,53.2,High
5,9.15,81.22,90.97,93.36,78.7,Low
2,6.06,89.23,72.07,76.45,67.91,Moderate
6,8.65,88.55,80.32,87.06,72.12,Low
1,7.9,87.49,77.85,89.5,69.74,Low
5,6.81,76.6,74.78,85.35,65.18,Moderate
1,8.53,97.07,71.99,79.62,61.73,Low
2,9.17,93.99,94.31,100.0,91.67,Low
5,7.29,75.45,67.53,76.04,53.7,Moderate
8,7.06,89.94,71.95,75.52,68.2,Moderate
5,8.04,71.71,84.49,92.67,78.56,Low
8,7.89,74.68,67.0,70.86,54.84,Moderate
4,9.12,67.54,95.85,100.0,93.28,Low
5,8.95,91.34,88.67,95.68,77.75,Low
2,9.63,100.0,98.0,100.0,87.32,Low
6,5.97,74.03,68.21,77.03,52.9,High
4,6.83,89.07,72.42,80.89,60.3,Moderate
5,8.06,77.87,76.69,86.68,65.71,Moderate
8,7.24,50.0,59.5,69.38,47.83,High
8,9.9,81.4,87.34,92.35,85.38,Low
8,8.04,86.4,86.29,97.7,77.04,Low
3,9.07,85.54,92.12,100.0,77.46,Low
1,9.9,98.02,91.77,95.19,83.85,Low
7,7.74,72.97,79.22,83.61,72.12,Moderate
1,7.07,73.31,74.72,77.01,61.07,Moderate
7,9.42,96.58,93.13,100.0,80.45,Low
3,7.83,89.01,75.7,86.68,65.59,Low
1,7.64,90.41,79.09,89.29,67.92,Low
5,6.57,89.81,58.96,69.57,52.11,Moderate
7,8.59,95.1,89.48,98.89,80.95,Low
8,6.93,100.0,79.32,93.1,71.58,Low
5,6.38,81.2,75.41,82.3,62.05,Moderate
8,7.12,78.02,70.24,78.52,57.85,Moderate
1,6.6,100.0,69.85,78.25,68.63,Moderate
4,6.63,70.34,65.66,66.06,61.6,High
3,6.39,61.98,60.69,70.37,51.93,High
3,5.77,82.94,60.74,73.87,55.81,High
1,9.15,79.2,95.36,100.0,85.52,Low
1,8.4,87.95,95.04,100.0,88.53,Low
2,5.79,82.45,56.79,65.77,44.47,High
4,8.46,100.0,94.99,100.0,86.53,Low
3,8.92,66.33,80.53,85.53,64.95,Moderate
4,8.17,81.02,90.42,98.46,83.24,Low
4,8.46,95.61,87.08,92.28,76.88,Low
1,8.87,97.43,89.51,91.26,78.14,Low
1,7.67,73.97,78.26,90.91,68.37,Moderate
1,7.96,90.89,77.63,86.74,70.25,Low
8,8.14,63.83,80.65,94.13,71.71,Moderate
1,8.48,84.49,86.72,96.19,72.31,Low
7,9.75,83.42,98.0,100.0,91.08,Low
5,8.01,81.35,66.08,77.88,53.37,Moderate
5,7.0,68.37,48.84,62.43,48.54,High
7,8.84,100.0,95.92,100.0,90.83,Low
5,7.27,78.02,69.19,84.87,60.74,Moderate
2,6.16,83.85,64.17,71.21,56.8,High
8,8.7,91.59,91.38,100.0,85.9,Low
2,8.19,58.09,65.95,75.36,58.87,High
6,10.0,86.07,98.0,100.0,92.75,Low
3,6.65,81.98,76.01,79.77,70.16,Moderate
5,9.52,100.0,98.0,100.0,91.18,Low
4,8.36,95.85,93.42,94.38,80.02,Low
7,9.78,100.0,89.73,100.0,79.25,Low
8,6.28,84.79,72.08,79.24,63.95,Moderate
5,7.16,60.35,60.29,64.98,52.43,High
2,7.46,77.37,76.1,87.91,59.09,Moderate
4,6.39,89.82,61.07,76.17,53.0,Moderate
8,7.15,71.93,71.86,76.71,61.94,High
4,7.24,85.82,74.56,77.56,62.94,Moderate
5,5.95,89.74,68.4,78.57,61.62,Moderate
4,7.68,69.4,75.37,90.55,58.03,Moderate
5,8.12,84.3,88.69,97.96,76.54,Low
5,8.92,94.8,84.25,99.81,76.5,Low
2,8.82,93.35,86.62,86.73,77.01,Low
1,7.88,78.35,75.36,81.87,61.99,Moderate
1,9.43,100.0,94.94,100.0,85.08,Low
1,8.59,89.11,86.86,100.0,76.46,Low
1,7.26,94.63,62.66,72.48,44.37,Moderate
6,8.98,84.29,93.52,100.0,82.33,Low
6,7.72,96.2,83.24,89.86,73.62,Low
6,6.23,83.15,56.81,66.16,52.12,High
3,8.59,62.23,81.01,91.34,74.71,Moderate
1,10.0,100.0,88.77,92.27,77.34,Low
7,8.08,95.69,90.09,100.0,85.13,Low
1,8.84,92.01,86.58,86.89,76.3,Low
5,5.29,73.42,65.43,78.58,61.5,High
3,7.58,86.11,79.11,87.46,72.08,Moderate
8,9.45,89.53,87.38,90.14,74.74,Low
1,5.64,65.29,53.43,65.02,35.92,High
6,7.29,90.06,97.68,100.0,85.42,Low
2,8.66,76.38,89.11,98.61,76.64,Low
6,6.17,58.5,61.15,63.16,49.54,High
4,7.82,72.36,87.97,89.65,73.97,Moderate
2,8.57,84.5,77.07,84.88,71.46,Low
2,7.97,86.05,76.82,85.17,67.15,Moderate
4,7.91,72.73,65.67,77.34,54.1,Moderate
8,6.98,69.05,76.7,86.86,73.98,Moderate
4,5.87,76.19,65.94,71.57,56.16,High
4,9.91,96.24,79.56,84.73,74.29,Low
5,6.94,89.76,81.48,88.41,75.27,Moderate
6,7.73,70.13,76.55,80.14,69.94,Moderate
1,9.84,100.0,91.74,98.07,73.32,Low
5,7.56,72.27,65.49,79.49,59.34,Moderate
6,6.37,92.2,67.31,73.74,58.2,Moderate
2,6.62,62.89,67.78,75.09,58.59,High
8,8.97,74.63,82.28,93.49,72.93,Low
1,7.98,58.23,62.85,65.31,47.55,High
1,10.0,77.41,88.98,96.64,82.46,Low
6,8.11,80.67,84.78,92.8,78.03,Moderate
8,5.14,86.77,60.0,68.61,49.54,High
1,8.49,90.4,75.67,87.86,64.97,Moderate
4,8.21,77.33,82.5,83.27,74.04,Low
3,6.69,100.0,73.92,82.08,67.96,Moderate
8,7.88,100.0,87.17,99.51,84.35,Low
3,7.29,53.57,75.92,86.85,62.38,High
3,9.51,68.8,93.91,95.12,89.32,Low
7,7.0,68.82,75.26,80.46,67.83,High
7,9.75,97.97,90.67,98.45,74.01,Low
4,6.57,79.31,50.8,64.72,32.21,High
2,8.25,95.4,85.84,93.78,75.36,Low
4,6.68,64.47,53.75,66.64,40.05,High
1,9.52,95.21,95.68,100.0,86.08,Low
3,7.42,82.46,62.77,76.18,56.27,High
5,7.72,78.47,79.75,85.87,69.44,Moderate
3,8.55,94.29,75.26,90.46,64.0,Low
3,7.98,99.52,72.28,76.21,59.87,Low
7,5.31,63.81,73.45,81.18,65.51,High
3,8.31,59.5,68.79,77.78,59.86,Moderate
4,7.61,73.41,74.84,84.61,61.82,Moderate
1,8.64,82.0,80.39,85.47,68.59,Low
4,7.87,66.22,75.02,79.07,70.46,Moderate
7,7.38,71.45,83.71,86.08,71.06,Moderate
2,7.93,76.74,64.93,72.75,53.07,Moderate
7,9.09,91.65,93.94,100.0,82.78,Low
6,4.16,54.57,52.1,57.35,47.82,High
1,7.57,80.26,81.08,92.14,68.02,Moderate
1,7.32,74.35,65.15,78.25,56.06,Moderate
4,7.83,100.0,86.68,100.0,73.86,Low
2,8.59,98.16,77.94,83.52,72.53,Low
6,8.69,92.26,84.03,94.78,78.96,Low
5,7.17,52.63,82.7,93.61,74.43,Moderate
7,6.1,61.87,45.42,56.45,38.41,High
1,7.92,100.0,78.1,91.41,71.02,Moderate
6,6.73,75.04,78.82,88.04,71.87,Moderate
6,7.2,80.95,77.0,87.33,65.64,Moderate
7,8.49,85.17,66.35,68.11,53.47,Low
2,7.37,99.95,77.68,89.92,68.95,Moderate
7,6.73,64.3,62.6,71.64,57.15,High
1,6.79,68.88,70.99,76.74,69.86,Moderate
8,8.24,53.13,66.6,80.96,53.5,High
5,8.65,79.58,85.19,96.39,78.6,Low
1,8.11,100.0,98.0,100.0,89.93,Low
7,9.1,93.99,95.22,100.0,80.76,Low
8,6.37,88.51,67.97,71.8,56.76,Moderate
8,6.47,66.34,66.91,73.44,53.85,High
8,5.69,66.99,61.41,75.78,48.63,High
8,8.7,75.4,71.04,80.17,55.19,Moderate
1,8.28,81.95,82.4,89.92,71.83,Low
3,8.54,78.64,88.2,97.71,79.67,Low
3,9.94,100.0,87.69,96.39,79.89,Low
2,5.64,63.63,78.66,84.24,73.98,High
2,8.87,100.0,86.72,92.52,73.82,Low
4,6.73,86.2,75.52,88.12,66.44,Moderate
3,8.17,85.55,86.81,95.16,84.93,Low
3,7.63,74.36,72.46,85.36,66.68,Moderate
4,7.03,91.29,76.38,89.57,69.86,Moderate
2,9.01,91.83,94.77,99.22,86.55,Low
6,7.78,72.85,75.39,82.56,67.62,Moderate
1,7.09,81.82,60.78,61.22,56.95,Moderate
7,6.33,80.58,75.69,87.5,70.99,Moderate
4,8.69,92.76,96.83,100.0,83.97,Low
6,7.48,100.0,77.27,86.86,64.15,Moderate
7,6.88,80.58,73.94,81.92,63.68,Moderate
2,5.88,78.97,69.16,77.08,61.8,High
3,10.0,87.5,78.67,85.68,68.28,Low
7,8.28,78.93,87.09,97.53,73.82,Low
8,8.34,75.83,77.92,80.83,70.54,Low
6,8.96,96.45,88.97,92.55,71.89,Low
2,9.2,80.5,82.81,91.07,78.26,Low
8,8.49,100.0,87.94,96.63,77.66,Low
4,8.56,76.52,78.08,85.68,66.7,Low
4,5.69,100.0,75.67,86.65,66.09,Moderate
5,7.01,73.07,72.91,87.61,53.9,High
2,6.45,75.6,63.56,73.78,62.91,High
7,5.65,80.94,57.12,72.83,45.89,High
7,8.27,69.53,81.22,96.8,72.53,Moderate
6,7.1,63.92,75.53,76.62,72.13,Moderate
6,9.07,91.92,83.31,86.41,75.58,Low
4,7.46,78.51,88.22,91.16,74.75,Moderate
4,5.59,64.36,57.43,61.15,54.78,High
2,8.16,64.57,80.19,88.73,71.79,Moderate
4,7.78,70.0,83.97,89.06,74.31,Moderate
7,8.19,81.51,66.6,74.57,57.08,Low
7,9.03,100.0,81.66,87.98,74.55,Low
3,7.49,74.03,65.26,74.87,54.97,Moderate
2,7.18,80.94,65.96,70.82,60.86,Moderate
4,8.45,89.11,76.75,87.44,67.76,Low
7,5.55,66.17,60.04,69.08,42.83,High
3,7.69,85.58,93.28,95.81,86.44,Low
1,10.0,69.56,77.16,86.96,70.12,Low
7,9.41,81.26,78.4,84.62,67.6,Low
5,7.63,81.99,84.5,92.48,70.98,Moderate
2,10.0,86.73,98.0,100.0,95.0,Low
1,7.18,61.02,66.34,76.1,57.84,High
8,7.23,92.11,69.94,74.2,64.44,Moderate
7,9.27,75.44,74.07,85.6,71.14,Moderate
6,6.37,82.68,72.8,72.81,59.68,Moderate
1,10.0,98.56,89.76,99.85,78.65,Low
5,9.76,80.85,84.2,91.45,76.64,Low
7,5.86,74.79,65.54,68.42,59.36,High
7,8.54,91.74,72.31,78.89,57.93,Low
2,10.0,100.0,91.77,100.0,86.98,Low
3,7.4,82.61,71.88,81.15,66.37,Moderate
6,7.99,73.05,89.96,100.0,79.32,Moderate
4,7.41,76.82,89.53,95.13,81.73,Low
4,6.35,63.34,50.1,61.63,43.88,High
2,6.43,70.27,68.51,78.09,61.1,High
2,6.28,65.68,68.76,79.51,60.77,High
3,6.08,66.86,69.27,77.49,62.91,High
1,6.9,65.95,63.6,67.4,57.2,Moderate
4,8.7,88.06,83.91,89.02,70.53,Low
8,6.55,61.23,57.46,65.59,49.62,High
2,6.14,80.84,53.7,67.23,35.17,High
6,8.25,100.0,88.2,92.58,81.06,Low
6,6.54,77.88,81.8,90.13,77.41,Moderate
2,8.69,65.07,74.31,86.87,67.36,Moderate
1,8.62,80.95,68.65,70.9,58.44,Moderate
7,8.61,100.0,98.0,100.0,86.93,Low
4,6.06,78.03,64.26,70.09,61.97,Moderate
1,9.92,95.64,91.6,93.99,81.15,Low
5,6.96,84.4,64.07,72.75,58.61,Moderate
3,6.79,77.69,69.36,76.92,63.03,Moderate
3,6.7,58.28,62.66,66.65,50.25,High
3,8.23,91.28,83.73,91.24,78.21,Low
4,8.99,94.24,88.71,95.98,83.53,Low
5,6.79,84.49,62.77,68.21,51.34,Moderate
7,4.37,57.5,44.1,49.25,35.23,High
4,7.58,80.34,85.99,93.82,84.05,Moderate
4,6.67,80.24,72.46,85.93,66.38,Moderate
5,8.21,89.92,98.0,100.0,91.5,Low
8,5.04,78.69,67.96,83.85,55.27,High
8,5.23,98.91,60.75,66.63,60.72,Moderate
3,8.07,81.74,81.69,87.63,70.43,Moderate
4,6.0,77.64,61.55,68.26,52.48,High
3,6.69,71.47,68.78,72.88,63.57,Moderate
7,7.28,97.97,72.6,80.99,64.93,Low
8,7.1,75.47,72.34,79.85,62.79,Moderate
2,7.62,81.9,84.36,96.32,78.11,Low
4,8.59,100.0,77.53,85.39,68.81,Low
1,6.58,100.0,66.46,76.03,49.86,Moderate
5,7.01,97.03,78.81,87.4,69.09,Low
1,7.64,82.64,70.96,77.7,65.42,Moderate
4,7.12,97.5,76.55,82.85,66.07,Moderate
6,7.69,92.07,74.73,92.38,71.73,Low
1,8.29,84.92,83.52,91.85,73.46,Low
5,10.0,65.39,98.0,100.0,81.51,Low
1,5.68,77.41,69.89,78.44,55.52,High
1,7.21,77.08,82.05,87.98,69.9,Moderate
8,6.91,50.51,63.95,70.97,60.17,High
6,7.92,89.63,80.69,84.33,77.0,Low
8,7.38,62.58,64.36,66.19,60.34,High
7,6.76,86.19,83.18,90.41,78.01,Moderate
2,8.46,82.39,83.51,88.05,71.22,Low
6,7.82,83.0,83.16,94.81,75.91,Moderate
1,6.45,78.41,69.97,78.16,62.75,Moderate
1,7.79,86.26,70.52,76.65,60.91,Moderate
6,6.69,85.7,71.37,84.46,65.43,Moderate
2,8.09,68.77,68.64,82.24,62.36,Moderate
2,8.71,72.23,80.8,87.49,69.42,Moderate
6,7.99,77.86,82.78,94.52,78.81,Moderate
3,8.72,58.33,89.34,98.32,79.34,Moderate
5,9.37,92.33,93.84,99.67,83.16,Low
5,6.32,69.68,68.23,71.67,57.38,High
3,7.76,71.59,65.64,78.48,57.69,Moderate
6,9.58,100.0,87.46,96.52,73.26,Low
4,7.29,97.55,73.82,76.32,71.28,Low
8,5.98,84.57,67.0,75.25,56.5,High
8,8.32,98.13,76.84,92.57,74.15,Low
6,7.08,100.0,66.24,75.18,55.91,Moderate
5,7.08,98.34,91.92,100.0,82.6,Low
8,9.73,77.84,96.47,100.0,90.06,Low
4,8.35,91.64,84.71,87.58,77.76,Low
4,8.28,75.16,80.04,88.13,70.09,Moderate
3,9.75,81.98,89.16,96.93,78.73,Low
2,7.54,96.61,87.51,100.0,79.34,Low
3,10.0,100.0,89.36,99.77,72.73,Low
2,8.23,83.88,90.64,95.6,81.6,Low
7,8.03,73.61,75.31,77.43,68.67,Moderate
8,9.29,81.59,85.42,100.0,73.5,Low
8,10.0,81.14,98.0,100.0,88.67,Low
1,7.19,84.87,70.67,79.08,59.68,Moderate
8,8.19,73.4,74.75,76.05,70.95,Moderate
4,8.95,84.11,83.96,90.82,67.81,Low
6,6.43,64.14,64.34,71.92,53.67,High
2,8.62,90.88,90.56,100.0,89.4,Low
4,4.8,90.53,52.87,61.58,49.5,High
3,6.4,65.32,62.41,75.58,62.2,High
1,8.23,95.46,92.84,100.0,82.48,Low
2,7.72,64.26,69.82,79.93,67.81,High
8,8.67,98.42,95.54,100.0,81.68,Low
8,8.77,89.04,72.14,80.12,65.0,Low
2,6.68,50.0,56.76,65.31,49.41,High
7,6.05,93.94,61.99,68.61,49.36,Moderate
7,8.11,63.14,67.76,71.57,54.6,Moderate
7,7.0,100.0,57.41,67.75,44.15,Moderate
5,6.98,78.28,67.62,75.85,65.96,Moderate
1,7.6,76.06,82.91,88.95,62.94,Moderate
3,8.89,93.63,90.26,100.0,81.73,Low
2,7.7,85.79,79.83,91.47,69.16,Moderate
5,9.05,100.0,93.8,99.79,88.26,Low
5,8.27,74.4,94.91,95.12,90.45,Low
5,8.25,94.55,84.31,95.42,76.65,Low
8,7.64,64.6,73.04,80.21,66.59,Moderate
4,9.21,92.39,86.37,90.64,72.71,Low
3,6.17,73.69,64.57,74.22,52.68,High
6,9.44,100.0,90.24,98.58,82.47,Low
8,7.55,71.23,68.07,75.11,57.06,Moderate
5,5.23,77.59,56.97,61.77,49.38,High
5,9.53,99.63,98.0,100.0,94.99,Low
5,9.14,71.99,97.28,100.0,88.89,Low
8,5.34,87.59,70.79,76.52,60.15,High
1,7.43,74.63,75.0,82.07,65.29,Moderate
2,7.17,90.26,73.65,81.31,60.92,Moderate
1,7.36,84.99,65.57,76.97,53.9,Moderate
5,8.04,92.97,77.62,78.51,73.48,Low
7,8.74,88.59,80.36,90.61,70.8,Low
7,10.0,99.87,89.23,92.77,82.39,Low
2,7.22,77.49,77.17,82.13,73.31,Moderate
4,8.2,88.57,81.51,93.91,71.5,Low
3,5.53,87.93,63.05,74.79,57.78,Moderate
5,5.84,55.99,51.11,53.66,46.07,High
1,4.44,61.75,49.4,61.34,46.56,High
7,9.92,64.5,91.47,91.79,76.18,Low
6,8.82,100.0,98.0,100.0,87.68,Low
2,6.18,87.2,72.36,86.07,67.89,Moderate
8,7.09,79.13,69.75,81.8,62.68,Moderate
1,10.0,100.0,98.0,100.0,88.99,Low
6,6.95,84.42,74.12,87.75,70.32,Moderate
3,6.76,71.49,75.23,76.39,66.8,High
6,8.73,85.01,83.09,95.44,76.01,Low
7,10.0,87.24,98.0,100.0,87.67,Low
1,6.83,85.94,78.28,81.03,61.64,Moderate
6,5.11,75.6,61.06,67.61,50.13,High
2,7.58,100.0,89.68,93.22,86.52,Low
1,8.1,91.54,68.14,78.43,59.35,Moderate
7,10.0,77.69,98.0,98.32,92.99,Low
1,6.56,74.48,68.65,81.61,62.46,High
4,7.32,82.35,76.51,76.91,62.69,Moderate
6,8.96,86.42,80.43,95.62,73.62,Low
8,9.47,100.0,95.65,100.0,91.52,Low
2,8.3,50.0,81.34,91.61,77.06,Moderate
2,7.01,94.33,68.95,79.76,63.08,Moderate
6,8.07,75.21,75.38,91.42,68.16,Moderate
5,7.82,72.67,82.31,87.19,73.54,Moderate
1,6.58,77.84,80.44,91.97,66.57,Moderate
5,6.39,86.75,88.11,92.95,77.74,Moderate
3,9.43,77.64,98.0,100.0,79.63,Low
2,6.86,66.81,61.9,76.56,53.76,High
2,8.92,100.0,88.45,95.86,83.63,Low
8,8.92,85.36,92.91,98.24,87.73,Low
4,7.79,100.0,79.85,85.61,68.39,Low
3,7.81,91.68,89.57,100.0,80.51,Low
8,7.7,64.68,73.79,80.98,63.27,Moderate
1,7.45,72.13,71.32,77.68,64.27,Moderate
6,9.0,91.38,81.23,88.26,67.39,Low
1,7.23,72.06,77.23,89.7,69.2,Moderate
2,7.66,89.88,77.87,87.52,64.69,Moderate
6,6.68,65.94,79.3,95.01,72.54,Moderate
5,7.43,88.91,77.65,87.38,72.82,Low
8,6.7,77.12,65.18,70.71,55.65,High
2,6.06,74.19,74.51,81.12,64.89,Moderate
8,6.75,100.0,82.17,87.7,77.47,Low
1,6.72,65.52,81.91,89.79,75.43,Moderate
8,7.56,65.33,89.94,98.1,85.26,Moderate
5,5.74,61.2,57.03,65.09,45.45,High
4,8.76,92.51,89.1,99.81,76.67,Low
8,6.64,68.42,58.39,61.16,54.52,High
6,7.73,72.67,66.34,77.3,62.78,Moderate
7,5.91,80.48,60.67,68.95,48.87,High
7,7.52,62.72,68.16,75.57,61.67,High
2,7.15,95.06,70.19,78.98,65.17,Moderate
4,7.65,87.97,63.08,70.22,50.21,Moderate
1,8.06,82.4,82.79,84.51,77.12,Low
2,5.84,67.86,68.78,77.91,59.82,High
1,8.93,91.16,98.0,100.0,94.56,Low
7,6.94,63.43,56.62,64.72,46.95,High
4,7.72,77.02,78.0,84.81,64.34,Moderate
4,8.31,81.53,78.31,83.05,71.05,Moderate
3,7.19,84.77,81.19,85.4,73.06,Moderate
8,8.17,98.83,86.24,99.41,81.06,Low
4,4.23,87.07,56.43,60.31,50.72,High
7,7.32,80.75,80.79,90.94,76.52,Moderate
5,9.11,96.49,98.0,100.0,88.4,Low
4,6.5,89.51,72.6,81.56,65.32,Moderate
5,9.15,74.21,85.17,94.28,78.37,Low
6,7.9,91.19,78.5,88.66,73.71,Low
4,7.41,89.24,75.59,87.76,64.65,Moderate
8,7.33,85.62,64.87,75.8,59.9,Moderate
4,7.33,92.82,73.78,81.83,68.1,Moderate
1,7.44,90.12,70.42,75.23,62.67,Moderate
5,5.6,81.17,61.71,68.67,56.13,Moderate
4,7.54,100.0,80.86,87.01,71.12,Low
8,7.76,72.02,69.42,83.27,58.33,Moderate
7,7.67,100.0,83.51,99.3,77.42,Low
7,7.3,82.58,77.62,78.85,66.06,Moderate
5,8.94,93.96,94.33,100.0,84.43,Low
3,5.05,76.68,52.33,59.81,49.39,High
3,9.62,83.94,85.82,92.76,75.1,Low
7,8.04,62.85,79.72,87.63,70.1,Moderate
5,7.81,81.74,80.16,91.72,66.83,Low
7,9.21,76.76,88.98,92.38,81.07,Low
5,7.73,86.44,78.19,80.39,70.87,Moderate
2,8.01,85.27,83.78,88.47,74.5,Low
6,10.0,100.0,98.0,100.0,89.44,Low
4,10.0,79.81,92.65,100.0,89.57,Low
6,7.74,74.33,76.6,78.93,69.07,Moderate
8,9.0,92.07,98.0,100.0,92.23,Low
8,7.36,92.56,67.44,75.26,59.16,Moderate
7,8.83,68.94,94.49,99.62,78.78,Low
2,6.73,61.2,57.05,64.45,48.48,High
6,6.42,52.37,59.81,60.93,54.09,High
1,6.56,50.0,58.34,62.81,53.51,High
2,7.16,91.35,81.85,85.18,71.8,Low
7,6.25,96.77,67.47,88.24,58.15,Moderate
6,8.88,84.77,86.23,88.42,76.72,Low
5,8.13,84.38,73.44,80.65,66.6,Moderate
7,7.21,65.78,51.82,64.92,38.94,High
7,5.98,83.0,52.73,57.28,47.6,High
4,7.01,96.25,71.93,77.95,60.6,Moderate
5,7.0,86.51,78.78,90.65,66.18,Low
6,5.81,75.97,62.28,63.95,58.44,High
6,6.74,53.33,55.62,61.18,43.29,High
5,7.29,87.47,77.33,85.99,71.02,Moderate
1,7.18,76.25,70.47,74.61,63.17,Moderate
6,6.13,76.9,56.34,64.28,44.72,High
8,8.73,57.81,67.02,82.22,50.52,Moderate
6,8.89,82.43,75.48,77.94,63.74,Low
1,8.09,52.54,68.33,72.55,55.28,High
2,8.37,86.3,89.98,93.76,81.76,Low
3,8.55,93.21,92.85,100.0,85.81,Low
8,10.0,92.87,98.0,99.45,89.72,Low
2,9.79,84.69,80.11,81.24,67.97,Low
6,7.34,75.75,66.79,73.57,61.5,Moderate
8,6.69,73.95,67.82,75.35,54.2,High
7,7.48,79.35,76.41,87.92,69.62,Moderate
1,7.4,66.33,59.74,70.81,48.55,High
1,7.11,76.43,70.39,79.13,63.0,Moderate
7,10.0,96.24,91.82,100.0,86.76,Low
4,8.91,68.03,83.81,89.38,77.13,Moderate
3,8.57,81.42,97.53,100.0,88.57,Low
2,6.66,69.51,61.31,68.81,48.94,High
7,6.87,81.79,61.04,65.64,55.14,High
4,6.27,67.17,72.16,73.0,64.41,High
8,8.72,70.52,98.0,100.0,89.37,Low
7,8.69,91.69,81.29,89.47,77.8,Low
8,7.03,72.25,78.66,91.63,70.81,Moderate
4,10.0,96.63,98.0,100.0,86.9,Low
1,10.0,100.0,98.0,100.0,88.36,Low
1,10.0,100.0,93.47,100.0,88.0,Low
1,8.65,61.98,78.99,85.43,72.18,Moderate
2,5.24,64.18,72.25,81.76,61.67,High
1,7.61,64.7,71.78,79.21,63.49,Moderate
6,7.05,81.28,64.88,76.87,54.27,Moderate
6,10.0,100.0,87.88,96.71,82.35,Low
6,8.97,100.0,73.81,81.66,64.94,Low
7,9.63,71.49,91.68,97.73,89.6,Low
4,6.37,80.84,61.14,71.37,55.34,High
3,8.45,84.98,71.89,84.28,69.05,Moderate
2,7.85,69.61,81.09,92.97,78.86,Moderate
3,7.75,58.69,68.53,76.78,53.82,Moderate
1,9.33,87.67,76.51,84.31,66.43,Low
6,9.44,96.94,97.05,100.0,95.0,Low
1,8.49,96.81,96.7,100.0,89.58,Low
4,5.94,63.41,69.89,77.81,65.28,High
5,6.44,65.33,59.42,72.82,50.95,High
3,7.28,78.59,70.76,77.73,69.32,Moderate
3,7.78,99.76,84.21,92.09,72.99,Low
7,6.67,63.5,66.9,76.12,60.8,High
8,8.39,78.17,81.73,89.16,72.84,Low
2,7.98,90.14,74.9,81.9,62.63,Low
5,10.0,80.8,98.0,100.0,90.48,Low
1,9.26,85.28,82.95,95.15,71.64,Low
3,6.68,100.0,63.84,71.2,54.97,Moderate
2,6.68,84.97,69.86,77.54,54.77,Moderate
3,5.11,65.38,45.85,53.78,32.24,High
2,7.25,80.57,86.29,87.41,80.48,Low
5,7.33,88.26,72.66,81.08,62.16,Moderate
8,8.03,95.15,75.84,79.51,71.13,Low
7,6.88,80.09,63.25,69.13,50.11,Moderate
8,7.45,61.91,65.63,74.62,63.92,Moderate
5,8.38,82.47,84.02,86.22,74.41,Low
8,6.94,90.51,68.41,73.33,63.99,Moderate
3,5.5,60.64,58.37,66.67,51.88,High
1,8.81,82.81,83.12,91.37,79.83,Low
1,6.58,81.04,75.46,79.07,67.79,Moderate
3,7.68,80.02,66.26,69.54,56.42,Moderate
8,7.74,100.0,78.03,80.15,72.81,Low
2,6.02,73.77,67.66,77.34,61.71,Moderate
2,9.48,100.0,90.02,100.0,79.71,Low
1,6.0,77.65,55.93,63.17,47.81,High
8,7.87,93.76,66.06,76.26,45.26,Moderate
6,6.94,83.41,68.04,76.51,60.8,Moderate
7,6.72,73.35,67.66,77.44,61.78,High
1,8.28,67.37,77.83,88.28,67.27,Moderate
1,8.71,78.01,97.65,100.0,80.39,Low
4,6.49,94.98,79.13,79.55,66.71,Moderate
1,8.5,83.43,75.05,80.41,64.18,Moderate
7,7.9,61.25,69.72,78.68,58.97,Moderate
3,7.22,84.27,69.12,69.41,62.75,Moderate
7,7.63,87.53,87.54,100.0,79.04,Low
2,6.92,89.37,70.94,79.39,60.49,Moderate
7,6.63,92.89,94.65,100.0,83.05,Low
7,7.81,69.8,87.81,100.0,77.77,Moderate
5,7.73,73.83,82.43,90.49,70.78,Moderate
5,6.82,100.0,82.94,88.95,67.49,Low
5,8.29,89.81,93.33,97.88,84.13,Low
5,8.06,85.43,76.95,88.41,64.2,Moderate
6,8.98,92.33,95.96,100.0,76.62,Low
3,8.64,82.79,77.91,81.43,66.61,Low
5,7.55,95.48,70.3,80.94,67.73,Low
8,9.05,100.0,94.0,99.41,85.46,Low
8,7.76,73.0,73.22,74.55,71.57,Moderate
3,6.47,73.29,69.69,77.88,64.86,High
6,5.86,74.91,65.43,71.22,54.79,High
2,7.32,84.94,82.69,94.76,73.46,Moderate
1,7.18,58.67,67.27,81.32,54.5,High
1,7.58,84.73,72.51,79.48,66.13,Moderate
6,7.34,100.0,79.48,84.47,73.03,Low
6,6.07,83.51,55.74,61.25,48.29,High
1,10.0,100.0,98.0,100.0,92.28,Low
1,9.14,76.0,78.73,90.29,72.61,Low
5,8.2,80.66,97.27,100.0,88.77,Low
2,7.92,83.86,77.28,86.82,71.22,Low
8,6.76,91.46,80.0,91.53,71.08,Moderate
7,9.55,81.47,86.67,89.57,86.11,Low
6,6.45,83.88,74.14,78.6,56.14,Moderate
4,6.14,89.37,61.08,64.7,50.33,High
8,6.29,65.24,56.73,61.76,40.36,High
7,7.43,57.86,84.79,89.88,79.37,Moderate
2,8.58,90.1,85.42,97.82,79.83,Low
6,8.77,81.63,72.08,82.49,64.81,Low
5,8.67,91.56,78.18,90.3,74.41,Low
2,8.12,63.49,80.29,87.07,80.28,Moderate
8,9.12,100.0,79.78,92.21,72.35,Low
3,8.08,91.86,84.96,92.38,74.18,Low
1,6.92,78.25,68.28,75.0,60.76,High
3,7.27,92.65,83.09,88.65,70.58,Low
8,8.55,100.0,78.17,88.97,68.11,Low
3,9.19,86.56,93.87,99.68,84.69,Low
1,7.18,90.03,60.87,72.02,56.99,Moderate
8,5.69,64.32,67.61,79.3,57.21,High
4,6.67,72.95,78.97,85.28,67.13,Moderate
6,8.16,89.19,85.87,95.98,79.76,Low
2,7.46,79.33,70.1,78.63,61.24,Moderate
4,7.94,61.61,77.55,83.62,72.25,Moderate
4,4.53,71.91,55.94,70.74,43.88,High
3,10.0,95.25,98.0,100.0,86.36,Low
1,8.92,82.62,87.64,100.0,74.64,Low
6,7.22,65.28,75.44,76.03,69.51,Moderate
7,7.44,77.21,60.21,67.11,52.56,Moderate
2,6.93,72.35,69.55,72.43,63.68,High
3,9.29,100.0,93.16,100.0,78.42,Low
4,6.81,94.43,80.67,88.3,68.93,Low
5,9.38,78.14,79.91,85.21,69.25,Low
7,7.22,96.78,80.13,96.93,75.3,Moderate
7,6.68,77.99,69.48,74.02,63.6,Moderate
7,4.76,66.43,47.99,57.73,40.48,High
6,7.47,95.72,64.03,70.67,56.91,Moderate
8,7.72,94.85,78.91,80.68,63.14,Low
8,10.0,100.0,93.93,98.78,86.4,Low
6,9.71,88.39,98.0,100.0,86.68,Low
2,8.26,71.97,73.72,82.96,69.59,Moderate
3,6.96,100.0,77.85,81.45,67.48,Low
8,9.55,77.24,98.0,100.0,94.44,Low
6,7.58,99.54,79.18,93.26,72.66,Low
6,7.62,81.15,72.51,88.24,66.25,Moderate
6,8.52,85.7,95.33,100.0,91.46,Low
2,8.28,83.07,82.62,86.72,73.62,Low
4,5.98,67.39,81.5,87.46,71.41,High
3,5.46,62.8,43.79,50.92,35.91,High
7,6.64,93.17,82.07,83.91,79.58,Low
2,7.42,100.0,79.05,85.52,66.57,Low
3,9.02,80.4,77.12,86.88,59.31,Moderate
7,8.75,84.23,87.06,89.52,79.94,Low
2,7.92,80.33,65.9,66.88,63.48,Moderate
2,6.27,81.95,60.37,64.53,51.46,High
7,6.86,90.3,62.95,73.86,49.56,Moderate
1,7.6,98.58,84.81,98.36,72.83,Low
4,7.52,55.97,72.1,78.09,63.82,High
7,7.44,88.14,73.62,76.94,61.11,Low
7,7.73,90.91,84.98,90.64,76.87,Low
1,7.41,59.37,62.29,66.93,53.04,High
1,5.18,52.39,55.68,66.94,50.49,High
2,9.59,97.4,85.63,95.43,78.89,Low
3,10.0,88.74,85.58,89.74,73.63,Low
4,6.82,77.51,67.34,81.46,56.07,Moderate
4,7.3,96.41,83.69,85.35,74.1,Low
7,6.39,93.69,73.41,80.72,66.29,Moderate
3,8.43,92.66,94.05,100.0,79.79,Low
7,9.86,94.1,98.0,100.0,92.39,Low
1,6.47,68.18,68.95,75.33,55.15,High
6,7.98,75.98,76.36,83.6,64.68,Moderate
8,8.11,100.0,90.13,98.49,82.19,Low
4,10.0,100.0,98.0,100.0,85.68,Low
8,6.69,76.11,70.49,78.8,66.86,High
2,8.51,100.0,80.02,85.89,66.91,Low
4,6.01,78.62,61.12,65.98,60.77,High
3,9.67,56.05,75.16,80.01,68.82,Moderate
2,6.43,66.15,78.23,84.11,61.58,High
6,7.44,82.42,73.98,77.25,59.01,Moderate
2,7.15,87.04,74.72,82.28,65.64,Moderate
7,9.25,100.0,92.25,98.26,82.49,Low
8,8.48,92.86,96.03,100.0,87.05,Low
8,9.73,98.52,95.6,100.0,80.43,Low
5,6.47,95.72,68.12,80.55,57.46,Moderate
2,7.87,88.74,81.88,86.28,70.46,Low
7,8.74,92.69,88.63,97.02,75.82,Low
7,7.86,76.06,74.25,79.17,65.38,Moderate
5,8.67,80.86,79.75,90.37,77.48,Low
6,8.75,54.77,79.24,80.48,72.26,Moderate
4,7.57,68.17,76.61,83.0,65.42,Moderate
4,9.54,97.62,92.64,99.35,82.49,Low
6,8.27,77.54,75.61,81.1,68.99,Moderate
1,6.51,89.03,61.4,70.82,52.01,High
1,8.72,78.51,89.31,95.86,78.02,Low
8,7.29,85.93,74.11,87.64,66.07,Moderate
2,8.54,80.05,87.64,98.17,78.41,Low
7,6.97,79.41,71.11,86.31,56.34,Moderate
7,9.46,91.14,90.7,95.09,74.03,Low
4,7.87,95.21,81.1,88.38,72.5,Low
2,6.33,79.09,54.64,54.97,43.47,High
2,6.72,66.96,66.46,77.25,59.76,High
6,8.17,96.41,85.91,90.16,78.05,Low
2,7.32,81.75,68.05,75.84,54.12,Moderate
5,8.64,98.9,78.8,84.23,76.15,Low
6,7.03,66.47,69.84,76.5,58.87,High
6,7.51,79.73,70.95,74.62,65.06,Moderate
6,8.68,97.13,97.33,100.0,90.79,Low
2,7.96,84.82,85.5,94.21,77.66,Low
1,6.54,55.45,66.89,71.11,56.38,High
4,7.37,83.49,81.03,92.43,76.02,Low
1,7.01,86.68,78.91,94.19,78.75,Moderate
5,6.74,100.0,64.4,77.89,59.05,Moderate
1,6.02,58.08,68.53,76.14,58.81,High
4,8.25,70.82,63.37,74.58,54.27,Moderate
1,7.6,72.09,75.12,76.05,71.46,Moderate
4,8.72,92.69,90.29,100.0,81.11,Low
2,7.34,71.24,71.32,83.12,64.26,Moderate
6,7.79,71.22,74.77,83.31,65.32,Moderate
8,6.61,75.36,62.37,79.64,51.42,High
3,6.29,75.75,60.5,66.1,54.93,High
8,7.99,100.0,86.9,95.65,86.2,Low
5,8.9,78.76,89.93,98.87,78.25,Low
7,8.08,64.01,75.0,82.73,70.03,Moderate
4,9.94,88.22,98.0,100.0,83.87,Low
5,7.52,93.78,80.12,91.95,72.52,Low
7,6.8,72.12,71.29,83.08,64.3,High
3,8.93,100.0,85.91,95.97,80.2,Low
8,6.08,77.11,69.78,80.72,61.31,Moderate
8,8.95,64.76,82.54,89.63,69.23,Moderate
5,9.39,86.45,94.3,100.0,81.9,Low
1,9.29,100.0,98.0,100.0,86.91,Low
3,7.82,100.0,78.24,91.13,65.51,Low
5,9.45,100.0,89.59,98.91,79.02,Low
5,8.87,100.0,90.44,92.96,76.22,Low
1,8.72,97.13,98.0,100.0,93.31,Low
1,8.24,92.58,79.87,86.79,76.15,Low
3,6.08,85.69,78.96,88.98,67.67,Moderate
6,7.89,87.37,78.77,90.43,68.65,Moderate
5,7.34,100.0,86.35,92.98,79.52,Low
4,9.8,100.0,98.0,100.0,87.53,Low
2,7.72,69.81,70.96,78.52,63.43,Moderate
5,6.29,92.23,80.64,82.46,68.79,Moderate
6,7.02,79.96,65.73,75.6,52.18,Moderate
1,9.4,83.02,95.35,100.0,94.17,Low
6,6.24,83.63,75.74,85.91,67.61,Moderate
2,8.58,90.58,98.0,100.0,84.33,Low
7,8.46,70.63,87.42,93.06,78.21,Moderate
8,10.0,78.84,95.08,96.04,82.16,Low
3,10.0,76.88,88.62,100.0,76.3,Low
8,5.74,97.59,65.13,77.06,44.67,Moderate
1,9.16,100.0,89.52,97.42,80.96,Low
5,8.41,84.21,87.98,90.65,78.26,Low
6,9.06,100.0,95.1,100.0,82.01,Low
4,9.98,100.0,95.46,100.0,80.6,Low
8,7.47,83.68,77.86,88.69,66.0,Moderate
2,7.82,85.42,82.0,91.34,72.76,Moderate
1,8.8,84.1,75.5,87.4,67.75,Low
1,7.61,64.7,71.32,83.86,66.51,Moderate
8,9.06,69.93,72.63,78.1,66.3,Moderate
1,7.52,68.67,70.35,79.43,60.05,High
3,5.95,98.43,70.88,81.91,55.47,Moderate
3,6.61,100.0,85.76,99.32,73.97,Moderate
7,7.83,71.58,77.71,84.51,74.7,Moderate
1,6.19,96.68,79.13,85.75,69.92,Moderate
4,6.83,77.22,69.62,80.29,60.03,Moderate
4,8.36,98.26,82.25,90.7,73.23,Low
8,6.49,80.26,73.46,80.2,70.67,Moderate
1,7.44,80.97,70.77,81.03,54.7,Moderate
1,8.02,100.0,82.84,90.97,82.04,Low
6,7.04,82.61,73.88,81.11,64.41,Moderate
3,6.65,83.64,76.78,87.3,68.87,Moderate
6,6.68,89.85,84.8,85.84,65.77,Moderate
3,7.55,93.94,93.21,99.51,86.54,Low
3,7.33,87.95,72.11,86.61,60.08,Low
1,9.09,70.43,80.44,89.52,70.76,Low
2,5.71,68.17,61.39,76.76,59.35,High
7,6.71,78.27,76.98,88.12,61.53,Moderate
5,8.18,71.7,86.95,97.06,83.31,Low
3,7.54,55.52,72.54,80.16,61.1,Moderate
8,8.57,73.13,84.97,91.4,70.87,Low
3,6.61,68.94,76.51,88.81,67.59,Moderate
8,7.63,95.22,77.18,80.33,65.38,Moderate
6,9.03,70.24,61.87,68.29,53.81,Moderate
2,5.88,71.32,57.71,67.26,51.66,High
4,7.13,64.09,67.16,82.75,56.87,High
2,9.98,84.16,89.49,93.85,88.2,Low
4,6.18,71.26,57.84,67.04,54.4,High
4,8.61,92.55,76.42,87.47,72.68,Low
4,5.76,50.52,69.17,74.8,62.26,High
1,7.9,54.73,76.58,84.08,70.07,Moderate
7,9.07,91.12,82.6,94.35,71.68,Low
2,5.39,97.03,59.72,61.83,52.79,Moderate
3,6.88,61.26,75.58,91.15,65.19,Moderate
8,5.78,92.47,65.32,72.07,49.34,High
5,6.72,71.5,72.36,80.9,66.96,Moderate
2,7.06,85.36,87.66,93.9,77.6,Moderate
4,7.09,86.96,74.79,84.96,74.17,Moderate
5,7.53,99.34,93.04,100.0,82.03,Low
2,7.81,97.59,86.54,91.9,71.8,Low
6,8.15,72.77,75.43,76.55,68.66,Moderate
2,7.36,82.88,79.62,88.0,71.05,Moderate
3,8.53,50.0,71.97,75.7,62.9,Moderate
5,8.07,79.61,80.39,90.73,62.7,Moderate
6,6.78,75.65,65.76,71.93,58.22,Moderate
7,6.74,79.67,68.34,74.6,57.17,High
4,8.02,100.0,83.31,96.74,76.75,Low
6,6.76,97.73,69.45,80.09,58.57,Moderate
5,6.8,92.07,73.7,81.38,61.58,Moderate
4,6.79,86.89,68.57,76.0,65.45,Moderate
5,8.78,100.0,93.66,95.73,89.12,Low
2,7.8,100.0,77.6,92.48,69.01,Low
6,7.15,100.0,60.3,64.3,49.01,Moderate
2,7.19,85.96,71.95,80.13,63.32,Moderate
5,6.54,91.17,67.29,78.85,52.06,Moderate
6,9.14,100.0,92.02,100.0,74.3,Low
6,9.14,100.0,94.6,100.0,82.11,Low
4,8.26,86.55,71.7,77.3,62.78,Low
4,8.24,90.21,77.72,87.33,72.28,Low
7,9.18,70.4,83.09,93.47,76.68,Low
5,6.44,75.71,55.24,62.58,47.71,High
4,7.73,61.33,69.6,80.86,62.23,Moderate
3,7.0,87.07,71.98,79.9,64.1,Moderate
3,8.29,97.2,80.84,87.28,77.01,Low
1,8.21,58.32,68.96,73.93,52.38,High
7,8.4,77.49,84.71,94.45,81.19,Moderate
4,7.42,74.43,72.24,84.9,64.56,Moderate
1,9.03,100.0,75.39,81.23,66.9,Low
6,8.88,100.0,92.96,99.01,90.75,Low
3,6.08,81.37,52.89,56.56,38.18,High
6,7.92,66.43,68.32,78.3,62.14,Moderate
6,7.63,69.27,73.0,80.5,58.5,Moderate
3,8.2,80.49,85.08,91.47,73.18,Low
7,7.01,100.0,75.27,88.43,73.49,Low
4,7.59,89.08,64.64,73.7,56.43,Moderate
5,6.08,75.33,50.32,53.24,49.53,High
4,6.67,60.87,73.0,77.99,64.66,High
6,5.12,77.5,62.63,72.45,51.68,High
4,8.88,93.53,95.34,100.0,81.97,Low
7,7.56,68.56,79.12,84.06,69.85,Moderate
4,7.43,100.0,85.92,90.19,75.28,Low
4,8.29,57.91,68.18,70.88,57.48,High
5,6.61,62.2,67.61,75.95,59.11,High
2,8.41,80.06,78.55,79.44,62.85,Low
6,7.07,52.7,62.81,71.62,54.7,High
6,5.67,58.89,46.82,57.79,37.34,High
1,8.28,81.34,85.48,89.67,74.41,Low
3,5.5,100.0,68.01,75.73,59.15,Moderate
8,8.89,73.71,75.84,88.43,66.76,Low
8,7.56,69.27,71.2,75.75,57.11,Moderate
5,7.9,73.63,76.8,83.89,69.86,Moderate
6,7.49,100.0,91.35,93.65,84.08,Low
2,6.84,71.81,60.54,62.79,52.57,High
5,7.54,83.06,75.14,82.43,68.85,Moderate
5,6.48,76.94,90.52,96.04,74.89,Low
3,5.99,98.7,80.32,87.2,65.33,Moderate
2,6.07,77.32,51.69,59.87,35.41,High
7,7.86,94.88,84.96,94.98,74.58,Low
8,9.38,98.71,93.58,100.0,88.54,Low
7,7.55,78.27,83.03,87.74,82.15,Moderate
5,5.69,97.67,57.05,72.18,40.93,High
3,5.4,90.03,51.04,64.21,46.34,High
2,5.96,92.71,59.32,65.63,53.01,Moderate
8,5.95,75.95,51.98,54.87,41.72,High
3,8.68,77.27,83.52,100.0,70.31,Moderate
7,7.7,82.92,73.93,85.85,63.06,Moderate
7,9.07,95.74,95.09,100.0,81.23,Low
7,6.14,77.72,69.12,72.69,64.59,High
7,6.48,88.09,85.08,98.02,72.23,Moderate
3,6.91,92.36,71.95,74.22,68.13,Moderate
1,8.21,95.7,85.21,92.85,74.11,Low
4,9.65,89.54,95.46,97.14,94.23,Low
8,5.37,63.1,54.94,64.55,41.86,High
4,8.69,80.62,80.53,81.75,66.97,Low
5,8.27,80.55,72.42,88.54,61.28,Low
5,8.97,70.64,85.98,94.77,75.49,Low
5,8.44,85.65,93.8,100.0,79.55,Low
5,7.54,95.05,80.96,93.05,74.12,Low
2,7.15,70.21,62.16,73.15,50.42,Moderate
4,6.92,69.81,71.61,82.08,57.41,Moderate
1,8.97,88.17,93.68,100.0,90.83,Low
3,7.67,100.0,82.07,94.11,73.15,Low
1,9.29,81.66,97.46,100.0,89.68,Low
8,7.49,100.0,86.5,89.84,79.86,Low
5,9.65,92.4,92.88,96.41,85.72,Low
8,7.26,97.07,59.9,68.24,47.79,Moderate
6,9.95,83.42,98.0,100.0,87.27,Low
2,8.54,88.61,95.14,100.0,77.36,Low
2,9.82,77.44,85.69,92.67,74.6,Low
2,7.26,80.75,75.81,78.44,69.85,Moderate
4,8.96,76.88,81.83,86.39,71.98,Low
2,6.55,95.36,74.59,85.63,69.37,Moderate
4,8.15,100.0,83.84,90.0,72.05,Low
6,8.14,81.69,89.5,97.69,77.81,Low
7,8.4,88.71,88.18,98.56,73.27,Low
3,9.24,84.18,89.86,93.53,79.0,Low
8,6.8,82.7,52.4,60.39,43.75,High
4,7.39,94.88,82.95,86.12,67.41,Low
2,7.35,99.05,88.93,92.08,79.83,Low
7,7.4,87.55,64.02,74.83,56.56,Moderate
6,8.0,85.8,73.3,80.51,63.13,Moderate
1,8.5,71.11,90.56,100.0,82.66,Moderate
1,8.87,96.69,96.38,98.21,85.67,Low
3,7.37,73.57,74.77,88.92,64.59,Moderate
6,8.35,79.36,93.76,100.0,79.3,Low
3,9.53,80.21,85.13,86.13,71.36,Low
5,7.01,71.0,74.78,78.87,61.02,Moderate
8,6.58,59.44,63.16,68.45,52.0,High
3,7.11,85.77,76.25,87.78,67.89,Moderate
4,8.94,69.53,81.41,88.73,76.1,Low
6,5.66,90.62,50.36,55.17,46.64,High
4,7.28,72.85,66.55,70.9,61.13,Moderate
1,6.46,90.69,70.83,79.57,64.28,Moderate
7,7.79,82.42,83.3,96.22,65.08,Low
8,7.83,84.54,74.3,78.93,65.67,Low
7,7.13,78.72,70.33,73.49,66.55,Moderate
3,7.48,86.96,73.94,84.63,65.77,Moderate
8,6.27,55.24,71.24,80.36,57.1,High
6,8.83,100.0,86.25,92.5,81.4,Low
1,8.24,85.04,88.0,95.59,77.21,Low
5,7.58,81.79,90.43,100.0,73.84,Moderate
6,5.66,95.34,69.17,71.75,66.83,Moderate
4,9.13,74.33,81.64,83.77,74.28,Low
7,7.69,72.87,68.63,71.25,56.82,Moderate
5,6.72,83.51,68.75,75.57,63.54,Moderate
4,7.11,61.52,71.9,80.78,63.91,High
1,7.34,91.77,76.24,87.88,59.21,Moderate
6,5.87,100.0,65.79,78.39,59.07,Moderate
8,8.74,97.85,98.0,100.0,85.63,Low
1,6.97,62.45,74.6,82.53,68.85,Moderate
5,5.98,69.72,61.57,68.5,54.67,High
5,9.78,87.08,91.0,94.13,79.4,Low
8,6.06,72.38,67.19,75.48,58.21,High
3,9.91,95.35,98.0,100.0,85.05,Low
2,7.3,71.34,72.72,80.66,67.02,Moderate
6,6.47,96.41,64.16,72.02,47.94,High
5,8.8,100.0,93.47,100.0,85.69,Low
7,5.43,99.15,74.2,79.31,64.36,Moderate
1,5.58,63.42,53.27,65.42,41.17,High
5,6.81,78.29,67.22,67.92,52.53,High
8,7.49,64.06,66.0,71.14,58.52,High
5,7.38,91.11,68.63,77.56,68.25,Low
1,8.88,100.0,89.27,100.0,75.55,Low
4,6.3,61.14,61.48,76.79,54.32,High
7,8.58,80.76,78.44,84.13,77.38,Low
8,6.33,100.0,69.43,77.9,66.04,Moderate
5,8.79,100.0,97.96,100.0,86.73,Low
6,7.32,65.18,73.14,79.18,64.25,Moderate
7,6.01,83.63,56.51,59.75,51.02,High
3,8.53,100.0,78.89,92.64,69.1,Low
2,7.86,70.35,68.1,78.45,63.28,Moderate
8,4.72,50.0,40.39,40.79,34.99,High
2,8.66,71.24,87.46,89.59,76.44,Moderate
4,8.27,55.27,73.64,82.79,61.17,Moderate
2,6.61,70.2,65.08,71.11,56.26,High
2,8.41,100.0,94.39,100.0,85.5,Low
1,5.88,72.37,73.59,76.46,65.1,Moderate
5,7.03,100.0,72.87,81.62,63.41,Moderate
6,9.01,87.15,91.51,95.16,85.04,Low
8,6.28,68.85,68.46,83.81,52.76,High
2,5.82,68.23,71.29,81.1,65.52,High
4,8.54,82.39,73.66,84.18,66.11,Low
4,8.69,83.22,95.33,100.0,86.71,Low
2,7.69,100.0,75.94,76.22,64.49,Low
7,6.19,67.86,63.02,71.87,62.49,High
1,8.15,88.44,78.99,87.39,70.06,Low
4,8.46,100.0,96.16,100.0,92.28,Low
7,8.2,86.91,75.93,82.08,66.0,Low
1,8.2,94.15,82.51,89.1,75.87,Low
4,8.36,85.97,79.53,88.1,76.06,Low
8,6.73,88.75,73.06,75.66,61.98,Moderate
1,9.42,98.45,91.02,98.17,81.5,Low
4,6.48,66.43,63.7,77.17,62.1,High
5,7.36,78.49,71.16,81.54,62.28,Moderate
8,6.48,53.13,57.31,62.19,51.18,High
8,9.25,83.61,75.34,85.41,63.59,Low
4,9.24,100.0,92.04,100.0,83.15,Low
8,10.0,77.62,77.52,82.74,69.41,Low
8,6.71,83.62,77.0,87.36,70.49,Moderate
6,9.52,80.39,87.73,89.11,78.1,Low
6,10.0,82.85,88.38,100.0,77.43,Low
1,10.0,88.29,95.39,100.0,86.69,Low
2,8.63,82.96,89.39,99.99,82.39,Low
5,6.78,100.0,71.47,78.5,66.36,Moderate
4,7.14,69.07,78.95,83.82,71.61,Moderate
1,8.73,91.11,89.72,96.55,82.33,Low
6,8.25,60.61,79.94,84.19,71.68,Moderate
2,7.7,100.0,77.35,85.59,71.14,Low
7,6.68,57.91,68.66,72.58,60.23,High
3,10.0,79.51,89.48,99.13,89.33,Low
5,7.72,73.47,70.39,74.75,67.89,Moderate
8,8.67,82.22,81.26,93.27,78.0,Low
3,10.0,76.8,75.69,86.82,63.05,Low
4,8.36,70.1,77.01,81.73,71.37,Moderate
2,6.26,63.76,70.42,76.74,62.31,High
4,9.57,80.01,98.0,100.0,91.21,Low
5,8.21,63.74,66.32,72.39,52.94,Moderate
7,8.46,84.91,82.29,89.56,72.97,Low
3,8.14,81.74,82.08,85.78,69.19,Moderate
8,5.6,97.15,70.95,82.07,63.66,Moderate
8,7.12,82.63,85.64,91.06,82.57,Low
5,9.42,100.0,98.0,100.0,91.46,Low
3,7.43,77.36,75.69,84.12,68.19,Moderate
6,10.0,100.0,88.78,100.0,83.69,Low
1,7.9,69.83,70.1,77.58,60.3,Moderate
1,5.77,65.89,59.74,67.38,48.94,High
4,6.87,86.1,74.24,83.61,60.61,Moderate
1,8.09,86.76,83.85,87.46,80.93,Low
6,8.07,93.58,81.84,96.28,75.14,Low
8,7.86,100.0,90.86,98.72,80.97,Low
1,7.77,92.42,78.22,79.37,60.46,Moderate
4,8.99,88.67,83.9,96.27,77.78,Low
7,10.0,92.22,98.0,98.05,82.29,Low
2,7.62,70.23,81.62,85.1,75.33,Moderate
5,6.12,62.13,63.6,73.09,48.14,High
3,8.11,84.63,74.18,76.36,64.06,Low
3,8.44,85.21,73.8,81.45,60.77,Low
3,7.59,86.93,75.47,82.98,71.37,Moderate
8,7.8,73.04,66.47,78.15,50.6,Moderate
4,7.41,76.96,75.42,83.88,68.18,Moderate
5,8.32,100.0,81.48,89.18,77.62,Low
8,7.45,91.39,79.5,92.86,76.02,Low
4,7.46,65.23,67.26,72.88,62.54,Moderate
3,9.07,85.72,89.41,96.3,82.14,Low
3,7.89,98.61,85.98,90.93,75.62,Low
4,8.43,87.71,78.14,92.25,77.27,Low
3,7.12,84.51,62.85,69.11,54.52,Moderate
2,6.29,50.0,57.21,58.44,50.72,High
7,9.95,95.06,89.48,100.0,74.2,Low
7,7.95,88.23,86.79,100.0,80.85,Low
2,7.51,92.54,79.69,82.89,66.56,Low
3,7.27,97.74,81.12,89.34,68.26,Low
2,6.78,62.01,68.44,85.55,56.02,High
4,7.72,70.02,72.71,77.4,58.07,Moderate
6,6.58,69.86,78.31,88.4,65.73,High
7,6.42,77.56,69.22,79.9,61.55,High
7,8.44,74.23,91.25,94.26,85.06,Low
2,9.57,93.87,85.85,90.88,83.43,Low
1,8.08,60.86,78.65,89.53,67.19,Moderate
8,9.44,99.76,98.0,100.0,80.54,Low
4,6.42,82.29,65.71,72.08,55.89,Moderate
5,6.68,92.39,69.25,81.51,60.35,Moderate
3,9.2,98.96,95.75,100.0,86.61,Low
4,7.1,65.83,73.92,74.26,61.05,Moderate
2,5.38,61.42,57.87,66.63,46.61,High
3,8.54,68.41,86.57,96.48,75.83,Moderate
5,9.96,94.34,96.79,100.0,90.44,Low
3,9.07,97.0,88.57,100.0,74.58,Low
8,8.76,100.0,80.65,83.37,73.71,Low
4,10.0,100.0,94.77,96.19,86.26,Low
2,8.46,91.44,84.82,93.54,76.87,Low
8,10.0,77.81,89.37,95.75,84.14,Low
4,6.38,100.0,79.18,90.64,73.52,Moderate
4,8.94,100.0,97.1,100.0,88.68,Low
2,7.62,100.0,77.27,86.85,63.49,Low
2,5.63,94.08,60.82,69.52,55.21,High
6,6.12,100.0,83.53,88.91,70.25,Moderate
5,6.81,68.04,65.93,67.07,52.94,Moderate
3,6.41,85.48,52.97,56.32,41.62,High
2,7.79,68.2,73.2,84.73,65.01,Moderate
6,9.2,94.73,85.2,97.29,79.66,Low
5,9.14,85.44,85.13,86.01,68.8,Low
2,8.31,100.0,82.43,88.38,78.09,Low
4,4.98,50.0,38.76,51.52,30.87,High
8,7.49,84.39,59.86,60.63,52.18,High
8,8.86,100.0,98.0,100.0,91.94,Low
5,7.98,76.13,78.9,81.13,66.27,Moderate
1,7.26,55.61,79.74,87.07,70.89,High
1,9.01,77.74,93.74,100.0,87.04,Low
7,7.04,85.38,72.77,75.98,61.18,Moderate
6,9.11,74.33,98.0,100.0,86.03,Low
7,8.33,99.88,95.69,98.64,83.7,Low
7,8.24,82.67,85.77,92.84,74.23,Low
5,7.23,69.77,81.49,95.42,68.76,Moderate
7,8.16,83.52,74.76,87.01,67.63,Moderate
2,7.27,80.76,78.05,87.71,69.78,Moderate
5,8.84,95.97,84.13,97.98,71.35,Low
6,5.85,61.8,66.55,76.75,49.22,High
4,8.42,76.49,80.34,82.15,80.06,Moderate
7,7.21,75.56,74.84,85.49,69.79,Moderate
7,6.92,68.97,57.65,62.08,47.46,High
3,6.23,100.0,80.7,94.05,70.68,Moderate
5,5.35,66.86,55.32,65.17,49.81,High
2,8.87,99.15,77.47,85.46,63.8,Low
2,8.16,65.29,67.73,85.12,55.3,Moderate
5,9.14,100.0,83.2,93.92,72.95,Low
4,8.14,72.49,71.82,81.26,61.43,Moderate
8,7.08,64.57,69.99,80.82,61.28,High
8,8.62,84.82,94.96,100.0,84.42,Low
6,6.39,81.31,73.43,78.76,70.78,Moderate
7,6.6,56.57,48.65,57.64,38.01,High
5,8.24,85.77,94.28,100.0,91.23,Low
5,8.09,84.28,68.23,76.13,53.19,Low
7,7.83,86.44,82.15,89.82,70.28,Low
3,7.42,100.0,86.5,96.61,86.29,Low
4,7.06,68.28,68.68,84.62,68.03,Moderate
4,5.94,88.95,79.73,85.99,71.28,Moderate
2,7.07,94.7,71.42,79.18,60.68,Moderate
2,7.67,90.41,86.12,89.48,77.02,Low
2,8.1,86.37,77.78,84.59,65.8,Moderate
8,6.7,79.28,75.85,85.7,63.91,Moderate
6,8.56,95.53,97.6,100.0,85.62,Low
4,6.38,99.82,77.18,79.31,68.1,Low
5,8.06,86.34,76.62,81.87,68.32,Moderate
2,8.98,92.29,92.06,97.54,84.61,Low
2,9.67,100.0,86.27,90.22,78.31,Low
4,7.63,68.68,77.95,83.46,73.56,Moderate
3,10.0,87.94,98.0,100.0,95.0,Low
6,6.16,100.0,62.9,69.21,51.64,Moderate
7,7.95,77.43,82.04,91.32,72.35,Moderate
5,9.29,84.0,90.52,100.0,80.53,Low
5,10.0,100.0,95.07,100.0,79.32,Low
5,9.73,96.9,94.7,100.0,81.1,Low
8,6.47,75.8,62.74,69.96,56.27,High
7,9.89,81.41,81.54,87.28,74.0,Low
4,8.82,76.15,78.39,87.8,70.22,Low
7,5.71,67.47,55.58,65.82,49.37,High
7,6.08,51.15,49.48,53.01,33.91,High
7,6.73,60.08,58.65,72.25,43.7,High
3,6.35,95.69,62.54,66.07,56.37,Moderate
4,9.63,68.12,92.97,100.0,84.06,Low
5,7.03,100.0,66.61,76.64,63.1,Moderate
7,6.49,93.15,66.76,77.23,58.67,Moderate
8,7.0,90.5,62.35,71.65,61.64,Moderate
2,6.16,67.86,56.23,64.71,46.29,High
7,7.6,99.39,90.43,99.0,82.81,Low
8,9.33,91.78,88.17,93.63,77.97,Low
4,5.45,74.13,64.49,70.85,58.35,High
3,8.91,83.6,98.0,100.0,82.71,Low
1,5.98,51.65,63.13,76.6,59.56,High
4,7.15,87.04,64.22,70.7,60.52,Moderate
3,6.96,79.2,63.52,70.06,48.08,High
6,7.86,70.54,85.18,93.75,74.6,Moderate
5,4.64,55.85,39.54,49.45,28.31,High
3,6.33,75.92,75.11,80.22,72.73,Moderate
6,8.4,87.38,80.8,80.96,65.35,Low
5,7.98,94.35,91.87,95.11,83.94,Low
8,8.66,80.34,79.62,94.93,75.55,Moderate
1,8.74,74.5,66.98,72.42,60.52,Moderate
6,9.87,100.0,98.0,99.54,89.53,Low
2,7.31,99.11,84.4,95.37,78.55,Low
2,8.61,73.1,88.68,99.72,83.03,Low
4,7.29,78.05,75.67,80.12,68.16,Moderate
8,6.13,71.22,51.08,62.53,38.86,High
5,8.21,70.23,72.71,83.86,61.14,Moderate
3,7.49,73.29,77.44,88.98,64.39,Moderate
6,7.22,80.74,68.99,76.72,59.21,Moderate
3,9.05,100.0,90.4,98.38,89.54,Low
5,5.63,72.81,60.99,73.29,53.91,High
6,7.04,79.85,63.48,67.03,56.15,High
8,7.91,80.8,64.39,74.0,57.51,Moderate
7,6.81,78.71,64.28,72.11,55.5,Moderate
3,6.61,85.1,82.79,84.25,78.53,Moderate
5,7.84,100.0,82.33,88.15,68.85,Low
2,8.51,72.7,79.1,79.9,69.86,Low
6,6.8,85.46,58.63,69.27,51.17,High
8,6.98,87.14,66.71,82.29,56.7,Moderate
3,4.85,65.84,57.17,67.95,50.69,High
6,5.26,77.86,63.7,73.89,50.37,High
7,8.11,100.0,86.28,93.96,81.62,Low
2,8.59,94.26,91.79,99.78,81.15,Low
7,8.28,82.5,67.14,74.87,55.95,Moderate
6,5.47,64.78,56.98,62.98,46.81,High
6,8.31,94.87,78.24,83.0,71.1,Low
8,8.79,90.73,83.99,94.95,77.89,Low
4,9.25,89.59,98.0,100.0,84.11,Low
1,7.96,92.71,95.08,100.0,86.05,Low
6,6.33,80.44,57.01,62.05,40.21,High
4,7.85,78.32,76.96,81.46,76.77,Low
7,9.2,80.54,89.65,99.73,77.95,Low
8,7.09,76.96,70.14,83.59,59.29,Moderate
1,7.24,68.2,58.66,63.79,51.48,High
7,7.35,100.0,83.67,93.32,72.85,Low
7,7.67,75.41,69.35,71.23,58.84,Moderate
7,5.98,71.32,66.46,67.21,53.59,High
8,8.13,92.16,97.56,100.0,88.72,Low
7,7.32,86.94,87.78,94.13,78.67,Low
4,8.46,74.25,77.96,91.73,65.66,Moderate
6,6.78,64.14,61.01,71.83,48.89,High
8,9.45,99.58,98.0,100.0,86.49,Low
5,7.1,83.62,79.94,88.93,69.3,Moderate
7,5.89,87.01,70.18,79.22,62.7,Moderate
7,7.04,88.85,69.16,74.69,61.61,Moderate
7,6.1,67.13,60.85,74.77,39.73,High
7,7.88,80.89,74.03,77.14,69.86,Moderate
2,8.35,89.8,93.8,100.0,84.26,Low
4,6.44,88.56,77.78,85.43,68.58,Moderate
7,7.3,58.55,64.28,72.04,54.89,High
3,7.54,95.98,86.37,88.16,73.53,Low
5,8.54,69.08,77.82,84.23,67.95,Low
6,7.96,91.77,89.71,96.79,83.1,Low
4,8.41,65.3,82.46,86.57,73.29,Low
1,7.4,61.69,55.07,60.25,49.28,Moderate
8,8.09,63.99,72.0,77.85,62.12,Moderate
1,5.91,57.84,67.31,74.81,53.08,High
2,6.76,87.05,69.33,73.75,59.86,Moderate
4,10.0,100.0,92.36,99.17,84.73,Low
4,9.37,79.21,94.7,98.39,93.05,Low
4,6.04,62.98,56.34,64.31,46.18,High
7,7.4,67.02,83.27,89.31,68.8,Moderate
7,5.89,83.24,67.23,78.6,57.92,High
4,8.69,100.0,85.51,91.38,79.19,Low
5,7.5,87.72,76.76,87.72,69.17,Moderate
6,8.69,100.0,98.0,100.0,90.06,Low
2,6.4,90.45,71.28,78.24,66.65,Moderate
6,7.54,100.0,87.57,90.83,80.6,Low
1,6.6,73.73,53.05,58.94,46.36,High
5,9.02,85.34,78.46,84.63,75.22,Low
4,7.58,83.64,74.08,87.61,54.84,Moderate
4,5.92,75.02,63.52,76.56,50.59,High
4,6.52,90.39,60.33,64.03,49.61,Moderate
7,7.74,100.0,82.41,92.32,78.71,Low
2,7.55,74.46,71.01,79.0,65.34,Moderate
5,9.81,79.7,91.31,100.0,78.78,Low
2,8.48,78.26,77.54,86.09,67.6,Moderate
5,7.4,77.65,65.94,69.23,51.68,Moderate
3,9.02,94.98,96.77,100.0,86.66,Low
2,6.52,93.56,66.13,74.86,66.1,Moderate
7,8.56,98.8,94.44,100.0,82.06,Low
7,6.44,68.3,70.19,83.51,52.21,High
7,7.59,82.87,70.89,78.09,60.07,Moderate
4,8.21,74.23,87.34,96.24,87.15,Moderate
1,9.3,62.95,83.8,92.12,73.67,Low
6,8.11,87.59,85.96,99.0,68.82,Low
4,8.19,74.9,79.8,86.23,74.37,Moderate
6,6.36,60.04,62.91,67.85,59.89,High
2,9.73,100.0,98.0,100.0,87.0,Low
7,7.58,76.71,60.57,68.79,48.71,Moderate
4,9.28,97.24,86.74,91.52,78.9,Low
3,9.82,72.04,93.73,95.27,69.81,Low
8,7.29,93.05,72.47,83.17,65.51,Moderate
5,6.17,84.56,69.51,74.32,64.05,Moderate
3,6.86,100.0,75.31,83.13,66.5,Moderate
5,6.81,71.41,69.29,74.75,52.62,Moderate
4,6.91,64.03,56.06,67.54,49.96,High
7,7.28,92.52,71.61,75.59,58.04,Moderate
5,9.78,100.0,98.0,100.0,92.4,Low
7,7.17,67.23,77.54,81.04,71.94,Moderate
5,5.04,57.18,44.14,46.23,28.0,High
2,8.49,65.43,77.03,85.07,69.56,Moderate
2,7.21,78.82,76.42,86.48,72.4,Moderate
6,8.59,100.0,90.23,100.0,82.18,Low
2,7.94,58.62,79.88,89.5,78.13,Moderate
5,7.69,95.11,87.29,100.0,82.07,Low
7,7.87,74.57,79.24,86.44,69.69,Moderate
2,6.89,85.61,74.21,81.38,66.08,Moderate
8,8.19,69.41,92.51,100.0,85.9,Low
7,8.57,87.38,83.99,98.3,71.56,Low
5,7.47,100.0,86.94,99.67,86.85,Low
6,7.87,77.13,77.29,79.61,73.94,Moderate
5,6.3,74.34,74.55,74.66,68.63,Moderate
1,8.47,72.36,82.78,93.49,72.52,Moderate
8,5.97,91.97,73.97,88.13,62.58,Moderate
7,8.87,92.1,83.28,89.87,72.89,Low
6,7.71,70.24,68.97,84.74,55.12,Moderate
6,8.58,66.09,69.51,74.88,55.08,Moderate
5,6.23,88.72,58.21,66.79,45.85,High
2,7.9,67.3,78.89,85.64,71.33,Moderate
2,7.02,100.0,63.1,69.94,54.37,Moderate
5,9.04,76.21,84.1,100.0,77.52,Low
4,9.19,95.91,73.11,86.91,62.74,Low
3,9.09,87.18,81.36,95.87,72.41,Low
6,9.74,88.34,93.07,96.75,83.36,Low
5,7.59,100.0,77.58,83.64,63.81,Low
2,6.39,85.32,66.82,75.19,58.67,Moderate
6,6.85,66.29,56.42,61.09,44.74,High
7,8.56,83.66,82.08,83.17,81.85,Low
5,8.74,87.72,90.88,98.33,86.04,Low
7,8.41,98.61,98.0,100.0,86.43,Low
2,8.0,88.4,84.54,97.66,76.79,Low
2,8.9,66.76,87.37,94.85,79.18,Low
6,7.86,77.6,73.15,80.77,65.92,Moderate
5,6.47,81.42,58.7,62.59,47.37,High
5,9.27,72.26,93.46,94.14,74.41,Low
1,7.67,83.18,70.68,77.44,61.86,Moderate
3,7.38,99.94,96.55,100.0,87.49,Low
5,9.29,82.29,91.78,97.15,78.06,Low
8,8.27,81.84,72.18,75.18,63.57,Low
7,8.11,87.16,70.44,76.88,60.17,Moderate
6,6.78,79.86,68.77,69.63,62.67,Moderate
8,8.93,92.22,93.41,100.0,86.07,Low
4,6.8,77.81,72.34,81.99,64.93,Moderate
8,7.41,71.19,79.91,90.65,70.08,Moderate
6,5.03,71.83,59.77,71.3,50.81,High
6,10.0,98.5,98.0,100.0,89.64,Low
3,7.84,66.36,73.05,82.19,59.82,Moderate
1,6.4,75.64,64.47,71.69,55.34,High
2,8.14,73.9,77.81,85.94,69.6,Moderate
3,8.18,100.0,82.06,86.73,69.12,Low
5,6.19,62.17,65.07,75.09,57.43,High
4,8.61,98.46,82.06,87.99,65.27,Low
1,6.29,53.38,71.77,81.06,69.59,High
5,7.13,79.64,67.27,76.64,63.83,Moderate
1,6.4,66.07,79.2,87.85,67.91,Moderate
5,7.47,50.0,65.19,74.89,56.84,High
1,5.18,73.05,60.28,63.94,59.41,High
4,8.17,64.23,90.7,96.07,82.04,Low
3,8.67,100.0,76.73,83.38,69.97,Low
3,8.14,84.22,86.39,100.0,69.75,Low
1,7.59,74.24,63.73,75.98,50.99,Moderate
4,10.0,80.58,96.86,100.0,93.91,Low
3,8.96,85.54,98.0,100.0,87.92,Low
6,7.24,69.31,74.54,79.08,65.83,Moderate
1,7.77,94.28,72.79,79.5,53.35,Moderate
5,7.91,81.78,65.14,66.82,53.02,Low
6,7.65,87.49,94.49,100.0,94.11,Low
6,7.32,80.49,72.3,77.15,62.67,Moderate
3,6.33,71.26,71.38,83.14,64.43,High
3,6.79,96.37,91.85,100.0,81.32,Low
1,6.95,84.84,82.96,93.14,70.25,Moderate
3,6.91,93.23,75.3,82.28,66.42,Moderate
6,7.03,72.92,70.23,81.42,52.57,High
7,8.38,85.26,93.26,98.27,80.92,Low
1,9.96,78.15,95.42,99.76,86.15,Low
5,7.68,71.81,81.65,88.01,69.76,Moderate
7,7.42,68.0,70.42,77.57,62.32,Moderate
1,5.48,62.17,58.12,63.76,42.63,High
6,7.27,57.68,60.22,67.13,56.99,High
5,8.57,76.9,73.49,83.68,61.48,Moderate
7,7.7,84.42,76.81,86.48,72.22,Moderate
8,8.6,100.0,84.46,95.73,75.36,Low
3,7.26,91.07,64.61,76.29,47.09,Moderate
2,7.57,86.63,60.42,68.72,52.74,Moderate
4,7.18,70.49,67.77,78.22,56.74,Moderate
3,7.48,98.9,76.94,87.92,73.16,Low
1,9.18,77.65,87.2,94.23,77.48,Low
3,9.16,87.51,98.0,100.0,88.19,Low
5,6.4,83.05,77.81,87.76,69.92,Moderate
2,8.05,84.92,87.24,96.26,77.55,Low
1,9.25,89.61,92.48,100.0,79.55,Low
8,6.29,57.64,54.34,59.63,48.77,High
1,7.59,84.96,79.24,88.24,69.03,Moderate
3,8.49,62.36,82.29,87.61,71.67,Moderate
4,8.96,92.76,98.0,100.0,90.42,Low
7,7.65,94.34,74.05,78.95,60.99,Low
3,9.01,100.0,91.79,96.98,83.56,Low
4,5.81,83.41,64.65,71.17,56.49,High
2,7.23,57.54,71.45,71.48,61.21,High
1,5.43,73.94,50.03,59.32,39.06,High
4,7.12,74.51,74.7,81.83,66.91,Moderate
7,5.82,83.76,68.15,75.15,58.41,Moderate
5,10.0,89.34,92.01,100.0,78.52,Low
2,10.0,89.32,98.0,100.0,95.0,Low
5,5.68,77.68,61.97,63.06,49.45,High
1,10.0,88.81,94.8,100.0,87.96,Low
2,7.14,92.5,79.72,87.88,75.03,Low
1,6.62,91.54,77.3,84.82,74.57,Moderate
5,6.99,100.0,83.79,95.08,73.52,Low
2,6.8,75.03,59.42,69.74,54.64,High
8,6.94,82.07,81.04,96.83,71.87,Moderate
3,8.48,81.39,83.37,98.15,70.86,Low
3,8.3,70.95,74.27,81.97,60.54,Moderate
7,7.95,92.04,63.24,75.25,48.87,Moderate
6,5.79,86.5,73.92,81.04,69.9,Moderate
6,6.51,68.11,65.91,79.15,60.48,High
2,6.6,71.52,59.2,71.95,52.47,High
4,8.5,74.56,90.58,100.0,82.96,Low
7,6.17,85.53,58.99,63.96,45.18,Moderate
8,6.82,53.19,77.17,82.2,63.49,Moderate
1,5.54,82.1,61.21,63.97,55.93,High
3,7.15,88.44,73.34,76.38,66.17,Moderate
7,9.88,88.84,98.0,98.53,87.59,Low
6,6.3,75.09,83.22,90.83,72.36,Moderate
4,8.41,85.74,77.68,93.6,59.98,Low
3,8.59,100.0,89.19,100.0,79.04,Low
7,9.78,82.74,78.97,94.86,71.62,Low
1,7.41,76.76,75.64,86.76,66.4,Moderate
4,7.25,83.01,75.3,78.12,62.6,Moderate
3,8.29,81.17,83.81,90.98,71.3,Low
1,7.25,70.2,75.04,83.71,71.48,Moderate
6,5.93,63.48,57.42,57.61,50.13,High
6,7.48,86.72,84.71,91.72,65.8,Moderate
7,10.0,100.0,91.55,98.78,88.79,Low
2,6.37,67.19,61.55,72.59,56.92,High
6,7.07,88.43,64.7,72.97,49.53,High
2,8.95,82.04,80.33,95.13,68.34,Low
8,5.98,95.72,75.28,83.65,67.1,Moderate
3,7.25,77.39,73.29,82.94,63.89,Moderate
7,7.54,74.03,71.77,77.88,59.96,Moderate
5,5.82,63.69,56.35,64.94,49.87,High
1,8.28,77.0,80.26,92.24,61.77,Moderate
1,6.12,79.06,70.82,82.75,69.14,High
2,7.6,61.99,68.44,78.98,59.56,Moderate
4,7.68,82.55,70.89,78.7,61.95,Moderate
4,8.85,99.47,98.0,100.0,89.25,Low
1,5.9,79.53,73.95,78.41,65.44,Moderate
3,5.17,54.76,49.59,50.77,48.2,High
4,8.54,69.94,97.84,100.0,94.43,Low
1,8.64,89.71,87.01,97.27,81.93,Low
3,8.33,73.22,86.51,97.93,83.05,Low
1,10.0,100.0,98.0,100.0,93.63,Low
5,7.95,86.82,67.7,79.85,60.21,Moderate
8,6.78,73.12,54.39,67.79,45.31,High
3,6.26,62.12,63.75,80.57,63.71,Moderate
8,7.79,71.02,71.79,74.26,65.31,Moderate
5,9.43,99.31,85.59,92.72,73.36,Low
4,8.77,89.25,88.54,100.0,79.64,Low
3,5.11,69.65,35.26,40.0,30.21,High
4,6.6,99.33,70.8,76.3,59.75,Moderate
8,9.02,86.95,77.46,80.44,65.58,Low
7,7.1,100.0,94.43,100.0,83.2,Low
1,8.37,81.76,82.71,91.43,76.3,Low
5,7.94,91.46,79.72,87.01,71.32,Low
1,7.89,76.76,75.19,87.22,65.89,Moderate
2,6.2,63.89,63.06,65.59,60.43,High
1,7.63,91.98,79.54,80.2,70.79,Low
2,8.83,100.0,86.9,88.7,76.81,Low
6,7.54,73.16,63.69,78.11,59.76,Moderate
1,6.83,82.93,64.35,69.85,54.47,Moderate
2,7.9,87.8,82.96,91.35,77.03,Low
4,6.41,84.03,56.52,67.02,46.31,High
1,6.9,61.22,57.57,58.51,46.94,High
8,6.37,70.08,62.26,64.34,54.48,High
7,8.38,97.57,86.92,94.57,75.78,Low
2,7.8,71.81,67.16,78.7,58.33,Moderate
2,9.94,79.74,90.2,100.0,80.69,Low
4,9.67,100.0,98.0,100.0,81.83,Low
7,8.16,93.32,90.79,100.0,81.04,Low
6,6.76,75.61,71.62,75.29,54.34,High
8,6.99,82.45,70.74,77.08,61.12,Moderate
5,4.24,74.65,50.72,57.62,45.91,High
1,7.04,78.65,58.57,69.42,51.96,High
4,8.74,69.42,69.47,77.31,59.84,Low
6,8.82,91.63,69.41,76.28,61.27,Low
1,7.49,81.59,70.03,87.08,63.17,Moderate
7,7.57,62.79,81.15,89.11,68.98,Moderate
8,8.0,56.49,92.85,97.84,85.52,Moderate
4,6.92,57.93,71.21,75.09,56.64,High
2,8.68,98.74,98.0,100.0,87.11,Low
3,7.29,79.29,77.2,83.95,75.77,Moderate
4,8.7,91.76,97.31,100.0,94.41,Low
3,8.42,76.36,97.11,99.6,93.43,Low
3,6.18,84.57,71.53,80.03,61.1,Moderate
7,8.65,94.93,87.12,92.66,79.59,Low
7,7.71,64.97,75.93,85.89,65.22,Moderate
2,6.19,71.33,66.69,73.6,57.63,High
2,8.82,92.13,89.4,98.84,85.98,Low
1,6.44,74.35,74.9,79.44,67.07,Moderate
3,6.64,81.9,72.93,81.21,67.74,Moderate
7,8.88,78.1,89.72,98.07,81.38,Low
1,8.1,89.46,88.61,91.67,75.11,Low
6,8.18,74.65,72.81,84.09,55.23,Moderate
7,7.34,90.97,82.85,94.98,74.15,Moderate
7,9.49,77.95,89.37,99.05,80.58,Low
4,7.12,78.72,75.05,80.86,66.71,Moderate
2,8.2,75.93,70.14,76.14,52.42,Moderate
8,9.2,80.02,79.0,85.77,70.17,Low
8,7.2,93.17,87.27,98.81,78.74,Low
3,8.73,90.33,87.33,90.1,77.93,Low
2,7.87,96.31,82.22,96.94,79.32,Low
3,7.72,59.28,76.79,88.73,64.24,Moderate
3,6.92,100.0,78.85,82.08,64.41,Low
7,6.29,57.6,71.44,73.57,70.79,High
3,7.83,93.12,84.95,94.11,73.77,Low
7,6.29,69.15,67.79,81.96,61.1,High
5,5.9,85.99,66.26,68.23,58.29,Moderate
2,6.75,89.73,83.84,95.87,75.99,Moderate
2,8.45,83.04,86.17,94.21,72.28,Low
1,4.0,65.26,37.87,47.32,29.61,High
6,8.1,90.29,80.48,91.59,65.86,Low
1,9.76,93.13,97.36,100.0,88.98,Low
5,8.27,91.29,88.58,90.63,79.07,Low
4,9.14,100.0,96.01,100.0,87.58,Low
4,6.7,94.19,74.23,81.78,70.99,Moderate
3,5.8,51.04,50.25,61.51,44.39,High
8,10.0,89.39,96.79,100.0,88.77,Low
8,6.01,67.36,50.16,64.54,36.91,High
2,7.66,67.75,62.02,69.95,39.94,High
7,4.67,69.39,57.21,65.07,48.72,High
1,7.7,79.13,81.7,90.18,73.53,Moderate
2,7.84,61.76,68.97,80.15,55.53,Moderate
8,8.29,88.0,80.02,92.2,68.21,Low
5,7.02,82.72,66.71,78.05,66.6,Moderate
3,7.19,61.97,63.28,70.79,53.8,High
5,8.3,96.39,85.43,94.78,71.97,Low
8,8.17,80.95,63.49,74.94,53.01,Moderate
5,7.75,91.41,69.76,76.8,59.4,Moderate
5,6.27,64.41,70.97,74.69,55.85,High
6,7.29,89.6,76.41,89.49,68.08,Moderate
4,4.86,88.62,49.04,59.2,41.68,High
8,6.44,70.62,52.6,62.14,42.6,High
8,7.04,82.77,62.24,66.95,60.39,Moderate
6,7.25,79.42,78.31,83.14,72.41,Moderate
4,5.96,75.82,63.57,72.32,61.9,Moderate
5,8.07,77.9,75.67,89.83,69.72,Moderate
8,7.38,84.9,79.79,90.16,72.55,Moderate
2,7.47,67.56,80.67,89.17,69.26,Moderate
3,7.9,91.43,76.13,87.19,66.48,Low
4,6.62,50.0,59.89,68.69,50.22,High
6,8.74,73.92,88.29,98.5,85.73,Low
1,7.24,83.85,74.77,83.34,64.66,Moderate
3,8.39,70.86,71.36,79.28,61.66,Moderate
7,8.6,77.28,90.38,99.11,80.86,Low
1,8.34,100.0,82.16,95.36,72.96,Low
1,5.64,74.18,59.2,66.31,53.46,High
7,7.41,100.0,77.1,85.32,75.14,Low
7,6.79,55.1,57.42,66.07,43.73,High
7,6.84,62.3,69.03,74.85,58.57,High
6,7.98,95.01,71.26,79.06,53.22,Low
1,10.0,100.0,87.42,88.34,74.35,Low
4,7.91,100.0,74.41,85.77,64.33,Low
6,8.45,100.0,88.72,98.54,78.6,Low
4,9.62,95.77,98.0,100.0,81.13,Low
6,7.43,77.96,80.95,96.92,73.09,Moderate
6,6.25,81.97,73.21,83.01,63.08,Moderate
8,9.65,86.86,83.46,87.93,75.6,Low
8,6.09,71.17,68.22,77.33,58.61,High
1,8.54,82.77,81.08,84.23,75.61,Low
1,7.33,80.55,64.21,74.57,53.63,Moderate
8,9.15,98.29,85.91,87.34,73.71,Low
7,4.97,74.67,43.55,54.03,36.53,High
1,7.02,65.09,67.1,71.15,58.29,Moderate
2,7.73,71.62,79.2,86.61,64.31,Moderate
6,7.48,91.28,83.61,89.17,72.83,Moderate
5,8.57,91.12,83.08,84.78,77.15,Low
7,7.0,100.0,74.88,88.67,65.94,Moderate
2,9.83,86.5,85.69,94.19,76.74,Low
6,8.82,76.57,84.8,95.99,73.4,Low
4,7.43,93.94,91.43,100.0,85.27,Low
5,7.72,74.64,78.6,89.8,70.04,Moderate
1,6.61,100.0,69.74,76.75,58.46,Moderate
6,7.31,80.81,63.27,65.59,56.73,Moderate
6,7.06,57.21,81.69,83.75,76.89,High
5,8.41,100.0,97.43,100.0,89.75,Low
3,9.85,73.34,83.37,92.8,74.68,Moderate
7,7.49,67.84,71.08,75.11,64.94,Moderate
8,6.57,71.7,75.69,83.06,64.85,High
4,7.39,88.51,71.22,72.44,63.91,Moderate
4,8.82,88.7,83.7,86.72,72.31,Low
8,8.69,83.56,95.03,100.0,88.1,Low
5,7.74,100.0,89.95,100.0,83.08,Low
3,6.79,81.04,69.8,75.68,61.14,Moderate
8,8.74,91.85,95.26,100.0,87.28,Low
7,7.61,84.66,82.67,91.08,71.35,Low
4,8.89,82.56,67.61,70.46,50.67,Moderate
1,7.0,100.0,80.24,90.39,64.97,Low
5,7.26,100.0,84.11,85.04,70.43,Low
4,5.93,93.65,61.45,66.56,58.03,High
2,6.67,69.38,57.21,67.91,44.66,High
6,8.43,87.92,75.0,85.64,67.27,Low
5,8.66,66.28,79.4,84.51,78.36,Moderate
3,6.37,88.77,71.05,79.07,63.55,Moderate
6,7.17,72.05,76.31,83.39,66.35,Moderate
5,6.15,78.97,78.79,88.95,66.86,Moderate
5,6.73,61.31,71.76,85.54,66.09,High
2,6.96,57.18,70.66,79.88,67.6,High
5,7.79,87.06,69.96,80.33,58.89,Moderate
4,8.1,94.45,82.51,92.26,73.4,Low
2,10.0,100.0,98.0,98.86,89.47,Low
4,8.04,69.06,80.19,83.73,69.58,Moderate
2,7.0,96.57,72.21,73.72,65.08,Moderate
4,7.72,89.53,79.5,83.05,76.04,Low
5,9.11,68.71,91.74,100.0,82.04,Low
5,5.97,76.09,61.82,70.63,48.37,High
5,5.96,100.0,56.22,72.14,48.74,High
3,8.38,86.3,86.39,100.0,74.75,Low
4,6.41,62.02,71.35,82.7,57.95,High
5,7.28,86.94,79.24,87.66,72.6,Low
6,6.19,75.99,63.12,71.66,51.15,High
5,6.83,60.53,63.42,66.17,54.89,High
7,6.94,93.4,65.18,75.29,54.81,Moderate
2,10.0,100.0,91.75,100.0,83.56,Low
1,9.93,66.3,83.54,87.63,72.5,Low
5,9.82,100.0,90.19,94.97,77.82,Low
3,8.43,83.03,98.0,100.0,93.7,Low
7,5.9,94.34,46.7,58.1,37.62,High
7,9.8,66.2,87.56,96.94,71.81,Low
1,6.96,71.16,73.22,79.48,58.6,Moderate
3,6.42,91.36,61.45,63.21,50.61,Moderate
5,7.88,89.47,90.99,91.26,83.41,Low
4,7.95,71.23,78.42,85.69,72.08,Moderate
3,7.63,87.94,66.67,73.81,54.08,Moderate
2,7.8,83.19,89.1,94.45,78.18,Low
7,6.03,72.33,67.51,76.21,55.25,High
2,7.2,86.71,67.58,73.85,60.56,Moderate
5,6.99,67.65,72.47,92.02,61.13,High
8,10.0,100.0,90.42,100.0,84.55,Low
3,7.89,64.63,78.55,83.67,65.73,Moderate
7,5.41,66.44,51.8,60.21,45.26,High
4,6.66,65.78,59.44,69.64,53.83,High
7,9.85,92.64,93.39,100.0,83.41,Low
5,6.1,100.0,59.21,63.25,50.08,Moderate
4,4.11,68.65,57.25,60.26,51.43,High
7,4.0,71.69,45.13,53.24,35.31,High
7,10.0,68.54,98.0,100.0,93.24,Low
5,8.57,56.37,79.16,82.39,77.89,Moderate
5,6.53,99.6,77.35,88.82,68.06,Moderate
4,6.35,69.83,62.74,77.93,48.6,High
8,7.61,78.97,77.64,79.59,67.34,Moderate
6,8.6,84.55,84.73,92.75,78.43,Low
5,7.73,88.49,80.31,90.64,70.37,Moderate
6,9.93,100.0,98.0,100.0,85.0,Low
7,5.24,60.26,37.24,48.47,27.13,High
6,7.6,91.74,87.34,97.53,80.95,Low
8,7.0,76.71,65.79,73.72,59.28,Moderate
4,5.95,74.53,57.82,59.63,49.77,High
6,7.4,76.88,67.46,74.94,60.5,Moderate
7,7.77,71.33,71.01,75.99,62.01,Moderate
3,7.34,60.13,64.09,70.63,59.95,High
1,7.54,96.09,77.15,85.54,68.98,Moderate
6,8.23,81.53,80.53,81.08,69.33,Moderate
8,9.31,100.0,95.23,100.0,83.39,Low
2,9.6,68.96,96.66,100.0,94.89,Low
3,7.87,80.2,81.45,90.06,67.8,Moderate
4,10.0,83.77,92.75,95.32,83.85,Low
7,6.76,69.97,71.05,80.01,55.88,High
8,8.87,100.0,98.0,100.0,90.75,Low
8,7.75,60.18,70.41,79.8,64.4,Moderate
4,6.78,89.28,63.39,68.07,57.0,Moderate
8,6.22,77.97,52.15,60.97,44.02,High
5,7.14,70.76,76.15,89.36,66.18,Moderate
5,8.3,100.0,91.36,100.0,70.13,Low
8,7.0,84.19,70.12,77.82,67.85,Moderate
8,9.39,90.29,81.92,91.57,75.39,Low
6,7.53,87.38,68.07,81.45,61.15,Moderate
7,7.64,82.17,82.89,87.46,68.94,Low
7,8.57,100.0,83.9,97.45,76.0,Low
3,6.96,85.43,69.46,77.26,58.06,Moderate
3,8.49,87.3,76.23,76.64,68.76,Low
1,5.88,96.01,66.54,71.74,51.24,High
2,8.95,100.0,82.71,90.93,71.83,Low
3,8.57,67.72,86.41,88.79,80.45,Low
3,9.86,74.65,82.96,87.93,76.39,Low
1,7.94,85.46,75.18,76.19,64.07,Moderate
7,6.34,86.04,72.12,82.18,58.16,Moderate
7,6.32,87.72,64.79,72.37,57.09,High
4,9.16,92.94,80.38,87.11,72.48,Low
2,10.0,100.0,98.0,100.0,87.56,Low
8,7.62,100.0,81.05,90.43,73.62,Low
4,7.2,80.82,68.56,69.01,57.89,Moderate
6,9.94,99.53,98.0,100.0,89.31,Low
5,7.93,95.08,71.0,78.53,70.07,Low
6,7.26,91.11,69.99,80.01,52.34,Moderate
3,5.45,89.16,65.42,76.0,52.17,Moderate
5,7.77,89.32,81.71,94.68,70.34,Low
2,10.0,84.41,88.72,94.77,73.59,Low
1,6.67,84.37,55.43,66.39,48.24,Moderate
6,7.94,90.95,75.11,81.88,62.21,Low
6,6.84,82.38,78.37,83.47,70.9,Moderate
8,8.38,83.1,87.54,100.0,71.13,Low
8,8.02,84.66,75.66,93.21,64.46,Low
4,10.0,78.12,88.64,99.54,76.32,Low
1,9.55,57.8,88.99,97.17,79.09,Low
1,7.82,100.0,83.19,86.11,73.32,Low
7,8.29,88.02,71.94,77.0,66.04,Low
6,6.67,81.03,85.56,85.97,74.52,Moderate
6,7.4,80.48,89.84,100.0,82.48,Low
6,6.98,100.0,72.31,78.08,59.28,Moderate
8,8.02,79.55,86.48,96.28,77.55,Low
4,8.83,75.4,88.46,100.0,79.97,Low
2,7.69,92.77,78.03,89.59,67.27,Low
6,7.57,78.94,85.06,92.07,67.17,Moderate
4,4.0,85.8,51.38,62.02,41.61,High
8,8.8,89.93,80.73,94.97,67.98,Low
6,8.93,74.88,85.08,100.0,80.01,Low
4,7.62,69.77,74.36,80.22,65.74,Moderate
3,6.64,72.2,60.11,69.35,50.29,High
8,6.7,61.21,74.9,83.7,63.92,Moderate
1,7.79,61.73,74.72,82.1,64.6,Moderate
4,8.17,80.2,78.97,88.79,68.09,Low
8,10.0,70.32,84.37,99.06,79.04,Low
2,6.39,81.41,64.65,67.09,51.09,High
7,6.81,86.41,83.08,96.88,75.15,Moderate
3,5.77,70.76,72.22,76.64,70.12,High
6,5.59,100.0,66.3,66.88,55.14,Moderate
6,7.6,66.57,68.41,81.93,58.52,High
8,8.4,100.0,86.03,95.26,82.08,Low
8,8.36,100.0,74.5,80.04,63.91,Low
2,7.03,53.16,65.37,81.68,57.18,High
5,5.14,81.56,69.67,69.88,60.55,Moderate
2,7.34,72.12,77.12,84.16,74.36,Moderate
1,7.55,70.05,65.47,67.21,60.2,High
4,8.79,74.07,98.0,99.48,87.87,Low
5,7.54,68.25,63.87,68.04,45.4,High
1,10.0,88.32,98.0,100.0,75.77,Low
3,8.04,88.53,72.29,84.5,62.54,Moderate
7,8.92,100.0,94.26,100.0,88.11,Low
5,6.94,80.95,84.82,90.4,77.64,Moderate
5,8.09,92.79,67.91,76.43,53.56,Moderate
4,9.3,100.0,84.39,93.17,68.58,Low
1,5.29,62.41,54.64,62.66,48.1,High
4,6.23,61.73,70.65,78.74,60.59,High
1,6.32,79.22,51.17,61.76,47.42,High
2,5.79,69.08,55.23,74.72,51.45,High
5,9.81,73.2,87.21,97.02,79.61,Low
2,6.27,79.26,65.66,67.03,50.66,High
4,6.63,73.96,78.14,86.14,70.42,Moderate
7,6.67,74.01,71.85,82.96,69.89,Moderate
7,8.18,88.07,98.0,100.0,88.06,Low
8,9.11,100.0,86.45,95.51,77.56,Low
7,9.15,60.77,83.12,92.62,73.9,Moderate
6,7.37,81.73,63.8,74.58,58.87,Moderate
6,6.82,88.47,77.38,79.03,69.1,Moderate
3,9.48,100.0,98.0,100.0,88.46,Low
6,7.66,100.0,96.79,100.0,86.54,Low
3,7.97,90.57,85.54,93.63,76.5,Low
5,7.87,84.33,91.29,100.0,84.38,Low
7,9.97,99.37,98.0,100.0,83.75,Low
7,6.67,93.9,72.3,80.65,66.16,Moderate
6,8.42,91.82,87.69,95.42,78.74,Low
5,8.11,84.29,83.66,91.91,70.01,Low
4,7.61,82.53,71.64,75.56,61.51,Moderate
1,7.66,69.42,74.87,83.44,67.29,Moderate
3,9.62,90.27,82.73,87.68,77.19,Low
5,6.21,55.72,69.07,72.97,57.15,High
3,6.04,82.77,84.7,93.22,78.5,Moderate
2,9.58,86.14,89.69,93.32,75.55,Low
6,8.89,99.18,88.08,98.52,83.52,Low
4,10.0,87.54,94.09,100.0,86.51,Low
4,6.84,98.62,62.1,65.91,57.74,Moderate
2,8.81,93.52,98.0,100.0,90.12,Low
1,7.62,95.04,72.89,82.18,62.57,Low
5,9.34,95.79,92.66,100.0,79.93,Low
5,8.95,68.22,89.28,90.13,86.08,Low
3,4.7,66.34,67.52,70.21,56.01,High
5,5.64,96.12,62.84,65.34,58.06,Moderate
5,8.2,99.87,86.62,95.38,77.12,Low
1,7.16,95.58,76.78,88.47,66.99,Moderate
3,8.27,86.12,76.64,78.61,68.66,Low
6,5.98,100.0,53.86,64.5,49.78,Moderate
6,6.88,76.91,66.92,74.09,59.06,Moderate
8,7.09,94.3,81.12,92.45,76.79,Low
7,6.58,54.82,73.12,86.63,61.23,High
1,7.58,91.5,67.18,74.68,53.2,Moderate
2,7.21,75.19,72.46,83.93,64.41,Moderate
4,8.51,75.31,82.14,90.31,75.33,Low
6,6.5,71.91,64.22,71.63,57.77,High
4,4.0,64.0,44.5,54.34,38.5,High
4,6.94,91.91,61.44,69.13,59.99,Moderate
6,9.2,70.79,74.21,83.09,68.87,Moderate
2,4.0,50.0,54.52,60.51,41.04,High
5,6.44,84.67,68.77,75.53,58.82,Moderate
4,5.63,79.79,58.97,64.03,47.68,High
1,8.73,89.82,88.01,95.4,73.16,Low
7,8.07,91.29,91.07,98.47,82.88,Low
4,8.78,100.0,77.54,86.65,64.82,Low
7,6.99,71.25,76.12,82.95,72.3,Moderate
7,8.42,100.0,85.59,93.92,76.5,Low
8,7.19,96.35,58.39,62.08,45.72,Moderate
1,7.05,74.92,72.58,85.87,59.81,Moderate
3,6.11,70.27,47.25,50.36,39.67,High
4,9.38,95.93,88.26,100.0,76.76,Low
1,8.84,100.0,74.21,82.09,69.83,Low
1,7.1,77.86,61.6,65.75,58.09,Moderate
4,5.99,83.8,54.73,63.34,46.33,High
2,9.42,98.29,91.69,100.0,89.09,Low
5,5.91,84.17,70.07,70.21,65.57,High
3,9.33,100.0,98.0,100.0,86.39,Low
3,7.96,82.66,71.1,81.93,61.82,Moderate
1,6.14,56.52,48.17,57.48,34.99,High
1,7.95,70.6,82.88,90.05,77.81,Moderate
4,8.66,85.61,75.44,87.29,74.1,Low
2,7.5,81.69,82.85,96.94,73.2,Moderate
4,7.63,96.58,66.03,67.42,63.31,Moderate
8,9.51,52.82,90.67,98.23,77.46,Low
4,6.25,73.54,74.35,74.57,68.78,High
2,7.87,82.7,81.16,84.34,76.11,Moderate
4,5.84,55.54,52.75,60.14,43.06,High
7,7.44,97.52,71.66,73.46,66.92,Moderate
2,8.6,82.19,85.44,93.28,74.49,Low
2,9.16,100.0,85.53,98.17,75.95,Low
4,6.34,95.38,76.84,84.17,58.81,Moderate
3,7.45,76.0,83.83,91.52,77.0,Moderate
3,7.53,93.88,87.31,93.29,81.71,Low
7,8.61,75.68,74.84,75.59,66.71,Moderate
7,8.36,88.09,93.31,100.0,81.13,Low
2,7.7,86.83,82.48,88.92,78.28,Low
4,8.62,81.84,91.87,97.81,78.56,Low
2,9.28,100.0,85.95,97.85,76.93,Low
6,8.59,88.27,76.3,78.53,64.11,Low
2,5.1,78.45,53.92,61.39,42.27,High
8,7.4,68.45,56.22,67.97,52.33,High
3,6.79,95.94,80.01,82.72,73.39,Low
8,10.0,60.35,90.2,99.84,80.5,Low
8,7.17,76.71,71.55,78.56,65.67,Moderate
7,8.62,100.0,84.88,91.74,79.63,Low
1,7.86,56.11,55.39,56.98,51.13,High
2,8.81,79.89,88.36,94.85,85.32,Low
8,7.09,80.75,76.35,89.25,64.81,Moderate
2,7.25,77.58,84.47,93.78,73.4,Moderate
5,7.7,92.36,87.47,96.0,76.02,Low
3,7.91,71.79,68.29,72.69,61.83,Moderate
7,4.96,71.84,46.81,53.14,38.69,High
5,8.88,91.85,86.8,100.0,77.72,Low
7,8.88,92.68,95.52,99.92,80.72,Low
7,7.29,83.6,74.49,83.1,70.35,Moderate
8,8.35,91.17,86.19,88.71,77.39,Low
7,8.01,87.04,84.4,91.09,76.5,Low
7,6.31,77.76,70.46,73.53,56.75,Moderate
8,7.71,75.4,63.82,75.49,59.61,Moderate
8,7.35,93.81,89.84,96.37,86.17,Low
5,6.99,74.92,78.05,88.2,75.43,Moderate
1,6.9,87.75,83.7,91.04,65.02,Moderate
4,7.14,76.78,67.67,74.37,53.86,High
5,5.76,67.03,66.84,78.59,53.51,High
7,7.48,94.59,73.76,87.35,68.92,Moderate
3,8.01,98.01,81.17,91.23,68.31,Low
6,10.0,59.4,98.0,100.0,95.0,Low
7,6.32,71.3,57.33,70.73,48.51,High
6,6.48,60.99,73.43,89.02,61.34,High
1,7.47,90.5,79.69,88.09,69.88,Low
1,6.3,84.32,67.44,79.81,54.49,High
3,7.07,100.0,84.14,91.85,69.62,Low
8,9.55,91.69,87.81,100.0,75.68,Low
8,5.49,71.3,54.97,65.52,43.81,High
3,8.59,95.41,75.1,83.35,62.66,Low
3,8.0,92.07,76.78,79.75,67.55,Low
7,6.64,78.63,77.62,85.03,66.2,Moderate
3,8.21,72.4,78.7,87.12,72.13,Moderate
6,7.24,73.73,71.42,76.9,65.05,Moderate
5,9.27,68.65,96.03,100.0,86.02,Low
8,6.34,68.25,63.46,74.4,58.04,High
6,7.45,83.83,69.48,70.53,66.51,Moderate
7,8.53,100.0,89.46,95.87,83.58,Low
2,10.0,93.52,98.0,100.0,88.19,Low
5,7.02,71.28,81.48,87.09,75.31,Moderate
1,6.47,70.75,58.76,65.07,50.75,High
7,8.64,100.0,87.12,94.01,79.22,Low
8,9.85,91.04,90.52,100.0,84.55,Low
6,8.41,92.05,91.1,94.25,86.39,Low
5,7.48,91.12,98.0,100.0,93.29,Low
8,6.89,93.86,77.62,81.61,66.59,Moderate
3,10.0,100.0,92.74,98.9,80.84,Low
6,9.84,87.83,91.15,91.53,83.83,Low
3,7.45,85.6,75.66,86.53,69.51,Low
5,6.74,100.0,67.99,75.76,61.95,Low
1,9.3,100.0,85.96,92.0,80.63,Low
3,5.72,63.87,61.53,78.06,42.03,High
5,7.76,65.47,80.11,86.3,67.62,Moderate
7,8.02,71.25,78.13,94.28,71.15,Moderate
3,6.61,85.82,63.34,67.39,52.33,Moderate
1,8.5,88.88,98.0,100.0,81.78,Low
6,7.87,73.64,81.77,89.7,78.23,Low
7,7.12,95.62,85.43,93.86,79.58,Low
4,9.56,83.38,86.4,100.0,85.28,Low
8,6.9,97.02,65.18,77.74,62.45,Moderate
3,7.99,75.7,84.13,93.6,75.63,Low
2,9.07,62.59,80.9,94.65,75.34,Moderate
4,9.16,78.05,72.34,79.1,59.05,Moderate
2,9.06,100.0,97.51,100.0,85.06,Low
5,9.12,89.64,85.42,88.6,76.14,Low
8,5.93,84.23,68.06,72.19,53.95,Moderate
1,7.7,80.26,79.95,81.4,70.2,Moderate
1,7.14,50.26,57.79,64.09,46.76,High
3,9.47,86.39,90.28,97.94,89.7,Low
3,7.12,65.74,73.65,83.81,68.09,Moderate
3,6.45,76.49,58.31,64.93,51.46,High
1,7.55,94.88,71.89,79.05,60.71,Moderate
2,6.89,85.22,72.09,82.34,60.61,Moderate
2,6.51,72.41,59.5,64.68,52.3,High
8,6.66,86.85,61.86,70.4,52.52,Moderate
6,9.09,78.53,96.02,100.0,88.49,Low
3,5.1,84.52,68.36,75.61,61.59,High
5,9.34,81.12,94.6,100.0,83.63,Low
8,6.48,85.81,71.52,78.77,61.32,Moderate
7,8.82,82.72,95.71,100.0,91.43,Low
2,7.35,86.62,90.93,97.68,86.26,Low
3,10.0,96.13,97.71,100.0,91.47,Low
6,7.27,71.57,70.9,79.29,56.62,Moderate
8,5.74,75.31,49.64,58.51,35.85,High
4,7.63,59.72,83.77,97.94,72.2,Moderate
7,8.09,88.86,91.64,98.43,74.8,Low
7,7.08,89.62,69.76,77.27,57.55,Moderate
1,9.3,97.47,86.37,100.0,75.13,Low
6,7.15,85.83,88.33,93.45,82.45,Moderate
2,8.54,69.59,86.06,94.63,80.09,Moderate
2,6.93,95.22,85.89,94.42,82.01,Low
2,7.47,71.29,77.64,90.18,73.57,Moderate
8,6.48,83.62,66.23,70.59,55.66,Moderate
7,10.0,100.0,98.0,100.0,91.67,Low
7,5.9,71.32,63.68,70.86,53.87,High
3,7.67,96.57,89.91,93.03,77.91,Low
2,6.89,84.82,78.98,93.35,62.67,Moderate
7,7.28,75.27,74.16,90.94,60.97,Moderate
4,9.17,84.75,88.84,97.39,75.65,Low
8,8.39,83.28,72.98,78.56,66.0,Low
7,10.0,80.02,98.0,100.0,88.44,Low
5,7.43,86.67,73.79,80.73,58.9,Moderate
5,7.33,76.07,87.06,90.4,78.38,Moderate
3,7.2,50.0,60.27,74.96,53.94,High
1,6.16,83.99,53.06,65.61,44.79,High
7,7.02,79.38,71.73,81.59,66.13,Moderate
6,7.39,66.14,70.28,86.64,56.74,Moderate
5,8.13,83.98,83.39,88.71,71.33,Low
6,8.86,84.95,91.21,100.0,84.27,Low
3,7.44,79.07,64.21,71.84,55.52,Moderate
6,10.0,96.43,98.0,100.0,86.53,Low
3,7.14,74.49,71.37,80.66,65.78,Moderate
5,9.86,84.53,98.0,100.0,91.1,Low
4,6.02,66.95,56.81,64.01,50.63,High
3,7.28,65.92,75.18,84.05,69.37,Moderate
1,8.85,74.39,90.18,95.88,83.3,Low
8,7.67,58.94,68.48,73.01,60.62,Moderate
6,7.45,78.33,65.83,82.07,62.02,Moderate
7,7.4,100.0,85.5,93.98,77.71,Low
1,10.0,100.0,93.25,100.0,85.06,Low
6,8.07,84.47,88.4,91.1,78.64,Low
1,6.96,72.55,69.91,79.17,60.94,High
6,6.13,78.11,61.81,70.98,50.42,High
2,8.77,69.37,64.71,69.49,54.34,Moderate
8,8.35,90.55,91.52,95.17,84.65,Low
1,6.37,94.41,65.52,73.72,57.47,Moderate
2,7.41,91.6,73.95,76.25,62.01,Moderate
4,8.66,64.02,74.9,86.05,61.66,Moderate
1,9.05,93.65,98.0,100.0,84.84,Low
7,6.71,64.83,58.52,72.25,49.45,High
4,7.77,99.75,94.71,100.0,92.12,Low
4,9.06,62.21,86.99,91.11,84.31,Low
8,7.34,58.92,61.61,66.43,55.16,High
5,6.99,81.41,75.13,83.32,63.99,Moderate
1,7.62,96.42,79.13,86.15,70.66,Moderate
5,9.37,77.56,77.59,83.82,75.04,Low
8,9.14,78.35,86.03,90.02,81.86,Low
6,7.28,92.9,85.24,99.43,80.88,Low
5,7.69,100.0,88.35,97.94,81.44,Low
2,7.22,100.0,64.86,66.6,60.71,Moderate
2,7.87,92.73,58.58,66.44,47.61,Moderate
4,8.31,87.77,75.27,81.95,71.41,Low
4,7.66,89.24,92.16,96.37,82.3,Low
6,9.23,92.05,87.0,97.79,84.99,Low
7,7.3,76.3,85.21,91.31,72.21,Moderate
5,7.92,65.05,64.16,78.46,59.06,Moderate
7,8.04,100.0,85.89,98.14,81.09,Low
3,6.41,58.53,67.28,75.12,56.35,High
4,9.45,100.0,93.43,100.0,86.87,Low
7,7.62,94.71,82.83,88.29,82.17,Low
6,6.71,83.98,62.44,73.38,50.62,Moderate
4,6.69,58.05,70.02,72.36,64.1,High
5,7.61,80.94,76.91,89.61,72.26,Low
5,5.43,77.29,58.15,65.03,43.16,High
8,8.72,75.65,91.09,92.66,85.55,Low
1,7.58,93.85,89.54,96.99,75.88,Low
3,6.75,92.44,67.4,82.33,57.56,Moderate
4,7.01,79.57,64.58,76.81,54.3,Moderate
7,6.78,69.04,79.76,82.72,73.68,Moderate
6,8.3,87.22,75.56,85.35,68.3,Moderate
3,10.0,70.22,89.45,98.71,73.31,Low
6,8.42,100.0,86.47,99.85,78.61,Low
8,9.71,80.49,97.01,99.04,89.81,Low
4,8.61,89.99,79.9,92.34,71.97,Low
1,5.52,50.0,45.39,50.2,36.41,High
4,7.55,76.28,79.09,86.24,68.89,Moderate
3,8.58,83.61,92.73,100.0,85.3,Low
1,8.82,67.08,92.96,100.0,91.04,Low
2,9.36,100.0,98.0,100.0,87.98,Low
6,6.31,52.52,58.38,62.59,51.43,High
8,5.75,64.39,58.67,64.68,47.08,High
5,7.5,88.07,76.9,88.43,70.48,Low
2,7.37,96.57,79.65,87.76,70.19,Low
7,8.75,82.56,81.45,92.22,73.68,Low
8,6.04,70.63,61.97,72.42,55.76,High
2,6.12,88.93,75.21,83.47,64.11,Moderate
1,6.99,91.45,66.12,68.05,64.64,Moderate
4,5.12,67.14,53.07,60.12,43.48,High
1,6.93,79.83,77.8,81.6,71.25,Moderate
3,7.64,86.26,79.77,95.26,74.88,Low
8,9.67,88.63,81.2,100.0,69.85,Low
6,8.71,86.13,82.59,84.19,72.49,Low
1,7.33,74.87,72.83,87.04,66.04,Moderate
7,6.45,87.33,63.07,66.33,56.76,Moderate
3,7.65,71.3,69.99,79.63,60.32,Moderate
4,9.48,81.61,93.32,99.27,85.41,Low
7,5.43,79.68,66.96,70.97,57.08,High
5,6.52,79.63,65.72,75.24,49.58,High
4,8.24,87.39,81.85,95.88,76.03,Low
2,8.42,79.54,79.93,93.72,72.2,Moderate
4,6.5,64.93,57.99,67.84,55.49,High
4,8.34,86.3,93.65,100.0,83.08,Low
5,5.99,99.21,71.64,73.87,64.33,Moderate
8,7.65,81.28,71.7,78.86,51.84,Moderate
4,6.3,50.86,56.92,61.07,56.6,High
7,4.86,74.62,64.94,71.61,52.92,High
2,6.67,75.31,74.3,85.39,62.95,Moderate
6,9.01,89.15,98.0,100.0,86.32,Low
5,5.39,84.19,47.97,51.03,34.1,High
3,6.74,77.82,76.95,91.04,67.64,Moderate
6,7.33,79.8,60.35,72.61,56.83,Moderate
6,5.94,76.72,60.4,65.18,52.46,High
1,8.89,100.0,81.13,88.56,72.9,Low
3,7.86,94.06,78.58,86.16,70.04,Low
4,7.95,82.68,93.08,100.0,84.27,Low
7,6.89,82.88,81.42,90.17,71.87,Low
5,9.04,73.63,98.0,100.0,87.34,Low
8,9.18,93.56,84.33,87.6,74.49,Low
4,7.45,85.03,76.35,84.48,66.18,Moderate
1,9.9,100.0,98.0,100.0,90.19,Low
1,7.8,88.72,85.63,94.99,76.67,Low
3,9.06,100.0,93.84,100.0,80.48,Low
5,8.16,71.0,78.21,88.58,74.16,Moderate
5,7.42,90.04,77.27,83.57,68.68,Moderate
3,5.56,50.0,44.34,52.82,40.93,High
5,8.15,100.0,86.14,86.17,78.14,Low
6,6.48,89.6,58.94,60.21,52.6,Moderate
4,6.52,80.82,65.11,76.72,59.44,Moderate
5,6.5,77.41,58.4,70.01,54.59,High
5,9.26,70.72,78.19,87.54,68.81,Low
6,6.01,70.55,69.72,80.68,60.53,High
3,9.0,100.0,98.0,100.0,95.0,Low
4,8.19,84.52,86.43,94.57,84.2,Low
2,7.21,83.23,73.96,76.01,62.5,Moderate
4,5.07,89.25,55.76,63.55,37.65,High
2,8.35,82.58,79.34,86.24,65.64,Low
7,8.33,100.0,89.52,95.74,77.54,Low
6,6.86,88.78,84.25,94.52,77.85,Low
3,8.58,93.4,83.84,93.91,83.7,Low
2,9.28,100.0,85.55,92.41,75.95,Low
2,8.37,100.0,84.79,96.0,84.14,Low
6,4.0,86.44,49.02,55.95,43.3,High
6,8.29,88.24,86.62,90.23,73.02,Low
7,4.0,66.67,55.73,60.77,55.41,High
2,6.83,82.34,71.22,72.23,60.41,Moderate
3,7.33,92.37,75.59,86.86,67.69,Low
8,8.22,97.99,80.1,85.86,69.92,Low
4,6.69,84.47,86.47,90.39,81.04,Moderate
1,6.01,87.14,69.38,72.84,57.38,Moderate
4,9.11,100.0,95.18,100.0,79.98,Low
8,8.71,74.31,78.48,94.03,69.98,Moderate
7,7.02,100.0,84.08,88.58,81.95,Low
7,8.77,88.03,95.81,99.02,88.38,Low
6,8.31,96.51,72.71,82.24,58.99,Low
8,10.0,100.0,92.53,95.24,85.2,Low
3,8.59,99.68,93.83,98.25,85.25,Low
7,6.12,88.2,62.84,70.77,55.02,Moderate
4,9.14,88.53,89.65,100.0,76.78,Low
8,6.96,69.72,74.61,88.86,63.74,High
6,7.79,84.12,82.02,87.04,67.92,Low
2,7.51,100.0,72.92,79.04,63.18,Low
1,7.22,84.3,61.1,62.5,53.52,High
6,7.5,75.8,69.84,82.27,63.17,Moderate
3,10.0,97.64,79.43,81.5,72.54,Low
3,6.56,87.08,53.68,53.96,44.7,High
7,9.05,99.09,94.46,99.51,87.88,Low
1,8.28,84.11,76.46,87.4,66.22,Low
7,8.54,79.99,88.17,95.31,78.85,Low
5,7.24,98.52,77.67,78.92,63.58,Low
2,5.88,77.92,60.93,73.83,54.15,High
7,8.81,100.0,84.9,92.1,81.55,Low
7,6.69,69.21,62.48,76.73,58.45,High
6,9.69,72.28,98.0,100.0,87.52,Low
1,10.0,100.0,98.0,100.0,83.72,Low
8,7.04,87.92,69.58,75.79,58.77,Moderate
1,8.63,98.09,85.72,90.98,73.52,Low
6,7.97,100.0,75.28,83.73,68.7,Low
2,10.0,94.96,98.0,100.0,84.89,Low
8,6.47,86.04,63.44,74.84,58.74,High
8,7.76,81.76,75.28,83.1,63.21,Moderate
3,7.18,80.28,77.9,87.77,70.27,Moderate
5,8.43,52.89,76.81,88.03,65.88,Moderate
2,7.71,75.17,70.58,80.85,57.59,Moderate
4,9.82,100.0,98.0,100.0,86.76,Low
7,5.93,70.58,73.47,78.78,66.4,Moderate
2,9.3,91.72,87.69,91.58,78.67,Low
6,9.73,100.0,97.32,100.0,94.3,Low
3,5.38,71.74,48.81,53.06,31.66,High
8,7.01,64.77,67.92,74.23,65.72,Moderate
7,8.14,88.02,90.08,95.39,82.17,Low
5,6.85,61.01,80.7,89.26,74.23,Moderate
6,6.12,67.45,69.79,78.75,60.23,High
2,7.12,79.91,81.08,96.98,70.54,Moderate
8,8.7,96.45,84.87,86.83,70.78,Low
8,6.9,67.91,62.21,70.43,51.4,Moderate
4,8.9,84.59,79.53,87.2,69.14,Low
3,7.21,85.43,67.49,75.93,60.62,Moderate
2,7.18,69.07,70.43,75.49,65.31,Moderate
1,7.44,76.22,64.65,72.55,57.06,High
5,7.73,90.81,90.28,99.92,77.05,Low
1,7.09,80.07,71.91,75.62,65.65,Moderate
8,7.6,60.24,76.62,93.29,66.29,Moderate
7,8.03,79.43,87.17,94.14,82.31,Low
7,5.94,97.59,62.91,65.24,52.56,Moderate
4,10.0,81.81,96.55,100.0,85.4,Low
3,8.54,77.05,90.29,94.32,75.74,Low
7,6.28,80.83,64.72,74.69,52.48,High
1,8.53,100.0,89.44,100.0,76.74,Low
5,7.36,83.21,77.26,81.48,64.63,Moderate
7,8.41,72.01,76.4,83.47,67.08,Moderate
5,5.53,61.2,55.09,67.28,47.99,High
7,6.76,82.05,74.5,76.38,71.1,Moderate
3,7.26,99.16,72.73,80.13,71.21,Low
3,5.4,79.51,66.68,72.9,63.57,Moderate
5,7.5,88.57,72.53,84.18,65.31,Moderate
3,7.93,66.79,61.84,70.68,43.53,High
8,6.18,91.93,81.48,93.21,66.16,Moderate
2,10.0,98.1,96.62,100.0,82.98,Low
7,7.96,90.57,81.11,93.46,76.29,Low
4,6.81,100.0,72.03,79.11,61.84,Moderate
3,7.63,75.13,66.61,73.66,56.35,Moderate
7,7.17,89.23,68.97,82.46,59.37,Moderate
1,6.57,84.62,64.3,76.29,54.84,High
6,8.56,86.82,83.43,85.45,72.49,Low
7,6.88,80.73,68.06,72.13,56.07,Moderate
1,8.67,86.5,86.6,90.96,76.95,Low
2,7.96,91.18,80.78,86.38,76.42,Low
2,6.78,67.09,72.63,74.26,60.81,High
8,8.62,99.57,81.34,88.94,72.12,Low
2,7.71,92.28,80.72,88.34,75.27,Low
2,8.85,79.98,82.23,88.09,71.43,Low
6,7.72,80.18,78.63,86.99,70.38,Moderate
6,6.89,100.0,66.9,68.1,54.34,Moderate
7,6.77,99.29,78.11,84.25,70.76,Moderate
4,8.72,90.49,76.02,87.18,58.05,Low
5,7.25,85.59,74.83,79.76,61.98,Moderate
1,9.73,92.76,91.88,100.0,85.92,Low
2,5.35,60.97,51.65,59.81,40.98,High
1,6.96,90.8,61.16,69.42,59.36,Moderate
1,7.43,64.69,69.4,81.97,61.28,Moderate
2,8.44,98.47,76.57,85.09,71.04,Low
1,6.74,80.37,74.44,81.83,63.85,Moderate
1,8.59,78.85,71.19,73.29,56.44,Moderate
2,8.02,81.95,77.05,83.21,73.09,Low
3,4.96,80.09,73.34,87.82,69.57,High
6,7.79,75.86,84.52,92.86,78.9,Low
3,8.56,89.1,74.21,82.52,58.63,Low
7,8.21,74.46,85.21,89.89,72.88,Moderate
3,8.04,62.85,83.16,89.46,71.26,Moderate
3,9.31,91.19,82.87,90.27,79.75,Low
6,6.2,76.84,72.16,80.92,59.82,High
3,8.56,83.82,90.93,100.0,79.74,Low
8,6.75,74.38,63.28,68.49,58.69,Moderate
6,9.8,72.77,93.94,94.87,85.34,Low
7,6.42,84.26,77.19,81.96,65.58,Moderate
5,8.08,74.05,87.04,92.42,77.71,Low
8,7.64,80.64,79.79,90.58,68.98,Moderate
8,8.07,97.94,89.84,99.02,77.13,Low
2,5.46,91.82,52.48,55.02,42.23,High
7,6.19,96.25,66.34,76.58,50.72,Moderate
6,8.02,90.47,97.61,100.0,92.77,Low
7,7.16,68.61,66.72,82.03,55.02,High
6,7.02,65.63,73.21,82.38,68.55,Moderate
3,6.54,100.0,85.16,92.6,80.08,Moderate
6,9.19,69.67,79.34,83.77,73.39,Low
4,6.85,77.53,69.61,75.68,60.13,Moderate
3,9.09,100.0,83.54,100.0,71.85,Low
4,7.76,90.85,75.42,77.86,62.01,Low
3,7.59,87.12,81.72,93.93,65.64,Moderate
2,7.57,73.44,65.32,76.46,54.41,Moderate
2,9.07,100.0,93.67,100.0,83.71,Low
5,7.63,100.0,86.78,89.04,77.42,Low
6,9.05,98.65,87.05,96.56,85.83,Low
1,8.0,71.15,75.44,80.87,68.33,Moderate
5,8.74,72.09,93.61,97.75,86.62,Low
1,7.33,73.35,69.74,80.19,54.11,High
8,6.07,77.6,55.19,60.81,41.24,High
6,6.76,73.58,63.97,76.44,51.94,Moderate
3,7.6,79.68,74.48,83.97,65.43,Moderate
1,5.97,68.15,79.29,82.42,72.43,High
2,7.79,86.74,89.57,100.0,75.65,Low
2,7.15,80.16,64.91,68.63,56.41,Moderate
4,5.57,78.38,57.87,62.43,53.0,High
8,7.57,82.41,75.43,83.81,65.44,Moderate
5,5.08,80.01,67.49,71.08,59.61,High
4,9.02,86.69,81.47,90.71,75.83,Low
8,7.54,80.45,78.31,85.06,63.86,Moderate
3,5.35,68.97,53.88,65.64,38.42,High
1,8.71,80.1,98.0,100.0,93.46,Low
6,8.95,73.75,86.66,92.99,70.17,Low
2,7.63,95.42,85.93,96.37,79.12,Moderate
5,6.53,91.4,61.05,62.25,56.81,Moderate
7,7.9,100.0,70.95,75.0,65.85,Low
5,6.72,96.8,61.7,65.27,61.33,Moderate
8,6.88,75.24,56.2,65.19,46.27,High
2,9.29,100.0,87.62,95.78,81.28,Low
5,5.69,52.75,63.01,75.91,50.03,High
2,9.2,83.94,98.0,99.05,87.5,Low
5,7.81,80.98,83.33,90.43,74.08,Low
2,9.56,73.58,89.61,99.44,86.83,Low
6,7.65,66.08,69.97,85.27,53.43,High
5,6.38,82.23,66.3,72.34,55.79,High
6,8.21,92.67,91.01,98.76,80.8,Low
5,7.21,63.73,68.84,74.79,60.57,High
6,8.13,67.88,74.78,77.6,64.74,Moderate
6,9.6,100.0,84.09,95.37,73.88,Low
3,7.34,90.94,72.0,82.11,56.16,Moderate
6,6.29,72.83,60.36,72.85,50.6,High
3,8.62,81.17,79.77,90.01,74.79,Low
2,8.37,100.0,80.38,90.96,74.84,Low
6,7.79,91.2,84.53,93.41,76.24,Low
1,6.36,67.88,54.91,63.74,44.5,High
6,9.85,98.16,90.37,95.94,85.39,Low
2,6.79,84.89,57.87,61.86,47.27,High
2,7.35,96.52,76.02,78.77,66.81,Moderate
7,7.42,91.01,77.66,88.13,76.0,Low
8,6.55,80.16,72.01,85.82,66.35,Moderate
7,6.62,78.91,61.64,66.15,47.46,High
3,8.22,72.06,92.01,92.11,83.0,Moderate
8,6.51,50.0,65.73,75.08,57.24,High
5,7.15,60.37,55.54,61.09,30.2,High
1,9.46,100.0,94.89,100.0,85.99,Low
4,6.82,88.93,71.83,75.25,62.14,Moderate
6,8.42,99.18,81.76,93.71,67.34,Low
7,8.29,75.2,81.65,90.51,80.58,Low
5,5.97,77.52,59.47,71.95,52.68,High
8,7.14,96.93,78.44,84.88,71.48,Low
3,9.27,63.12,79.37,93.54,64.36,Moderate
7,7.07,92.34,91.46,96.41,81.86,Low
7,6.91,69.86,67.68,78.56,57.22,Moderate
8,10.0,100.0,85.78,93.57,73.41,Low
7,8.85,100.0,78.39,82.04,68.87,Low
1,7.4,77.56,83.61,94.12,68.55,Low
4,7.5,77.97,81.37,90.21,70.42,Moderate
1,8.71,100.0,91.39,93.61,76.56,Low
4,8.32,68.66,77.86,90.36,73.98,Moderate
5,7.23,69.75,65.45,69.91,53.3,High
1,6.18,85.98,79.96,87.97,74.5,Moderate
1,6.5,77.93,65.07,69.11,58.88,Moderate
6,8.31,91.78,98.0,100.0,94.93,Low
3,8.56,82.4,94.33,100.0,79.22,Low
7,8.94,100.0,95.11,100.0,84.69,Low
8,6.59,76.32,74.46,78.3,63.12,Moderate
4,8.43,87.58,95.29,100.0,86.14,Low
2,7.07,98.16,82.04,94.2,78.23,Moderate
8,7.47,76.39,79.27,87.27,73.47,Moderate
6,6.22,94.28,78.91,84.08,69.02,Moderate
8,7.32,80.03,72.73,74.4,64.08,Moderate
7,6.27,74.77,85.01,94.77,69.47,Moderate
6,5.09,85.75,58.3,66.26,46.16,High
3,8.89,81.68,82.47,91.38,80.74,Low
3,7.42,67.54,67.06,72.15,53.7,High
5,6.27,74.38,70.81,83.89,62.11,High
4,8.0,84.65,90.16,97.65,87.28,Low
6,8.45,83.77,82.59,92.06,65.46,Moderate
8,9.44,73.84,84.06,95.22,71.33,Low
7,7.65,89.38,90.0,91.23,80.36,Low
3,5.14,81.32,60.72,63.94,54.67,High
4,6.5,97.98,68.88,73.19,60.24,Moderate
2,5.94,50.0,67.49,77.31,56.79,High
6,5.83,64.44,63.7,71.03,58.68,High
6,4.74,60.19,55.05,60.06,47.23,High
2,7.49,80.08,64.01,72.66,56.46,Moderate
7,9.2,90.12,92.88,100.0,84.31,Low
7,5.46,67.86,64.38,78.09,51.88,High
3,7.5,81.94,85.18,90.44,81.9,Moderate
2,9.36,74.26,97.92,100.0,91.15,Low
6,8.58,69.56,86.66,93.42,76.56,Moderate
3,8.86,66.13,82.46,86.97,76.56,Moderate
2,6.88,68.44,70.13,70.69,58.24,Moderate
8,9.51,100.0,98.0,100.0,81.42,Low
7,7.99,100.0,74.94,84.56,64.92,Low
7,5.24,63.07,57.63,64.34,35.35,High
2,7.63,91.96,70.24,77.55,58.34,Moderate
7,8.78,79.93,77.48,84.72,66.6,Low
5,6.91,85.98,65.04,71.65,62.88,Moderate
3,7.47,84.56,72.77,80.88,60.94,Moderate
6,5.42,66.59,50.02,50.93,42.58,High
8,7.05,78.75,61.57,67.95,52.72,Moderate
3,7.28,83.35,78.68,88.48,63.53,Moderate
3,5.95,68.15,65.32,69.54,53.79,High
8,7.97,68.55,73.84,83.75,66.33,Moderate
4,7.75,60.58,73.5,83.3,65.3,Moderate
2,8.55,81.23,84.07,91.15,73.08,Low
1,8.89,90.68,85.13,96.29,79.2,Low
5,7.22,99.7,89.45,95.25,77.15,Low
5,7.42,65.69,70.39,83.99,65.57,High
2,7.23,68.59,59.96,66.27,52.41,Moderate
4,4.73,63.31,60.63,63.61,58.44,High
4,8.65,74.65,74.91,78.71,66.3,Low
7,6.91,85.84,67.81,84.48,53.81,Moderate
4,9.42,95.34,91.89,100.0,85.38,Low
1,5.6,50.0,66.24,73.67,60.6,High
5,6.75,72.42,67.53,80.05,59.69,High
4,8.76,83.27,88.93,99.68,83.23,Low
7,8.2,87.47,83.38,88.95,76.2,Low
3,7.1,100.0,80.14,83.4,66.4,Low
3,8.24,88.35,76.65,90.9,72.28,Low
2,7.09,86.46,77.23,78.68,70.74,Low
8,10.0,98.83,98.0,100.0,88.53,Low
5,9.33,68.97,86.92,100.0,79.14,Moderate
7,6.41,94.4,64.82,77.2,61.35,Moderate
6,6.61,100.0,70.55,74.54,62.87,Moderate
2,8.13,74.73,81.15,85.7,72.7,Low
3,5.93,89.78,79.09,88.43,75.71,Moderate
6,8.36,67.92,89.57,100.0,77.06,Low
3,7.89,88.26,89.53,100.0,77.14,Low
1,9.38,100.0,91.69,98.15,78.64,Low
2,9.58,77.96,98.0,99.11,92.34,Low
1,9.11,100.0,98.0,100.0,91.96,Low
6,7.4,98.26,78.16,88.38,75.96,Moderate
6,5.32,83.47,67.44,78.21,56.74,Moderate
6,10.0,99.81,98.0,100.0,87.59,Low
4,7.78,78.55,84.22,89.74,72.88,Low
4,10.0,78.9,92.21,95.49,80.41,Low
6,5.37,58.18,59.61,68.25,58.72,High
7,5.24,69.12,67.26,70.45,57.81,High
5,7.28,95.58,73.34,82.02,57.48,Moderate
7,6.91,70.27,75.32,83.18,64.16,Moderate
1,9.55,86.92,92.58,100.0,84.19,Low
4,7.88,83.67,72.4,79.79,65.11,Low
2,9.13,70.62,92.75,100.0,80.19,Low
8,8.29,90.44,89.15,95.22,75.92,Low
8,8.17,83.77,80.53,86.04,73.83,Moderate
8,6.71,88.15,66.55,70.79,53.93,Moderate
2,10.0,91.43,98.0,100.0,86.55,Low
7,6.75,63.58,70.43,78.17,58.22,Moderate
5,6.76,54.28,70.75,87.76,63.6,High
7,9.43,98.91,88.85,96.58,78.96,Low
6,8.35,87.01,83.88,90.05,78.49,Low
2,8.79,95.97,98.0,100.0,95.0,Low
7,6.79,64.99,69.33,73.33,61.75,Moderate
4,9.4,79.16,96.99,100.0,86.99,Low
7,7.41,74.93,69.2,78.15,62.32,Moderate
3,7.81,98.09,84.2,86.64,66.57,Low
2,7.68,99.67,86.1,92.16,80.14,Low
6,10.0,92.33,96.18,100.0,90.24,Low
5,7.95,50.0,80.6,89.66,71.7,Moderate
6,7.68,78.39,75.47,83.51,75.08,Moderate
3,5.21,60.77,60.71,70.86,50.27,High
6,7.17,91.33,68.64,71.61,66.67,Low
4,4.0,84.02,57.61,60.25,45.83,High
7,7.66,66.12,68.9,81.61,63.09,Moderate
6,6.31,74.27,74.85,77.4,61.63,High
4,8.37,83.37,79.79,88.07,65.01,Low
1,6.21,76.2,56.79,66.34,54.33,High
3,7.36,80.96,64.35,68.02,49.24,Moderate
1,9.04,87.46,85.39,96.91,77.25,Low
5,8.6,100.0,83.34,85.29,78.2,Low
3,9.16,100.0,91.53,100.0,82.66,Low
2,6.09,79.88,68.39,73.82,56.4,Moderate
3,9.07,91.3,92.69,97.27,85.34,Low
4,5.86,81.28,61.09,76.59,49.63,Moderate
5,7.83,79.51,83.42,85.48,73.64,Moderate
7,7.89,96.79,85.71,93.96,82.82,Low
4,8.52,74.78,73.46,79.61,59.53,Moderate
6,9.06,82.02,92.99,100.0,83.88,Low
4,7.68,77.82,71.64,80.6,61.19,Moderate
2,6.64,89.35,68.27,76.37,62.23,Moderate
5,7.87,74.32,78.39,85.32,76.31,Moderate
8,5.39,84.3,56.81,65.25,45.8,High
1,9.33,64.64,90.06,93.45,80.94,Low
5,7.4,92.76,76.95,80.91,64.68,Moderate
7,8.52,82.81,80.09,82.44,71.13,Low
6,7.68,72.77,73.73,77.78,70.91,Moderate
2,6.8,87.21,65.35,74.71,54.94,Moderate
6,8.61,72.67,77.26,88.94,68.99,Moderate
3,6.31,75.95,67.67,78.76,63.16,Moderate
6,8.44,100.0,81.69,83.73,72.81,Low
2,7.19,90.85,80.56,90.97,72.27,Low
5,8.64,67.72,86.37,95.7,80.8,Low
7,6.52,83.93,69.61,76.46,66.07,Moderate
8,9.89,82.27,88.81,90.94,79.41,Low
6,6.7,65.02,50.25,51.78,43.05,High
4,5.38,50.99,64.16,71.14,52.64,High
2,5.44,57.62,55.7,66.84,48.94,High
1,6.89,100.0,71.82,83.32,59.44,Moderate
4,6.18,62.82,58.66,64.34,56.06,High
2,7.85,98.31,76.06,82.32,72.19,Low
1,7.81,78.97,70.39,72.24,67.17,Moderate
5,8.62,69.75,78.69,88.13,64.28,Low
4,7.0,74.25,66.19,72.96,58.03,Moderate
5,7.85,83.95,80.65,90.14,70.97,Low
2,6.72,100.0,78.56,89.16,72.41,Low
1,6.85,80.99,66.19,68.82,54.19,Moderate
7,7.82,87.39,83.41,92.32,78.79,Low
5,6.07,74.89,49.53,50.56,37.72,High
6,7.06,94.02,84.81,92.85,73.34,Low
7,8.22,81.65,82.1,87.46,78.01,Low
5,9.06,100.0,90.87,98.9,84.68,Low
8,6.36,88.08,59.49,67.95,49.38,Moderate
4,8.14,84.93,81.15,83.78,70.57,Low
6,7.21,65.87,59.65,66.77,54.21,High
4,7.74,83.46,56.91,62.05,40.87,Moderate
8,6.21,61.99,63.85,70.91,61.1,High
1,8.11,84.53,70.68,75.7,56.98,Moderate
3,8.95,76.12,81.47,85.46,69.11,Low
1,8.29,93.28,82.05,88.86,66.16,Low
8,7.02,100.0,83.76,85.17,77.05,Low
2,7.85,100.0,88.41,100.0,80.2,Low
8,7.9,100.0,75.19,85.33,62.0,Low
4,5.65,81.61,47.61,52.23,44.09,High
2,6.71,82.42,77.7,83.7,77.21,High
2,9.16,80.38,94.31,99.95,89.88,Low
4,7.93,73.7,71.91,81.72,67.65,Moderate
3,5.65,80.21,75.02,85.37,63.52,High
7,7.93,66.77,87.01,90.92,79.69,Moderate
1,7.93,88.89,84.26,90.72,80.36,Moderate
8,6.29,73.1,70.11,81.45,58.36,Moderate
6,6.48,100.0,66.03,71.43,51.59,Moderate
7,7.22,87.59,73.43,83.5,60.0,Moderate
7,6.61,76.39,67.69,69.32,65.35,High
2,6.92,95.29,63.78,73.48,62.34,Moderate
1,10.0,100.0,97.51,100.0,91.92,Low
1,5.99,81.1,63.35,67.02,49.5,High
5,5.48,62.86,58.21,62.45,55.22,High
7,7.93,99.17,93.56,100.0,89.97,Low
6,4.53,92.82,62.43,72.24,47.97,High
3,7.96,82.93,71.43,83.98,56.91,Moderate
8,7.61,78.19,77.59,87.55,65.07,Moderate
5,4.72,76.46,57.61,73.09,52.28,High
4,7.54,84.98,76.68,77.69,64.94,Moderate
3,8.34,80.69,75.9,81.72,68.85,Low
1,4.14,71.51,43.31,58.32,35.86,High
4,6.28,85.18,68.83,75.83,60.84,Moderate
3,10.0,85.73,87.02,96.84,76.21,Low
6,10.0,94.57,87.06,100.0,83.14,Low
3,8.61,97.01,98.0,100.0,90.68,Low
4,7.7,79.93,64.59,72.63,60.95,Moderate
7,10.0,71.9,98.0,100.0,85.35,Low
2,8.34,92.24,80.73,89.32,73.37,Low
1,5.71,78.45,61.64,65.49,51.49,High
8,8.23,94.51,79.96,89.9,75.01,Low
6,7.1,61.15,61.31,61.91,49.46,High
3,7.01,100.0,86.52,100.0,81.72,Low
4,7.26,57.22,74.99,87.6,65.14,High
1,8.69,93.75,82.25,87.43,66.95,Low
8,8.97,88.29,89.63,98.85,83.4,Low
8,7.39,79.15,85.67,95.27,78.42,Moderate
5,8.3,91.25,88.26,99.25,82.96,Low
6,7.36,74.97,67.47,70.23,57.62,Moderate
2,9.53,84.62,97.89,100.0,81.86,Low
8,8.82,67.72,77.57,84.38,69.61,Moderate
3,8.96,77.19,82.38,88.64,69.54,Low
7,9.5,100.0,94.18,100.0,84.83,Low
3,7.51,93.23,68.14,73.03,55.4,Moderate
2,8.33,94.55,74.27,83.92,64.5,Moderate
8,9.05,86.7,89.3,97.62,85.11,Low
7,7.74,67.25,72.44,85.81,60.86,Moderate
8,7.53,87.83,68.05,80.0,61.42,Moderate
8,8.54,66.76,75.63,80.4,71.16,Low
8,4.28,75.64,52.31,56.3,48.44,High
2,6.67,90.87,86.7,94.07,76.63,Moderate
6,7.98,61.76,75.59,83.29,71.74,Moderate
5,9.24,100.0,98.0,100.0,88.19,Low
7,6.49,73.19,74.03,78.76,65.23,Moderate
4,5.88,78.08,53.21,58.1,47.92,High
6,8.98,100.0,89.98,91.84,85.33,Low
5,9.45,73.0,91.77,100.0,77.77,Low
5,5.42,62.65,48.12,56.88,40.82,High
8,7.29,80.98,74.26,80.85,70.12,Moderate
2,9.31,84.27,82.29,88.56,74.9,Low
5,7.79,73.99,63.83,71.57,46.24,Moderate
4,8.36,68.68,74.59,83.44,68.16,Moderate
7,7.68,81.99,79.38,91.06,70.7,Moderate
1,7.04,84.68,76.98,80.56,71.26,Moderate
1,5.64,77.77,68.89,79.39,57.19,High
2,10.0,93.46,98.0,100.0,88.82,Low
4,5.85,65.93,51.2,58.23,39.16,High
1,7.03,86.15,68.25,78.94,62.6,Moderate
1,5.97,50.62,58.29,61.4,53.44,High
4,8.79,88.94,75.22,81.36,71.82,Low
5,8.47,57.09,78.57,87.24,70.67,Moderate
4,5.96,51.7,53.25,69.69,42.57,High
7,6.96,83.66,56.05,56.27,40.21,High
5,8.32,70.55,78.15,89.8,74.15,Moderate
5,7.14,89.2,67.94,73.89,55.22,Moderate
8,7.54,76.86,83.82,99.51,73.6,Moderate
4,6.67,72.66,63.73,70.63,57.16,Moderate
3,7.44,80.48,78.01,84.24,67.89,Low
6,6.14,76.28,64.98,71.85,56.35,High
8,4.95,90.16,60.83,77.2,51.18,High
5,8.06,93.87,78.27,79.74,64.2,Low
3,8.06,89.66,81.12,93.9,72.11,Low
7,9.29,100.0,89.63,100.0,83.58,Low
2,9.32,100.0,93.05,99.94,83.01,Low
8,7.86,92.7,87.92,98.1,83.95,Low
8,6.61,83.51,70.2,77.31,64.33,Moderate
3,6.1,80.02,56.01,66.61,45.2,High
3,8.31,100.0,86.99,91.14,80.94,Low
3,8.9,91.6,79.91,84.5,77.75,Low
8,9.13,95.1,82.56,91.48,76.55,Low
3,8.21,97.06,87.31,100.0,81.86,Low
1,7.12,61.35,69.89,80.78,60.88,High
6,8.22,86.74,67.04,74.58,58.8,Moderate
2,9.19,77.83,77.36,90.36,66.08,Moderate
3,6.13,100.0,68.21,80.48,60.6,Moderate
7,7.73,69.95,79.54,87.37,78.38,Moderate
4,5.92,79.27,64.46,74.84,55.66,High
5,6.87,60.01,58.71,62.69,49.7,High
4,9.23,85.38,86.99,89.28,69.42,Low
5,6.47,65.33,66.62,68.12,65.7,High
5,8.34,51.8,80.4,81.43,66.03,Moderate
3,6.28,76.39,84.7,100.0,82.7,Moderate
2,7.8,96.86,71.42,78.25,63.27,Moderate
6,7.91,98.54,71.68,76.81,56.13,Low
7,6.35,80.63,70.96,81.5,61.52,Moderate
5,9.85,93.09,88.88,96.74,83.12,Low
5,6.36,77.07,61.92,63.76,46.97,High
1,6.2,62.6,61.38,71.06,54.63,High
5,6.29,67.43,66.7,76.48,50.5,High
2,6.91,80.32,71.38,76.9,62.53,Moderate
5,7.09,91.45,75.58,85.21,66.85,Low
7,7.1,71.13,65.63,71.39,58.71,Moderate
5,8.3,69.16,73.97,84.88,62.01,Moderate
2,7.92,73.92,79.18,88.13,72.16,Moderate
5,9.17,82.97,83.81,90.2,79.25,Low
3,9.31,83.84,80.49,91.69,71.4,Low
1,8.9,92.17,89.97,100.0,78.01,Low
1,8.25,63.8,85.56,95.5,71.38,Moderate
4,7.59,79.17,86.32,95.07,79.31,Low
2,7.96,98.02,84.41,100.0,78.92,Low
1,6.89,82.26,89.8,100.0,82.8,Moderate
6,9.76,100.0,86.25,87.38,80.8,Low
1,9.85,92.28,87.23,96.82,73.32,Low
6,5.76,72.48,57.33,69.78,46.7,High
1,6.48,92.03,56.61,61.23,47.95,Moderate
7,7.53,85.83,71.35,82.58,67.39,Moderate
5,7.32,64.65,63.74,71.96,57.94,Moderate
4,7.53,91.15,70.09,82.29,65.05,Moderate
1,7.31,75.29,70.37,72.76,66.76,Moderate
7,8.35,78.61,72.6,80.14,66.6,Moderate
8,8.26,87.99,69.31,79.07,65.3,Moderate
7,7.11,89.16,74.14,82.01,63.33,Moderate
8,7.59,100.0,72.58,83.69,65.7,Low
2,9.69,93.18,92.99,100.0,78.84,Low
2,7.49,93.48,83.97,91.88,72.63,Low
4,9.23,69.48,88.76,98.42,78.3,Low
7,8.29,72.36,69.31,76.89,64.75,Moderate
7,7.48,72.31,72.59,86.18,67.98,Moderate
8,8.16,96.9,82.96,95.29,71.91,Low
2,8.72,93.18,98.0,100.0,90.74,Low
5,8.65,64.22,83.28,86.62,75.23,Moderate
3,7.33,72.76,72.35,82.86,65.61,Moderate
3,7.32,90.47,75.73,78.57,69.19,Low
4,7.26,89.53,83.29,91.41,72.32,Moderate
5,7.27,87.52,70.46,80.69,63.6,Moderate
2,6.66,69.17,48.59,57.9,36.01,High
6,6.35,74.18,59.84,74.22,55.29,High
2,6.56,99.22,60.04,70.74,47.12,Moderate
2,6.96,95.65,82.35,93.53,71.29,Moderate
6,7.53,100.0,88.9,95.87,88.67,Low
5,8.39,88.7,80.53,93.6,75.61,Low
2,8.37,56.05,71.11,81.1,58.05,Moderate
1,8.2,90.03,78.35,88.61,71.21,Moderate
2,7.94,68.3,91.78,100.0,84.29,Low
3,9.12,100.0,98.0,100.0,94.86,Low
4,7.12,98.24,56.57,64.44,51.3,Moderate
3,6.8,75.33,70.18,78.66,67.26,Moderate
2,7.27,81.0,70.58,82.12,64.64,Moderate
1,8.22,56.57,75.57,84.79,63.59,Moderate
6,6.29,72.96,82.02,92.57,75.53,Moderate
5,6.96,92.28,71.85,77.52,62.01,Moderate
8,7.17,89.12,74.33,84.16,71.07,Moderate
1,6.34,83.5,66.96,75.2,55.18,Moderate
7,8.25,61.14,68.35,74.99,56.06,Moderate
5,7.71,69.69,69.44,79.36,61.29,Moderate
6,8.5,60.92,66.12,75.48,56.21,Moderate
8,9.95,87.22,81.43,90.47,67.24,Low
6,8.53,100.0,82.56,90.96,73.67,Low
1,8.69,87.34,85.85,96.08,74.44,Low
3,7.6,83.12,62.61,77.21,55.9,Moderate
2,7.82,93.19,66.74,66.94,57.81,Moderate
8,6.86,92.7,88.23,89.39,83.81,Low
5,7.45,88.32,88.29,96.33,81.74,Moderate
5,7.73,74.08,70.97,76.53,63.26,Moderate
2,7.38,76.74,88.29,98.45,84.08,Low
8,8.53,63.67,82.16,94.41,81.61,Moderate
7,7.62,87.26,64.88,67.01,58.28,Moderate
2,5.7,69.44,69.43,80.79,56.76,High
6,7.33,79.17,92.0,98.0,82.9,Low
7,5.65,71.91,51.1,65.88,45.61,High
4,8.39,82.79,75.06,86.48,67.97,Low
6,7.27,66.77,70.59,84.56,61.4,Moderate
3,7.38,95.73,63.42,70.43,60.23,Moderate
4,7.57,73.55,77.97,82.59,67.64,Moderate
3,8.07,64.82,68.42,73.93,60.24,Moderate
3,7.42,100.0,84.92,90.35,71.0,Low
2,8.72,100.0,88.81,90.52,73.58,Low
8,8.13,76.08,87.71,100.0,77.8,Low
1,7.21,74.2,60.19,61.57,50.8,High
1,7.41,97.93,85.29,100.0,78.89,Low
5,8.3,82.83,79.84,90.49,69.12,Moderate
1,5.94,83.16,60.16,70.68,45.28,High
7,7.97,90.53,86.56,92.27,77.41,Low
3,5.66,77.87,63.61,69.16,55.65,High
3,8.02,100.0,94.0,100.0,85.03,Low
3,6.38,81.07,75.83,83.77,64.9,Moderate
5,7.99,89.33,91.22,100.0,79.52,Low
7,5.7,93.82,71.32,76.53,64.26,Moderate
4,8.68,66.06,77.62,94.94,69.23,Moderate
3,8.01,88.65,93.53,99.46,91.33,Low
8,7.71,88.89,78.62,86.79,68.83,Low
5,10.0,100.0,98.0,100.0,88.6,Low
4,6.75,87.2,74.82,83.9,62.25,Moderate
8,9.02,99.93,97.47,100.0,88.09,Low
4,7.18,96.44,74.36,80.72,69.07,Moderate
2,6.53,82.85,65.36,68.6,58.96,Moderate
2,10.0,100.0,98.0,100.0,92.51,Low
7,6.7,75.35,63.94,68.1,53.67,High
2,6.86,65.53,64.45,70.11,57.12,High
6,8.36,90.7,83.79,95.63,72.28,Low
7,8.83,90.41,91.42,97.67,84.7,Low
3,7.77,76.56,76.83,87.73,68.82,Moderate
7,6.58,93.84,65.61,71.89,56.59,Moderate
7,8.51,55.57,82.52,89.77,74.88,Moderate
8,6.52,76.57,65.71,73.86,58.17,High
5,7.44,100.0,69.34,77.87,63.7,Low
3,7.96,71.16,83.22,95.43,73.05,Low
3,9.07,93.55,98.0,99.84,93.6,Low
5,8.82,98.87,88.5,91.47,86.88,Low
2,7.78,96.6,77.7,80.49,72.72,Low
8,5.17,59.1,62.46,67.28,49.23,High
8,10.0,85.57,89.56,99.67,77.38,Low
1,8.73,95.01,88.34,96.13,79.84,Low
3,6.75,76.38,62.22,74.4,47.98,High
7,6.0,75.45,75.76,78.44,73.57,Moderate
4,7.2,96.35,83.22,92.14,71.55,Low
1,7.22,71.14,68.61,76.05,63.86,Moderate
7,9.48,78.97,88.05,95.1,85.89,Low
1,7.6,97.89,81.22,93.15,71.2,Low
6,9.26,78.43,82.22,88.35,62.4,Low
6,10.0,71.34,86.71,93.81,77.7,Low
8,6.7,96.54,75.72,88.28,64.63,Moderate
8,7.15,80.6,71.03,73.78,61.72,Moderate
4,10.0,88.65,93.71,97.38,80.5,Low
7,7.98,81.87,70.12,75.87,61.87,Moderate
3,6.06,75.06,76.63,86.6,71.11,Moderate
3,8.22,54.12,72.1,76.95,61.48,High
3,7.46,95.79,65.75,72.71,56.65,Moderate
3,6.47,59.55,72.62,80.92,64.11,High
5,8.06,70.41,73.37,85.02,64.77,Moderate
1,6.91,84.74,59.54,68.31,57.37,High
2,5.87,85.36,57.86,66.1,52.33,High
7,6.05,78.41,68.28,79.15,56.35,Moderate
2,8.2,80.21,82.81,95.01,74.97,Low
5,5.58,65.74,58.97,63.61,52.88,High
3,9.13,72.93,90.39,94.71,80.27,Low
5,7.87,98.67,91.84,94.55,84.51,Low
6,6.94,78.11,67.09,70.93,59.7,Moderate
6,10.0,100.0,98.0,100.0,83.98,Low
6,6.9,50.0,68.67,71.54,63.98,High
6,7.63,83.61,77.44,96.64,69.19,Moderate
6,6.11,72.93,70.41,79.66,51.12,Moderate
4,7.75,68.24,74.8,81.0,68.01,Moderate
5,8.6,78.24,72.75,80.53,64.07,Moderate
1,9.59,100.0,91.61,100.0,80.81,Low
5,9.79,79.27,86.27,92.25,77.96,Low
6,7.55,91.59,84.31,86.13,70.7,Low
4,10.0,79.89,98.0,100.0,86.21,Low
4,6.78,85.38,72.17,86.9,69.8,Moderate
3,6.44,87.4,72.16,78.78,61.91,Moderate
5,5.9,86.63,51.81,59.16,38.89,High
6,7.23,95.02,84.03,86.09,76.01,Low
2,10.0,93.51,98.0,100.0,87.62,Low
8,5.93,79.13,71.01,78.54,57.97,Moderate
7,6.76,71.77,59.45,59.69,51.17,High
2,6.85,100.0,68.66,76.16,55.16,Moderate
2,8.43,85.94,89.83,98.08,76.68,Low
3,6.05,52.46,59.77,68.04,45.35,High
3,6.32,65.83,66.09,75.89,56.97,High
6,7.29,65.2,65.82,68.9,62.93,Moderate
6,5.94,81.2,69.85,81.52,62.94,Moderate
3,8.96,92.3,91.93,100.0,82.11,Low
2,8.6,100.0,90.49,100.0,83.92,Low
8,5.75,81.75,65.29,74.66,54.74,High
6,7.06,64.28,54.68,60.03,39.79,High
2,9.0,82.83,92.64,100.0,83.5,Low
1,6.3,90.41,59.32,65.84,53.29,High
3,8.99,100.0,98.0,100.0,94.1,Low
2,6.76,71.73,60.18,66.72,46.55,High
6,7.28,71.24,60.89,68.2,46.76,Moderate
6,5.91,87.21,74.76,78.99,71.81,Moderate
1,6.53,91.29,63.83,69.74,54.31,Moderate
7,8.03,83.77,81.97,89.75,66.36,Low
1,9.18,87.54,78.7,88.87,66.45,Low
6,7.73,100.0,78.79,87.8,67.44,Low
5,7.92,100.0,81.98,92.02,73.75,Low
3,6.91,80.65,90.62,95.94,85.57,Moderate
1,7.75,70.18,90.25,96.14,83.34,Moderate
4,8.49,76.61,83.63,90.41,76.45,Moderate
3,6.92,67.14,62.6,66.76,54.32,High
5,8.02,92.33,85.35,93.29,73.24,Low
2,8.35,88.85,90.72,95.11,88.92,Low
6,6.92,74.79,69.66,73.86,52.39,Moderate
8,5.65,60.26,41.87,54.17,34.2,High
4,7.11,91.82,71.73,84.09,67.13,Moderate
2,8.22,79.08,83.47,91.92,75.73,Low
2,6.58,73.57,61.29,74.46,55.32,High
3,8.74,83.88,86.62,91.4,70.64,Low
3,8.91,83.93,86.09,98.77,80.84,Low
1,5.79,59.31,35.48,42.13,28.51,High
7,10.0,87.26,87.6,89.47,75.88,Low
3,9.63,91.38,87.09,93.14,82.15,Low
1,7.91,77.81,80.15,85.6,69.44,Moderate
6,9.34,91.52,94.9,100.0,92.59,Low
2,8.63,84.9,85.65,98.21,78.13,Low
2,7.11,86.83,81.8,88.04,69.36,Moderate
2,6.01,80.5,40.94,53.07,38.31,High
3,7.08,84.92,82.74,84.08,70.58,Moderate
4,8.82,82.54,79.9,87.13,70.31,Low
2,6.42,66.63,74.68,80.83,68.24,High
1,8.66,94.41,78.86,85.1,71.42,Low
2,6.56,86.33,72.39,76.53,62.8,Moderate
8,5.35,53.74,53.65,54.08,49.97,High
6,7.76,68.86,73.49,85.07,70.18,Moderate
7,10.0,79.98,91.56,100.0,81.91,Low
1,8.03,89.48,91.77,98.83,79.29,Low
8,8.6,92.49,80.59,88.38,67.8,Low
3,7.06,76.83,64.48,79.01,55.0,Moderate
5,7.27,79.81,68.72,74.39,56.34,Moderate
4,8.64,77.35,88.77,90.0,82.48,Low
6,6.71,86.79,83.31,88.1,75.84,Moderate
2,7.01,100.0,84.5,94.9,72.71,Low
5,8.1,98.14,82.65,85.49,71.71,Low
7,9.68,100.0,84.65,92.88,79.55,Low
7,7.41,81.92,81.19,92.9,72.85,Moderate
8,7.06,94.92,70.57,76.57,61.88,Moderate
2,10.0,100.0,98.0,100.0,87.87,Low
4,7.36,92.16,76.45,85.33,68.68,Moderate
4,6.78,94.49,74.9,76.19,68.79,Moderate
7,7.32,78.97,71.02,76.79,63.12,Moderate
1,6.79,94.62,58.84,67.19,51.73,Moderate
2,6.3,76.58,71.65,78.93,59.59,Moderate
4,10.0,91.54,98.0,100.0,91.26,Low
7,7.74,73.18,83.07,87.49,72.3,Moderate
5,8.54,100.0,72.08,86.05,64.8,Low
8,7.85,90.68,93.25,98.75,85.65,Low
5,6.97,69.37,68.69,80.8,57.96,Moderate
4,8.84,83.43,79.34,85.22,73.73,Low
1,8.36,85.75,89.04,92.67,79.21,Low
7,6.82,60.01,71.47,79.55,59.42,High
3,7.34,91.37,73.97,85.57,59.75,Moderate
8,8.22,88.48,86.78,95.4,80.87,Low
2,10.0,85.04,98.0,100.0,87.95,Low
7,7.05,71.22,55.79,65.17,37.35,High
1,6.93,74.61,56.11,64.2,49.71,High
2,6.78,69.49,69.12,74.61,55.65,Moderate
5,9.12,82.63,88.85,100.0,82.04,Low
2,9.41,73.22,88.27,90.68,81.75,Low
7,8.01,85.66,79.56,89.82,68.15,Low
1,10.0,98.68,87.83,90.33,71.5,Low
2,7.24,83.5,86.26,97.55,82.49,Low
7,7.73,70.51,70.76,81.49,59.33,Moderate
1,7.34,73.56,67.27,75.88,62.63,Moderate
8,8.83,96.03,89.57,97.86,78.37,Low
1,7.25,76.28,70.15,72.28,56.82,Moderate
3,8.05,80.93,84.06,98.17,74.87,Moderate
8,6.84,69.33,88.13,99.18,86.21,Moderate
1,7.49,69.75,76.25,86.29,62.34,Moderate
2,8.01,92.84,92.98,100.0,84.79,Low
6,9.13,88.71,98.0,100.0,86.26,Low
2,7.03,98.14,61.27,68.06,50.87,Moderate
2,8.42,91.63,88.04,97.58,73.7,Low
6,9.31,73.9,85.86,100.0,81.21,Low
4,6.68,59.14,71.63,81.21,63.99,High
2,6.34,100.0,70.7,76.44,61.71,Moderate
2,9.31,100.0,88.94,91.87,83.71,Low
2,9.1,100.0,82.82,83.03,71.78,Low
1,7.74,86.58,75.81,82.33,65.09,Moderate
8,9.15,88.44,91.39,100.0,87.55,Low
8,8.92,94.9,79.81,88.84,61.67,Low
3,6.58,84.47,54.61,66.55,44.77,High
5,8.23,91.38,91.84,95.54,83.9,Low
6,9.6,85.74,84.64,95.6,77.16,Low
3,8.04,69.89,67.7,74.71,55.18,Moderate
2,6.21,68.31,60.99,72.54,55.92,High
5,8.51,100.0,79.18,85.04,60.72,Low
8,8.37,90.93,75.69,78.68,68.75,Moderate
1,7.38,77.39,59.47,70.56,46.11,High
2,4.66,91.77,47.4,50.96,45.04,High
4,6.66,83.97,66.94,74.9,56.11,Moderate
3,7.89,70.73,63.28,77.06,60.02,High
1,7.98,81.83,76.13,80.58,67.79,Moderate
7,7.29,50.0,59.37,67.76,49.66,High
8,7.71,72.04,87.75,100.0,79.48,Moderate
7,9.84,89.89,98.0,100.0,95.0,Low
2,6.53,76.58,63.69,70.66,53.41,Moderate
2,9.84,86.5,97.81,100.0,88.98,Low
6,6.04,76.23,68.43,73.78,60.2,High
8,7.58,79.84,83.11,98.26,69.25,Low
5,7.18,79.37,74.63,86.17,65.34,Moderate
1,7.48,100.0,92.57,98.47,80.59,Low
6,8.12,78.16,85.89,96.2,72.49,Moderate
7,8.53,94.32,82.47,85.92,76.22,Low
5,9.29,75.76,87.34,99.18,78.09,Low
6,7.66,86.59,69.89,80.55,60.11,Moderate
7,7.38,85.46,74.59,84.52,62.91,Moderate
4,7.23,100.0,76.79,80.58,63.07,Moderate
1,8.27,89.02,86.15,99.4,81.07,Low
5,7.89,100.0,95.98,100.0,88.42,Low
2,7.67,74.35,81.45,95.68,70.4,Moderate
8,9.03,100.0,91.79,97.54,76.16,Low
3,6.13,65.43,76.79,84.04,69.62,High
3,8.27,93.23,96.41,97.26,90.01,Low
8,8.42,85.97,80.4,85.2,76.13,Low
4,7.57,70.22,76.93,88.46,73.34,Moderate
7,7.0,91.34,83.73,88.66,82.12,Moderate
6,9.77,100.0,92.52,96.04,76.86,Low
3,6.34,67.18,58.19,69.78,50.85,High
5,5.94,97.26,67.54,71.58,53.91,Moderate
2,6.16,100.0,56.8,70.01,48.88,Moderate
4,7.51,59.09,71.68,81.72,59.07,Moderate
6,8.45,81.38,92.28,98.41,81.06,Low
8,6.48,76.99,62.97,76.87,51.42,High
1,9.9,100.0,95.46,100.0,90.7,Low
1,7.05,79.87,80.23,88.26,67.81,Moderate
3,8.17,83.94,81.5,90.55,69.21,Moderate
1,7.8,72.0,78.01,88.08,74.68,Moderate
2,9.76,88.78,97.66,100.0,84.62,Low
6,7.32,93.81,83.88,88.16,79.9,Low
1,7.6,84.81,79.48,88.7,75.56,Moderate
1,9.69,100.0,88.99,100.0,82.61,Low
3,6.65,71.52,77.97,87.5,71.87,Moderate
7,8.58,97.97,79.09,89.62,69.9,Low
8,6.12,87.82,56.84,65.52,44.88,High
7,7.94,75.24,77.51,82.05,70.77,Moderate
1,6.52,77.47,55.29,70.15,49.87,High
5,7.85,88.98,94.26,100.0,86.06,Low
6,7.32,72.45,79.14,91.66,64.92,Moderate
3,8.85,76.08,86.42,95.33,74.13,Low
8,7.08,79.45,69.51,80.45,67.86,Moderate
5,7.52,92.69,73.64,79.36,65.29,Moderate
2,5.14,81.36,62.75,77.07,50.13,High
2,9.98,94.74,93.21,100.0,85.93,Low
3,7.68,100.0,82.15,93.2,73.95,Low
6,7.78,88.31,76.01,80.69,73.05,Low
4,9.57,100.0,91.26,100.0,90.24,Low
3,7.21,100.0,85.63,89.11,80.6,Low
7,7.46,98.49,66.82,76.99,58.1,Moderate
3,5.24,78.03,60.46,72.32,54.86,High
7,6.91,83.01,80.69,90.97,73.3,Moderate
8,9.41,98.25,97.28,100.0,84.71,Low
8,7.92,81.36,78.48,81.99,68.61,Low
5,6.77,84.51,71.01,74.55,63.57,Moderate
2,8.45,85.04,79.89,88.76,75.32,Low
8,7.0,71.27,67.71,70.49,63.39,High
4,7.58,76.5,68.35,78.38,57.94,Moderate
2,6.21,100.0,74.81,84.37,58.87,Moderate
1,8.22,87.18,77.45,85.61,73.94,Moderate
4,5.85,72.51,61.5,71.55,51.49,High
1,6.26,70.75,71.44,85.5,59.17,High
3,6.35,78.67,65.17,77.42,56.76,High
6,7.14,96.59,75.17,80.1,72.81,Moderate
1,8.5,75.32,77.79,80.88,70.45,Moderate
4,5.51,82.23,53.9,55.73,50.6,High
4,7.33,59.44,72.37,80.44,63.41,Moderate
4,7.95,66.68,61.04,72.44,56.04,High
5,8.2,91.45,85.76,92.54,68.49,Low
3,6.08,82.82,58.95,67.39,57.23,High
7,5.5,97.08,73.29,80.78,68.06,Moderate
1,7.96,100.0,80.43,87.23,68.67,Low
5,10.0,88.62,89.93,98.96,82.2,Low
2,7.15,81.88,69.62,75.87,60.71,Moderate
3,7.61,69.8,70.54,81.77,55.36,Moderate
5,8.15,75.24,75.6,77.23,70.43,Moderate
3,6.53,81.4,66.32,73.46,58.21,High
1,9.31,89.67,90.86,91.88,83.02,Low
6,9.66,97.75,93.99,100.0,88.85,Low
8,8.39,87.95,83.73,90.77,71.48,Low
7,6.22,79.64,57.01,64.1,51.31,High
1,9.27,86.17,93.45,100.0,84.13,Low
6,7.24,77.24,67.35,70.34,66.54,Moderate
4,6.18,64.01,55.71,65.43,43.12,High
2,5.85,88.69,68.87,72.56,62.44,Moderate
4,8.8,82.17,75.75,85.93,60.84,Low
5,5.32,67.4,60.1,67.07,45.34,High
5,9.46,86.26,98.0,100.0,89.35,Low
7,8.06,89.72,83.34,93.44,76.23,Low
5,5.01,72.64,54.4,66.69,43.85,High
2,8.63,92.23,68.52,78.88,66.77,Moderate
7,9.01,80.31,74.78,78.33,66.89,Low
8,7.97,97.43,75.63,85.34,73.18,Low
4,9.67,80.42,91.92,100.0,80.9,Low
1,7.52,80.13,84.55,91.99,78.29,Moderate
3,10.0,87.75,91.47,92.59,88.01,Low
7,8.83,100.0,94.14,100.0,79.08,Low
4,7.46,87.57,73.21,80.7,64.64,Moderate
7,6.71,84.49,78.39,83.35,64.59,Moderate
1,7.92,100.0,80.7,87.26,72.0,Low
3,6.08,81.26,57.56,68.12,45.11,High
5,7.11,72.43,74.68,77.99,62.73,Moderate
5,9.49,82.15,86.12,95.38,75.52,Low
7,6.87,87.93,72.6,86.02,63.81,Moderate
4,9.11,78.78,82.6,86.29,75.96,Low
2,8.39,100.0,77.23,85.71,63.76,Low
6,7.46,80.6,73.86,85.86,61.43,Moderate
1,9.64,100.0,98.0,100.0,84.89,Low
7,7.51,80.91,75.38,85.47,65.21,Moderate
6,7.22,64.59,71.54,80.01,57.46,Moderate
2,7.22,70.08,68.29,80.28,59.08,High
1,7.47,88.82,72.05,77.57,59.24,Moderate
4,7.19,59.39,59.54,76.84,49.1,High
5,6.37,81.51,63.34,70.22,56.98,High
6,7.29,87.05,62.54,68.86,46.53,Moderate
8,8.36,83.71,97.21,100.0,90.12,Low
3,8.71,85.47,81.44,82.22,73.71,Low
4,6.97,69.46,73.24,80.24,64.22,High
5,6.95,98.18,83.15,90.71,72.68,Low
1,7.7,78.44,81.41,87.36,71.71,Moderate
7,8.69,98.13,86.4,95.15,75.6,Low
3,8.7,91.79,80.2,88.05,69.75,Low
7,7.47,77.77,74.34,81.35,60.56,Moderate
3,7.63,100.0,78.97,89.32,68.76,Low
3,9.04,96.58,86.86,94.9,80.36,Low
2,8.42,80.29,75.15,85.0,67.83,Moderate
1,7.16,78.21,76.52,86.96,66.78,Moderate
7,4.1,73.36,55.79,64.48,46.67,High
3,9.25,86.07,78.45,86.77,70.07,Low
6,8.16,87.44,82.08,89.64,68.48,Low
4,7.83,64.25,81.64,90.29,70.35,Moderate
2,6.87,92.4,64.49,72.67,49.41,Moderate
8,7.82,77.1,69.53,72.96,52.04,Moderate
3,6.58,73.27,62.16,74.2,58.01,Moderate
1,5.87,65.68,67.01,73.74,57.17,High
3,6.29,71.36,66.68,72.07,54.89,High
1,6.46,69.13,53.0,54.28,45.21,High
6,7.65,81.1,71.87,76.91,66.55,Moderate
1,7.04,100.0,77.3,84.66,73.17,Low
7,9.2,100.0,92.9,100.0,79.44,Low
4,7.05,55.03,68.51,71.95,64.65,High
1,6.77,66.57,50.53,60.35,40.54,High
3,7.42,71.73,70.18,77.85,57.46,Moderate
2,8.71,87.98,73.18,88.55,61.38,Low
3,9.85,99.34,97.87,100.0,87.98,Low
6,4.72,82.36,67.21,68.51,61.75,High
5,7.04,93.65,72.31,89.46,71.78,Low
5,8.78,75.25,82.6,87.91,67.35,Low
7,6.88,67.78,68.51,74.81,51.0,High
8,6.8,84.96,62.37,65.01,49.7,Moderate
1,8.39,83.75,80.49,87.44,67.09,Low
8,5.42,73.61,47.95,53.69,34.69,High
5,8.97,85.49,89.17,98.24,75.69,Low
1,5.64,62.03,62.47,73.62,55.86,High
3,9.64,95.59,86.78,94.37,83.98,Low
8,8.36,85.39,87.67,100.0,81.06,Low
7,5.53,71.39,68.11,71.28,54.48,High
4,8.74,100.0,85.05,97.2,82.14,Low
8,8.51,100.0,90.9,100.0,81.36,Low
3,6.7,77.72,74.86,86.5,66.59,Moderate
4,8.1,85.6,90.82,100.0,80.09,Low
5,10.0,95.48,88.79,93.06,77.73,Low
4,9.16,89.83,98.0,100.0,94.34,Low
7,5.0,79.22,71.87,77.81,65.62,High
5,8.11,93.61,91.86,96.7,87.29,Low
4,6.4,74.02,59.46,67.59,51.46,High
6,9.06,78.27,85.3,100.0,75.34,Low
7,6.88,95.82,68.52,82.69,54.38,Moderate
8,7.57,83.67,76.44,83.53,68.18,Moderate
3,8.61,80.67,85.6,99.84,81.89,Low
1,6.49,88.56,75.08,81.01,74.57,Moderate
6,7.87,73.67,75.91,88.02,67.9,Moderate
3,9.39,96.96,98.0,100.0,85.36,Low
1,7.12,84.0,65.44,76.28,59.52,Moderate
8,7.82,81.37,68.26,78.55,65.24,Moderate
3,8.51,89.64,82.11,90.42,76.54,Low
1,8.4,87.7,83.77,92.58,79.84,Low
8,8.39,94.01,96.68,100.0,83.77,Low
4,6.68,93.64,71.97,77.69,64.36,Moderate
7,7.87,87.24,89.54,90.96,82.75,Low
6,7.82,65.14,82.99,92.84,72.38,Moderate
2,6.02,72.26,68.34,72.58,55.32,High
5,7.62,91.39,89.83,98.32,86.08,Low
8,7.86,92.47,71.47,90.28,65.04,Moderate
7,6.47,92.55,80.08,85.09,79.9,Moderate
1,8.95,63.49,80.68,93.02,72.67,Moderate
2,8.11,98.88,80.2,89.71,69.32,Low
8,7.96,89.65,81.92,88.38,73.64,Low
7,8.11,75.85,98.0,100.0,86.66,Low
5,7.13,68.08,72.82,81.57,59.06,Moderate
4,8.44,98.68,79.78,80.03,75.72,Low
7,8.88,73.51,78.02,89.69,75.06,Moderate
2,6.58,84.59,69.95,78.05,58.63,Moderate
4,10.0,60.21,93.82,100.0,84.64,Low
1,8.82,69.59,92.86,100.0,84.88,Low
1,9.14,74.94,83.2,88.13,73.01,Low
5,6.57,72.32,72.49,78.39,59.38,High
4,9.86,95.75,98.0,100.0,91.45,Low
5,8.01,90.77,63.42,73.32,52.51,Moderate
7,8.1,81.74,77.69,83.73,73.1,Moderate
7,8.73,80.43,84.03,95.57,77.15,Low
6,9.32,81.15,90.55,93.43,77.15,Low
7,5.92,88.93,56.86,71.76,49.05,High
8,7.19,80.01,79.39,83.66,68.51,Moderate
5,9.02,88.49,88.59,93.49,78.68,Low
6,8.9,98.41,86.14,86.92,81.04,Low
4,8.14,82.14,71.91,75.84,65.98,Moderate
5,5.94,83.0,48.83,54.65,32.15,High
3,4.95,64.8,52.09,61.61,42.58,High
2,9.1,80.8,81.32,92.94,71.36,Low
5,9.37,79.17,90.98,100.0,89.61,Low
6,8.53,89.66,78.12,86.45,69.92,Low
5,7.34,80.91,73.57,83.62,65.99,Moderate
6,8.11,84.53,94.85,100.0,85.89,Low
4,6.66,95.79,72.8,81.61,57.4,Moderate
2,6.7,56.2,73.85,75.79,61.45,High
1,6.11,89.73,61.43,68.37,53.79,High
7,9.81,70.88,79.37,83.36,68.29,Low
2,9.55,94.14,92.71,100.0,87.8,Low
6,7.19,62.7,72.76,74.88,61.84,Moderate
1,7.11,84.72,65.88,81.53,63.41,Moderate
6,6.64,81.75,74.27,76.93,69.88,Moderate
3,10.0,91.22,98.0,100.0,89.85,Low
3,10.0,89.63,92.27,99.6,86.03,Low
8,7.16,89.19,72.63,79.53,63.83,Moderate
2,7.93,81.95,80.35,91.58,66.54,Moderate
8,7.28,100.0,77.21,85.63,64.85,Moderate
4,9.32,85.6,86.81,100.0,83.48,Low
5,8.0,89.71,87.12,97.75,84.08,Low
6,7.7,92.05,63.45,66.44,61.33,Moderate
5,6.74,77.68,70.27,71.57,55.42,Moderate
8,6.42,100.0,84.42,98.4,78.03,Moderate
4,7.35,92.42,79.24,86.78,71.01,Low
2,7.03,85.73,77.23,88.77,64.06,Moderate
5,9.02,73.98,76.92,88.2,67.46,Moderate
4,7.14,73.47,71.07,79.63,63.28,Moderate
3,8.56,91.09,95.98,100.0,89.58,Low
4,7.52,100.0,76.21,80.46,71.94,Low
6,7.12,67.48,67.81,76.05,50.95,Moderate
4,9.94,100.0,98.0,100.0,91.41,Low
6,6.48,92.45,86.07,99.14,73.27,Low
6,8.11,98.46,81.71,89.08,75.58,Low
6,6.9,90.02,82.07,91.06,73.43,Moderate
1,6.41,77.14,61.77,67.89,55.11,Moderate
3,7.13,51.43,70.27,70.76,57.4,High
4,6.36,81.99,57.56,64.41,50.76,High
2,9.41,86.3,76.49,87.6,63.18,Low
8,6.41,72.09,77.13,83.44,64.78,Moderate
7,7.29,87.5,66.71,73.33,58.81,Moderate
2,7.07,66.69,65.93,81.97,53.06,High
6,9.65,100.0,83.58,95.55,72.22,Low
7,8.31,80.85,84.77,88.77,83.94,Low
6,8.8,85.42,89.75,93.88,81.75,Low
5,6.33,75.16,59.16,69.18,47.12,High
7,6.58,97.2,72.57,79.62,61.99,Moderate
2,8.23,86.85,88.67,92.24,73.95,Low
7,9.25,86.37,95.12,100.0,77.5,Low
6,10.0,100.0,98.0,100.0,82.9,Low
1,7.16,93.45,83.15,89.12,78.42,Low
6,8.53,98.84,89.8,98.01,85.2,Low
6,9.2,100.0,91.57,99.31,79.99,Low
6,7.84,56.72,63.46,65.25,53.32,High
1,9.6,91.7,92.36,100.0,82.08,Low
8,6.31,74.49,53.51,61.89,41.49,High
1,8.47,100.0,90.17,91.35,85.97,Low
3,5.8,84.85,63.54,69.73,49.39,Moderate
4,7.23,94.86,81.91,94.84,64.69,Low
5,7.29,63.62,71.34,81.41,62.76,High
8,7.41,94.42,84.79,90.64,76.77,Low
5,7.86,90.0,88.8,100.0,77.32,Low
6,9.6,78.48,88.74,98.27,78.1,Low
3,9.19,71.14,92.66,97.61,85.15,Low
4,8.06,100.0,93.25,100.0,86.72,Low
3,7.79,82.26,76.32,87.66,65.66,Moderate
4,7.63,74.5,83.73,94.64,73.62,Low
2,5.72,73.11,57.56,65.45,53.9,High
7,5.97,84.46,67.72,72.98,59.38,Moderate
4,8.44,83.1,70.44,73.88,62.06,Moderate
3,8.59,76.08,73.35,77.62,64.47,Moderate
2,8.65,95.14,76.94,82.31,68.91,Moderate
5,5.79,74.52,73.12,81.06,64.91,High
2,9.17,100.0,92.58,100.0,85.88,Low
7,6.24,70.94,82.13,91.8,68.78,Moderate
8,7.26,80.6,75.15,82.81,69.77,Moderate
5,9.32,76.4,92.72,94.0,84.55,Low
4,9.44,94.74,82.55,92.81,69.85,Low
4,10.0,76.45,98.0,100.0,86.81,Low
2,6.34,100.0,60.95,64.08,50.67,Moderate
2,8.43,58.07,81.66,87.6,78.32,Moderate
3,8.47,84.6,85.85,96.91,75.9,Low
2,6.3,100.0,72.8,80.53,67.25,Moderate
3,7.56,50.36,54.95,60.05,45.08,High
4,7.53,90.96,79.81,83.04,75.15,Low
4,7.21,80.95,94.3,99.84,88.21,Low
5,9.34,97.57,94.21,98.32,81.33,Low
6,9.22,100.0,77.63,82.93,66.15,Low
4,7.93,77.81,69.54,72.57,62.47,Moderate
2,7.38,83.94,82.82,89.88,75.73,Moderate
1,6.64,100.0,74.13,76.29,69.79,Moderate
3,8.53,80.24,74.96,84.9,60.37,Moderate
3,8.69,96.36,98.0,100.0,87.19,Low
7,6.86,91.77,76.81,90.62,67.51,Moderate
5,7.15,91.86,80.46,90.07,65.51,Moderate
8,8.3,87.11,83.57,86.88,71.3,Low
7,8.46,80.22,78.05,85.55,65.23,Moderate
8,8.54,61.51,69.76,74.96,68.55,Moderate
1,9.01,100.0,86.06,90.9,77.96,Low
7,8.79,82.34,79.01,83.81,74.42,Low
5,7.41,78.23,88.33,100.0,80.38,Moderate
5,7.04,61.2,93.83,98.99,87.24,Moderate
3,8.72,90.03,79.33,93.07,70.47,Low
3,8.23,83.39,73.11,76.99,68.3,Low
8,7.24,64.55,83.2,84.98,64.02,Moderate
6,9.06,91.75,92.51,100.0,81.78,Low
4,8.14,65.48,94.22,95.68,90.28,Low
6,6.5,77.82,64.73,68.71,61.32,Moderate
3,8.91,96.05,78.1,91.5,72.46,Low
2,8.67,65.28,79.16,93.32,74.27,Moderate
5,7.83,98.97,91.58,99.72,77.99,Low
1,7.11,100.0,76.52,84.11,71.2,Low
3,7.75,72.36,68.79,80.85,58.84,Moderate
8,7.8,83.63,90.3,100.0,79.28,Low
7,7.9,97.49,84.33,92.19,76.84,Low
6,6.55,81.02,64.17,71.54,51.72,High
3,8.27,100.0,88.72,91.32,80.02,Low
4,9.56,97.64,98.0,100.0,92.72,Low
6,6.94,50.0,65.67,75.64,58.56,High
2,6.13,74.77,61.68,66.54,50.11,High
3,8.38,94.23,80.93,90.21,71.79,Low
3,8.47,75.87,92.27,100.0,81.61,Low
6,6.86,93.37,76.79,83.49,62.88,Moderate
1,7.47,100.0,71.2,81.7,60.53,Moderate
4,9.3,82.95,90.79,100.0,78.72,Low
3,8.2,100.0,96.4,100.0,89.48,Low
7,6.65,96.22,80.85,88.26,70.27,Moderate
1,7.71,77.85,78.3,83.24,69.29,Moderate
3,8.18,87.46,77.3,84.83,69.93,Low
1,9.45,94.41,92.99,100.0,82.22,Low
5,8.25,72.06,82.18,87.87,76.8,Moderate
5,10.0,100.0,98.0,100.0,89.64,Low
3,7.37,100.0,93.93,100.0,81.43,Low
7,9.38,95.98,93.44,100.0,82.21,Low
4,7.5,73.32,73.59,79.32,67.17,Moderate
3,8.18,88.8,93.83,100.0,90.34,Low
4,5.23,83.87,46.05,56.79,36.23,High
2,6.08,72.1,69.88,73.27,59.57,Moderate
1,6.42,81.71,74.34,84.91,62.95,Moderate
7,6.99,85.38,92.44,100.0,83.33,Low
4,7.71,89.62,78.89,86.86,72.99,Low
3,8.12,74.26,79.34,93.11,68.45,Low
6,8.4,75.43,90.97,100.0,79.14,Low
4,7.57,71.53,71.58,86.43,60.87,Moderate
7,9.05,85.22,80.27,89.39,75.11,Low
3,7.55,74.78,77.22,86.97,69.35,Moderate
2,7.08,80.24,71.13,71.61,63.99,Moderate
5,8.66,91.03,76.46,83.49,68.88,Low
8,4.78,66.83,48.22,49.95,44.12,High
8,8.17,100.0,96.02,98.97,92.74,Low
3,10.0,87.9,98.0,100.0,89.01,Low
6,5.85,61.69,64.75,72.4,61.05,High
3,10.0,100.0,92.65,100.0,84.01,Low
3,8.19,100.0,96.35,100.0,79.14,Low
6,7.26,74.62,72.05,81.58,62.28,Moderate
6,8.95,77.01,81.82,87.9,74.43,Low
6,10.0,76.33,96.4,100.0,88.76,Low
2,9.26,77.31,79.07,87.8,67.52,Low
8,7.61,73.55,85.18,88.55,78.69,Moderate
5,7.69,68.53,74.06,87.58,69.15,Moderate
2,6.0,77.4,64.37,69.14,56.09,High
6,6.75,77.11,72.54,78.75,72.39,Moderate
3,7.18,61.49,69.07,77.61,58.53,High
4,10.0,82.71,93.75,100.0,86.73,Low
8,8.18,68.32,79.19,83.55,76.22,Low
3,4.11,68.59,47.04,57.13,43.54,High
1,4.55,84.63,63.74,70.81,57.8,High
1,9.19,86.5,92.03,100.0,80.32,Low
4,8.98,100.0,97.75,100.0,92.52,Low
4,8.38,84.47,87.62,94.71,82.85,Low
5,8.04,96.17,91.66,100.0,81.0,Low
4,5.8,81.64,63.59,73.32,52.82,High
1,10.0,100.0,93.42,97.62,89.59,Low
8,8.39,82.95,79.72,81.74,70.45,Low
2,10.0,100.0,98.0,100.0,90.62,Low
1,8.76,66.02,69.92,70.78,68.85,Moderate
2,9.43,100.0,93.99,100.0,75.65,Low
4,6.77,97.03,79.51,90.11,64.76,Moderate
8,7.4,75.19,80.09,91.42,71.12,Moderate
7,6.97,70.32,87.14,94.52,75.48,Moderate
7,7.78,53.49,65.86,72.08,57.35,Moderate
1,7.13,85.12,70.97,76.3,69.56,Moderate
6,7.19,94.6,79.51,89.0,70.0,Moderate
7,8.3,74.43,96.54,100.0,85.81,Low
3,6.58,100.0,70.0,75.79,61.49,Moderate
6,8.31,81.5,86.7,89.34,77.96,Low
2,8.64,60.99,78.87,90.71,71.58,Moderate
3,8.01,93.79,82.77,85.81,75.24,Low
3,8.41,68.75,69.51,78.61,65.92,Moderate
7,6.16,71.92,67.51,79.48,61.91,High
2,9.09,98.32,93.54,100.0,76.95,Low
3,8.02,97.61,91.12,98.08,85.93,Low
6,7.49,93.35,83.95,94.99,73.15,Low
1,6.02,53.28,55.91,70.67,52.87,High
1,7.21,94.27,75.69,89.06,72.82,Low
8,7.93,78.15,65.75,77.74,50.74,Moderate
1,8.22,84.62,85.53,88.61,75.0,Low
8,8.55,100.0,90.04,91.22,84.98,Low
6,8.29,95.57,74.13,81.09,65.28,Moderate
8,7.76,91.25,75.47,84.0,71.06,Moderate
2,9.31,100.0,93.77,100.0,89.18,Low
5,6.28,100.0,67.23,79.99,65.75,Low
4,5.67,71.01,71.23,75.7,70.63,High
5,9.04,61.43,77.03,86.28,71.07,Moderate
4,6.9,51.06,65.08,71.47,54.79,High
8,9.36,100.0,78.1,86.14,69.74,Low
6,6.86,66.16,61.39,71.59,54.04,High
6,7.53,72.84,57.48,62.89,50.32,Moderate
1,6.84,75.9,78.29,91.62,77.72,Moderate
8,8.76,77.78,78.31,85.0,70.55,Moderate
7,7.46,78.43,75.36,95.22,71.74,Low
5,9.24,100.0,86.21,91.32,75.51,Low
7,6.37,74.54,58.72,68.53,54.31,High
6,9.45,77.52,88.74,99.2,78.29,Low
5,9.95,100.0,98.0,100.0,91.82,Low
3,6.85,93.64,69.93,78.13,60.51,Moderate
3,7.75,71.1,85.03,87.02,81.11,Low
3,8.47,72.69,61.13,74.21,51.86,Moderate
1,7.11,97.14,79.79,87.01,73.76,Low
3,8.22,88.04,83.67,91.64,76.5,Low
2,5.88,60.44,59.08,68.0,52.98,High
6,8.66,94.48,83.57,93.72,75.53,Low
5,6.17,80.49,72.99,82.1,60.73,Moderate
7,7.03,85.18,78.96,89.28,67.54,Moderate
7,9.36,87.82,90.7,100.0,81.98,Low
5,5.47,55.9,55.5,58.34,48.8,High
2,7.29,50.0,60.37,61.31,51.2,High
3,6.35,81.9,70.59,78.2,61.77,Moderate
6,6.97,73.2,65.29,67.78,56.05,Moderate
1,8.38,96.45,88.72,89.49,78.77,Low
4,6.87,76.69,60.9,67.78,53.99,Moderate
7,8.04,86.36,86.76,97.83,80.22,Low
3,7.09,79.33,68.84,69.79,63.61,Moderate
2,8.45,96.94,89.24,100.0,77.76,Low
8,6.22,93.16,63.62,68.78,49.5,Moderate
6,5.6,50.0,61.4,75.76,46.3,High
5,8.08,83.5,84.04,90.7,76.73,Low
5,7.4,85.97,76.06,78.45,68.53,Moderate
7,8.02,74.31,76.26,94.06,64.05,Moderate
3,7.58,92.18,78.78,84.02,73.56,Low
2,7.08,74.68,86.56,95.84,77.41,Moderate
8,8.53,84.39,76.67,82.25,71.36,Low
5,8.03,78.68,88.21,94.45,75.13,Low
3,5.89,83.46,70.6,78.27,61.8,Moderate
3,9.38,80.85,70.37,72.35,64.85,Low
5,8.35,100.0,92.6,100.0,82.32,Low
5,7.69,69.22,75.3,88.56,67.63,Moderate
5,8.55,82.14,94.62,100.0,80.58,Low
3,7.49,60.15,74.25,80.18,64.9,Moderate
5,6.23,69.37,53.44,61.02,46.15,Moderate
2,7.34,73.6,76.11,81.3,74.86,Moderate
4,7.0,74.67,70.14,82.47,62.99,Moderate
6,9.21,96.34,86.63,91.03,73.32,Low
1,10.0,78.92,88.54,97.6,75.67,Low
8,7.54,80.7,65.84,71.75,59.78,Moderate
4,8.62,64.59,88.78,98.53,82.65,Moderate
3,8.01,100.0,86.13,86.99,78.21,Low
7,4.16,77.6,36.66,51.2,27.53,High
8,8.85,90.28,78.69,99.85,66.71,Low
8,7.4,92.51,71.39,76.3,63.28,Moderate
1,9.02,90.94,91.54,100.0,86.5,Low
2,9.11,71.65,89.14,92.3,78.22,Low
5,10.0,81.36,89.98,93.46,82.5,Low
5,7.3,77.68,79.62,93.43,73.67,Moderate
7,7.72,71.12,74.58,77.31,63.31,Moderate
3,9.73,100.0,97.32,100.0,87.18,Low
2,7.13,84.95,63.97,81.41,55.2,Moderate
5,4.76,50.0,52.24,55.01,38.7,High
8,10.0,100.0,98.0,100.0,89.41,Low
7,8.43,94.24,98.0,100.0,91.51,Low
1,6.79,66.26,60.91,73.15,47.86,High
4,7.74,75.45,81.25,83.71,72.01,Moderate
2,8.0,77.37,81.9,93.78,77.12,Low
4,9.85,90.45,96.49,100.0,85.59,Low
2,7.85,51.68,77.05,85.14,68.6,Moderate
6,8.63,100.0,98.0,100.0,89.25,Low
7,9.33,94.38,93.65,100.0,81.59,Low
6,9.37,82.9,79.03,88.27,70.37,Low
7,9.61,95.38,87.75,96.11,76.5,Low
6,8.67,83.2,83.9,94.92,73.68,Low
6,6.62,100.0,69.6,76.91,56.55,Moderate
8,6.87,80.97,62.07,62.53,56.5,Moderate
1,6.63,96.69,76.21,80.36,72.74,Low
5,6.62,76.9,79.93,85.36,68.32,Moderate
7,7.77,53.51,52.46,52.98,40.52,High
3,7.09,87.32,61.05,68.33,53.57,Moderate
8,7.93,75.52,68.08,78.11,61.54,Moderate
8,8.11,81.97,74.73,89.08,72.84,Moderate
4,8.87,75.79,91.86,97.12,87.23,Low
5,7.6,94.64,77.11,86.83,59.76,Low
2,6.93,83.27,78.89,87.62,66.4,Moderate
7,10.0,97.25,98.0,100.0,90.89,Low
2,8.19,89.72,91.91,100.0,90.11,Low
6,6.63,96.52,58.88,70.98,52.64,Moderate
8,6.93,100.0,83.4,87.62,72.4,Low
1,7.17,92.8,76.62,81.05,69.86,Moderate
3,8.66,97.68,86.36,93.66,77.56,Low
2,8.08,100.0,84.49,87.91,79.05,Low
2,6.47,68.64,52.3,58.91,33.91,High
2,8.56,99.73,92.43,100.0,85.74,Low
2,8.79,71.93,81.71,93.44,68.76,Moderate
4,7.83,100.0,89.44,98.55,86.48,Low
8,7.48,86.4,82.98,94.64,78.0,Low
6,7.62,95.34,76.15,87.89,74.04,Moderate
4,8.49,76.61,79.05,87.23,72.34,Low
3,7.68,87.34,78.54,87.75,75.32,Low
8,6.42,55.74,65.1,76.85,56.48,High
3,9.69,95.04,92.79,100.0,83.97,Low
4,9.26,100.0,87.31,91.45,74.34,Low
4,6.62,75.23,63.86,75.54,52.15,High
4,6.75,81.43,77.76,82.93,70.82,Moderate
2,5.17,85.15,53.21,55.76,41.21,High
2,8.99,82.19,89.7,94.37,81.74,Low
4,7.21,100.0,77.28,80.59,66.04,Low
6,7.6,100.0,71.81,77.89,66.55,Low
2,10.0,77.61,98.0,100.0,89.54,Low
6,8.07,91.57,73.35,82.93,60.02,Low
7,7.08,77.69,74.98,75.63,66.53,Moderate
5,7.33,72.18,74.23,77.61,67.64,Moderate
6,5.44,80.45,67.88,74.36,61.23,High
5,7.46,96.49,73.0,82.42,66.71,Moderate
6,7.63,70.6,78.74,90.56,73.58,Moderate
6,8.12,68.18,81.6,92.33,65.45,Moderate
5,7.88,65.87,76.53,85.59,65.51,Moderate
3,7.45,74.85,66.89,75.0,56.7,Moderate
3,7.3,92.83,85.86,97.93,76.18,Low
4,7.26,77.28,80.56,82.56,74.99,Moderate
4,7.43,67.03,52.02,66.23,49.52,High
2,6.31,65.33,60.18,66.99,55.83,High
4,7.37,67.29,62.06,68.59,46.28,High
6,6.1,73.67,68.55,77.77,61.94,High
7,7.62,75.65,72.61,85.18,63.47,Moderate
6,7.71,94.0,94.51,100.0,86.59,Low
3,7.29,70.0,64.6,80.71,61.04,Moderate
3,7.93,97.28,83.18,98.26,74.52,Low
5,8.19,73.17,62.99,65.36,55.53,Moderate
2,7.64,78.08,80.86,84.2,63.61,Moderate
3,8.18,93.6,83.13,92.99,75.11,Low
1,7.76,86.09,78.03,89.06,62.76,Moderate
7,7.67,100.0,71.49,72.28,57.18,Low
1,8.42,85.72,86.16,92.55,77.71,Low
8,7.35,100.0,90.29,97.35,78.77,Low
3,7.8,73.43,75.73,84.96,67.66,Moderate
2,8.08,66.02,76.82,84.56,71.62,Moderate
5,9.73,100.0,98.0,100.0,89.68,Low
8,7.01,92.42,65.95,74.08,44.41,Moderate
6,10.0,79.88,98.0,100.0,92.04,Low
7,5.47,76.11,59.5,63.12,51.95,High
2,9.8,76.68,87.92,97.29,79.75,Low
6,6.85,61.52,72.48,82.92,70.66,Moderate
1,7.53,89.06,88.85,90.44,72.66,Low
5,7.77,100.0,83.6,87.66,68.81,Low
2,7.44,68.26,70.64,77.01,64.15,Moderate
3,6.74,74.91,71.02,78.96,59.6,Moderate
6,6.23,72.68,72.05,78.73,61.0,High
5,8.37,81.26,74.37,89.04,69.08,Moderate
7,7.03,100.0,67.72,74.74,56.47,Moderate
6,8.47,100.0,80.75,90.11,71.17,Low
5,7.7,65.96,73.67,84.22,72.68,Moderate
6,8.76,92.01,98.0,100.0,84.9,Low
1,7.39,70.31,74.74,85.61,64.52,Moderate
3,7.06,55.89,85.36,97.25,78.88,Moderate
1,7.59,75.78,72.16,87.46,71.53,Moderate
3,6.16,77.69,72.54,77.11,66.34,Moderate
4,8.5,84.46,76.46,80.82,59.2,Low
3,6.26,51.46,49.93,57.55,41.58,High
4,7.04,59.66,66.32,83.61,56.91,High
3,6.85,73.87,71.48,85.48,69.09,Moderate
8,7.38,87.14,66.08,74.26,63.43,Moderate
7,8.09,85.72,78.93,88.07,68.22,Moderate
5,6.01,79.58,62.51,75.25,49.84,High
2,7.68,96.02,75.48,81.31,73.73,Moderate
1,7.84,77.5,72.32,77.77,62.69,Moderate
1,5.3,92.95,55.14,65.53,49.06,High
8,7.62,100.0,75.89,84.38,67.29,Low
5,9.5,86.93,79.4,88.69,68.48,Low
2,7.74,90.11,90.48,100.0,81.0,Low
2,8.57,81.71,75.91,80.88,69.9,Low
4,8.32,87.1,87.67,99.29,75.24,Low
6,9.12,100.0,93.33,100.0,85.15,Low
2,5.78,67.91,62.48,70.58,45.13,High
8,7.22,94.03,66.63,69.8,64.77,Moderate
3,7.72,86.66,76.41,84.92,66.02,Moderate
5,8.12,89.31,79.87,84.66,78.68,Moderate
4,5.71,71.69,70.7,79.65,59.98,High
5,9.28,86.15,89.0,100.0,79.79,Low
6,6.56,73.92,54.43,64.07,49.19,High
4,8.01,100.0,64.67,69.94,51.99,Moderate
3,7.75,74.08,76.21,82.97,66.38,Moderate
2,6.86,90.68,79.08,80.55,65.87,Moderate
1,7.04,96.82,68.18,79.22,59.54,Moderate
6,7.3,78.33,77.9,82.79,72.2,Moderate
8,8.64,92.54,98.0,100.0,87.77,Low
2,8.49,100.0,98.0,100.0,93.46,Low
8,9.12,81.58,84.49,93.98,81.55,Low
3,7.19,78.41,86.1,90.07,76.65,Low
